system_error_total with labels component="notification_service",technology="ses",severity="ERROR",event_type="authentication_failed" value 23 timestamp 1732502299000
system_error_total with labels component="file_storage_handler",technology="nfs",severity="ERROR",event_type="connection_timeout" value 41 timestamp 1732502299000
system_error_total with labels component="service_mesh",technology="linkerd",severity="ERROR",event_type="service_crash" value 11 timestamp 1732502299000
system_error_total with labels component="service_mesh",technology="envoy",severity="ERROR",event_type="null_pointer" value 47 timestamp 1732502299000
system_error_total with labels component="payment_processor",technology="stripe",severity="ERROR",event_type="payment_timeout" value 31 timestamp 1732502299000
system_error_total with labels component="cache_manager",technology="redis",severity="ERROR",event_type="data_corruption" value 19 timestamp 1732502299000
system_critical_total with labels component="service_mesh",technology="kuma",severity="CRITICAL",event_type="service_crash" value 4 timestamp 1732502299000
system_error_total with labels component="api_gateway",technology="nginx",severity="ERROR",event_type="connection_refused" value 83 timestamp 1732502299000
system_warning_total with labels component="session_manager",technology="jwt",severity="WARN",event_type="token_expiration" value 118 timestamp 1732502299000
system_critical_total with labels component="database_connection_pool",technology="mongodb",severity="CRITICAL",event_type="data_corruption" value 11 timestamp 1732502299000
system_info_total with labels component="file_storage_handler",technology="azure-blob",severity="INFO",event_type="blob_cleared" value 421 timestamp 1732502299000
system_error_total with labels component="cache_manager",technology="ehcache",severity="ERROR",event_type="heap_overflow" value 73 timestamp 1732502299000
system_critical_total with labels component="database_connection_pool",technology="mariadb",severity="CRITICAL",event_type="connection_timeout" value 9 timestamp 1732502299000
system_warning_total with labels component="api_gateway",technology="apache",severity="WARN",event_type="request_rate_limit_exceeded" value 187 timestamp 1732502299000
system_info_total with labels component="container_orchestrator",technology="docker-swarm",severity="INFO",event_type="node_rebooted" value 817 timestamp 1732502299000
system_error_total with labels component="notification_service",technology="sendgrid",severity="ERROR",event_type="api_key_expired" value 42 timestamp 1732502299000
system_critical_total with labels component="session_manager",technology="jwt",severity="CRITICAL",event_type="token_rejection" value 2 timestamp 1732502299000
system_info_total with labels component="metrics_collector",technology="prometheus",severity="INFO",event_type="scrape_interval_timeout" value 351 timestamp 1732502299000
system_error_total with labels component="logging_aggregator",technology="splunk",severity="ERROR",event_type="indexer_down" value 91 timestamp 1732502299000
system_warning_total with labels component="notification_service",technology="firebase",severity="WARN",event_type="cloud_integration_errors" value 118 timestamp 1732502299000
system_critical_total with labels component="search_indexer",technology="meilisearch",severity="CRITICAL",event_type="schema_mismatch" value 4 timestamp 1732502299000
system_critical_total with labels component="metrics_collector",technology="prometheus",severity="CRITICAL",event_type="store_query_timeout" value 3 timestamp 1732502299000
system_error_total with labels component="search_indexer",technology="opensearch",severity="ERROR",event_type="data_mapping_error" value 41 timestamp 1732502299000
system_info_total with labels component="cache_manager",technology="ehcache",severity="INFO",event_type="cache_eviction" value 234 timestamp 1732502299000
system_warning_total with labels component="message_queue_consumer",technology="aws-sqs",severity="WARN",event_type="message_delivery_delay" value 67 timestamp 1732502299000
system_critical_total with labels component="container_orchestrator",technology="ecs",severity="CRITICAL",event_type="task_execution_timeout" value 2 timestamp 1732502299000
system_error_total with labels component="authentication_service",technology="jwt",severity="ERROR",event_type="token_signatureVerificationFailed" value 17 timestamp 1732502299000
system_warning_total with labels component="logging_aggregator",technology="splunk",severity="WARN",event_type="index_search_timeout" value 119 timestamp 1732502299000
system_critical_total with labels component="message_queue_consumer",technology="azure-servicebus",severity="CRITICAL",event_type="message_dequeue_timeout" value 4 timestamp 1732502299000
system_error_total with labels component="session_manager",technology="redis",severity="ERROR",event_type="session_expiration_timeout" value 31 timestamp 1732502299000
system_info_total with labels component="container_orchestrator",technology="kubernetes",severity="INFO",event_type="pod_created" value 542 timestamp 1732502299000
system_critical_total with labels component="load_balancer",technology="azure-lb",severity="CRITICAL",event_type="backend_address_not_found" value 2 timestamp 1732502299000
system_error_total with labels component="message_queue_consumer",technology="azure-servicebus",severity="ERROR",event_type="message_encoding_failure" value 46 timestamp 1732502299000
system_warning_total with labels component="payment_processor",technology="stripe",severity="WARN",event_type="card_decline" value 118 timestamp 1732502299000
system_critical_total with labels component="search_indexer",technology="elasticsearch",severity="CRITICAL",event_type="indexing_timeout" value 4 timestamp 1732502299000
system_error_total with labels component="message_queue_consumer",technology="activemq",severity="ERROR",event_type="connection_timeout" value 31 timestamp 1732502299000
system_info_total with labels component="logging_aggregator",technology="datadog",severity="INFO",event_type="log_data ingestion_complete" value 512 timestamp 1732502299000
system_critical_total with labels component="container_orchestrator",technology="docker-swarm",severity="CRITICAL",event_type="container_restart_required" value 2 timestamp 1732502299000
system_error_total with labels component="authentication_service",technology="okta",severity="ERROR",event_type="invalid_token" value 41 timestamp 1732502299000
system_warning_total with labels component="container_orchestrator",technology="nomad",severity="WARN",event_type="task_retries_exceeded" value 119 timestamp 1732502299000
system_critical_total with labels component="cache_manager",technology="redis",severity="CRITICAL",event_type="data_loss" value 4 timestamp 1732502299000
system_error_total with labels component="load_balancer",technology="aws-elb",severity="ERROR",event_type="connection_reset" value 28 timestamp 1732502299000
system_info_total with labels component="metrics_collector",technology="prometheus",severity="INFO",event_type="scan_start" value 817 timestamp 1732502299000
system_critical_total with labels component="file_storage_handler",technology="s3",severity="CRITICAL",event_type="bucket_access_denied" value 2 timestamp 1732502299000
system_error_total with labels component="session_manager",technology="redis",severity="ERROR",event_type="session_timeout" value 46 timestamp 1732502299000
system_critical_total with labels component="database_connection_pool",technology="mysql",severity="CRITICAL",event_type="connection_timeout" value 6 timestamp 1732502299000
system_warning_total with labels component="logging_aggregator",technology="fluentd",severity="WARN",event_type="buffer_overflow" value 181 timestamp 1732502299000
system_error_total with labels component="authentication_service",technology="okta",severity="ERROR",event_type="invalid_credentials" value 91 timestamp 1732502299000
system_critical_total with labels component="payment_processor",technology="stripe",severity="CRITICAL",event_type="payment_declined" value 4 timestamp 1732502299000
system_info_total with labels component="file_storage_handler",technology="s3",severity="INFO",event_type="file_not_found" value 812 timestamp 1732502299000
system_critical_total with labels component="payment_processor",technology="braintree",severity="CRITICAL",event_type="payment_rejected" value 7 timestamp 1732502299000
system_error_total with labels component="service_mesh",technology="istio",severity="ERROR",event_type="service_not_found" value 43 timestamp 1732502299000
system_warning_total with labels component="cache_manager",technology="ehcache",severity="WARN",event_type="cache_expiration" value 189 timestamp 1732502299000
system_info_total with labels component="authentication_service",technology="oauth2",severity="INFO",event_type="token_validated" value 351 timestamp 1732502299000
system_error_total with labels component="authentication_service",technology="okta",severity="ERROR",event_type="credentials_expired" value 118 timestamp 1732502299000
system_critical_total with labels component="search_indexer",technology="meilisearch",severity="CRITICAL",event_type="index_not_found" value 2 timestamp 1732502299000
system_info_total with labels component="file_storage_handler",technology="s3",severity="INFO",event_type="bucket_not_found" value 542 timestamp 1732502299000
system_warning_total with labels component="container_orchestrator",technology="ecs",severity="WARN",event_type="container_not_started" value 187 timestamp 1732502299000
system_error_total with labels component="notification_service",technology="twilio",severity="ERROR",event_type="phone_number_invalid" value 73 timestamp 1732502299000
system_critical_total with labels component="message_queue_consumer",technology="azure-servicebus",severity="CRITICAL",event_type="message_not_consumed" value 4 timestamp 1732502299000
system_warning_total with labels component="message_queue_consumer",technology="rabbitmq",severity="WARN",event_type="exchange_not_bound" value 118 timestamp 1732502299000
system_critical_total with labels component="authentication_service",technology="jwt",severity="CRITICAL",event_type="jwt_token_expired" value 2 timestamp 1732502299000
system_error_total with labels component="payment_processor",technology="stripe",severity="ERROR",event_type="payment_method_invalid" value 46 timestamp 1732502299000
system_info_total with labels component="service_mesh",technology="linkerd",severity="INFO",event_type="proxy_version_updated" value 251 timestamp 1732502299000
system_critical_total with labels component="database_connection_pool",technology="mariadb",severity="CRITICAL",event_type="connection_timeout" value 7 timestamp 1732502299000
system_error_total with labels component="database_connection_pool",technology="mysql",severity="ERROR",event_type="query_timeout" value 14 timestamp 1732502299000
system_warning_total with labels component="metrics_collector",technology="prometheus",severity="WARN",event_type="scrape_interval_high" value 118 timestamp 1732502299000
system_info_total with labels component="api_gateway",technology="envoy",severity="INFO",event_type="route_rule_updated" value 351 timestamp 1732502299000
system_error_total with labels component="logging_aggregator",technology="datadog",severity="ERROR",event_type="log_level_filter_disabled" value 42 timestamp 1732502299000
system_critical_total with labels component="cache_manager",technology="redis",severity="CRITICAL",event_type="cache_expiration" value 2 timestamp 1732502299000
system_warning_total with labels component="load_balancer",technology="nginx",severity="WARN",event_type="idle_timeout_high" value 91 timestamp 1732502299000
system_critical_total with labels component="search_indexer",technology="solr",severity="CRITICAL",event_type="query_timeout" value 4 timestamp 1732502299000
system_error_total with labels component="load_balancer",technology="azure-lb",severity="ERROR",event_type="backend_address_not_found" value 19 timestamp 1732502299000
system_info_total with labels component="authentication_service",technology="keycloak",severity="INFO",event_type="user_credentials_reset" value 817 timestamp 1732502299000
system_critical_total with labels component="container_orchestrator",technology="nomad",severity="CRITICAL",event_type="task_removal" value 6 timestamp 1732502299000
system_warning_total with labels component="api_gateway",technology="traefik",severity="WARN",event_type="slow_route_request" value 118 timestamp 1732502299000
system_error_total with labels component="container_orchestrator",technology="kubernetes",severity="ERROR",event_type="pod_networking_failure" value 22 timestamp 1732502299000
system_info_total with labels component="file_storage_handler",technology="nfs",severity="INFO",event_type="file_system_unmount" value 942 timestamp 1732502299000
system_critical_total with labels component="payment_processor",technology="square",severity="CRITICAL",event_type="payment_card_decline" value 4 timestamp 1732502299000
system_error_total with labels component="load_balancer",technology="azure-lb",severity="ERROR",event_type="rule_not_found" value 11 timestamp 1732502299000
system_warning_total with labels component="notification_service",technology="ses",severity="WARN",event_type="failed_email_send_attempt" value 187 timestamp 1732502299000
system_critical_total with labels component="load_balancer",technology="haproxy",severity="CRITICAL",event_type="connection_overflow" value 2 timestamp 1732502299000
system_info_total with labels component="file_storage_handler",technology="minio",severity="INFO",event_type="bucket_space_exceeded_threshold" value 817 timestamp 1732502299000
system_error_total with labels component="message_queue_consumer",technology="rabbitmq",severity="ERROR",event_type="consumer_reconnect failure" value 46 timestamp 1732502299000
system_critical_total with labels component="database_connection_pool",technology="postgres",severity="CRITICAL",event_type="connection_pool_exhausted" value 4 timestamp 1732502299000
system_warning_total with labels component="logging_aggregator",technology="loki",severity="WARN",event_type="index_retention_time_exceeded" value 141 timestamp 1732502299000
system_info_total with labels component="cache_manager",technology="hazelcast",severity="INFO",event_type="cache_eviction_threshold" value 942 timestamp 1732502299000
system_error_total with labels component="api_gateway",technology="nginx",severity="ERROR",event_type="request_rate_limit_exceeded" value 31 timestamp 1732502299000
system_critical_total with labels component="payment_processor",technology="paypal",severity="CRITICAL",event_type="transaction_authorization_failure" value 3 timestamp 1732502299000
system_critical_total with labels component="database_connection_pool",technology="oracle",severity="CRITICAL",event_type="connection Pool_timeout" value 2 timestamp 1732502299000
system_warning_total with labels component="search_indexer",technology="algolia",severity="WARN",event_type="indexing_index_size_exceeded" value 181 timestamp 1732502299000
system_critical_total with labels component="service_mesh",technology="linkerd",severity="CRITICAL",event_type="service_mesh_mesh_crash" value 4 timestamp 1732502299000
system_error_total with labels component="file_storage_handler",technology="nfs",severity="ERROR",event_type="file_storage_handler_file_permission_denied" value 46 timestamp 1732502299000
system_critical_total with labels component="database_connection_pool",technology="oracle",severity="CRITICAL",event_type="connection Pool_resource_limit_exceeded" value 1 timestamp 1732502299000
system_error_total with labels component="database_connection_pool",technology="mongodb",severity="ERROR",event_type="connection_pool_connection_timeout" value 31 timestamp 1732502299000
system_warning_total with labels component="file_storage_handler",technology="minio",severity="WARN",event_type="file_storage_handler_object_not_found" value 112 timestamp 1732502299000
system_info_total with labels component="payment_processor",technology="adyen",severity="INFO",event_type="payment_processor_payment_rejected" value 187 timestamp 1732502299000
system_critical_total with labels component="cache_manager",technology="hazelcast",severity="CRITICAL",event_type="cache_manager_cache_eviction" value 4 timestamp 1732502299000
system_error_total with labels component="message_queue_consumer",technology="aws-sqs",severity="ERROR",event_type="message_queue_consumer_requeue_message" value 43 timestamp 1732502299000
system_warning_total with labels component="cache_manager",technology="redis",severity="WARN",event_type="cache_manager_key_expiration" value 92 timestamp 1732502299000
system_info_total with labels component="metrics_collector",technology="grafana",severity="INFO",event_type="metrics_collector_data_flushed" value 812 timestamp 1732502299000
system_critical_total with labels component="load_balancer",technology="aws-elb",severity="CRITICAL",event_type="load_balancer_backend_connection_failure" value 2 timestamp 1732502299000
system_error_total with labels component="container_orchestrator",technology="nomad",severity="ERROR",event_type="container_orchestrator_pod_reaped" value 17 timestamp 1732502299000
system_critical_total with labels component="logging_aggregator",technology="elasticsearch",severity="CRITICAL",event_type="logging_aggregator_index_reach_threshold" value 4 timestamp 1732502299000
system_warning_total with labels component="api_gateway",technology="envoy",severity="WARN",event_type="api_gateway_route_match_timeout" value 118 timestamp 1732502299000
system_error_total with labels component="database_connection_pool",technology="mysql",severity="ERROR",event_type="database_connection_pool_connection_refused" value 29 timestamp 1732502299000
system_critical_total with labels component="payment_processor",technology="square",severity="CRITICAL",event_type="payment_processor_card_decline" value 8 timestamp 1732502299000
system_info_total with labels component="cache_manager",technology="ehcache",severity="INFO",event_type="cache_manager_region_eviction" value 542 timestamp 1732502299000
system_error_total with labels component="service_mesh",technology="istio",severity="ERROR",event_type="service_mesh_sidecar_crash" value 41 timestamp 1732502299000
system_critical_total with labels component="message_queue_consumer",technology="aws-sqs",severity="CRITICAL",event_type="message_queue_consumer_message_not_available" value 2 timestamp 1732502299000
system_warning_total with labels component="metrics_collector",technology="dynatrace",severity="WARN",event_type="metrics_collector_unrecognized_data_point" value 118 timestamp 1732502299000
system_warning_total with labels component="metrics_collector",technology="dynatrace",severity="WARN",event_type="metrics_collector_unsynced_data" value 187 timestamp 1732502299000
system_critical_total with labels component="service_mesh",technology="istio",severity="CRITICAL",event_type="service_mesh_sidecar_timeout" value 4 timestamp 1732502299000
system_error_total with labels component="database_connection_pool",technology="mariadb",severity="ERROR",event_type="database_connection_pool_unavailable" value 31 timestamp 1732502299000
system_info_total with labels component="load_balancer",technology="nginx",severity="INFO",event_type="load_balancer_request_successful" value 842 timestamp 1732502299000
system_error_total with labels component="session_manager",technology="jwt",severity="ERROR",event_type="session_manager_token_expired" value 41 timestamp 1732502299000
system_critical_total with labels component="authentication_service",technology="jwt",severity="CRITICAL",event_type="authentication_service_token_validation_failure" value 2 timestamp 1732502299000
system_warning_total with labels component="session_manager",technology="jwt",severity="WARN",event_type="session_manager_token_signature_mismatch" value 117 timestamp 1732502299000
system_info_total with labels component="authentication_service",technology="oauth2",severity="INFO",event_type="authentication_service_client_id_conflict" value 219 timestamp 1732502299000
system_error_total with labels component="load_balancer",technology="traefik",severity="ERROR",event_type="load_balancer_upstream_server_timeout" value 44 timestamp 1732502299000
system_critical_total with labels component="cache_manager",technology="ehcache",severity="CRITICAL",event_type="cache_manager_exponential_backoff_timeout" value 4 timestamp 1732502299000
system_error_total with labels component="load_balancer",technology="azure-lb",severity="ERROR",event_type="azure-lb_proximity_rules_not_found" value 31 timestamp 1732502299000
system_warning_total with labels component="service_mesh",technology="kuma",severity="WARN",event_type="kuma_inbound_route_not_found" value 157 timestamp 1732502299000
system_error_total with labels component="file_storage_handler",technology="minio",severity="ERROR",event_type="minio_bucket_cors_configuration_not_found" value 42 timestamp 1732502299000
system_info_total with labels component="notification_service",technology="sendgrid",severity="INFO",event_type="sendgrid_api_key_rotation" value 942 timestamp 1732502299000
system_critical_total with labels component="file_storage_handler",technology="minio",severity="CRITICAL",event_type="minio_bucket_storage_class_invalid" value 6 timestamp 1732502299000
system_critical_total with labels component="load_balancer",technology="azure-lb",severity="CRITICAL",event_type="azure-lb_proximity_rules_not_found" value 9 timestamp 1732502299000
system_error_total with labels component="service_mesh",technology="istio",severity="ERROR",event_type="istio_sidecar_network_policy_not_found" value 46 timestamp 1732502299000
system_warning_total with labels component="api_gateway",technology="apache",severity="WARN",event_type="apache_request_header_malformed" value 183 timestamp 1732502299000
system_info_total with labels component="notification_service",technology="sendgrid",severity="INFO",event_type="sendgrid_api_key_rotation" value 942 timestamp 1732502299000
system_error_total with labels component="metrics_collector",technology="dynatrace",severity="ERROR",event_type="dynatrace_agent_service_unavailable" value 31 timestamp 1732502299000
system_critical_total with labels component="cache_manager",technology="hazelcast",severity="CRITICAL",event_type="hazelcast_cluster_disconnected" value 8 timestamp 1732502299000
system_error_total with labels component="api_gateway",technology="traefik",severity="ERROR",event_type="traefik_service_config_invalid" value 13 timestamp 1732502299000
system_critical_total with labels component="notification_service",technology="ses",severity="CRITICAL",event_type="ses_api_request_rejected" value 4 timestamp 1732502299000
system_warning_total with labels component="load_balancer",technology="nginx",severity="WARN",event_type="nginx_config_invalid" value 118 timestamp 1732502299000
system_info_total with labels component="container_orchestrator",technology="ecs",severity="INFO",event_type="ecs_cluster_fulfilled" value 219 timestamp 1732502299000
system_error_total with labels component="payment_processor",technology="paypal",severity="ERROR",event_type="paypal_api_call_failed" value 31 timestamp 1732502299000
system_critical_total with labels component="notification_service",technology="firebase",severity="CRITICAL",event_type="firebase_api_request_timeout" value 2 timestamp 1732502299000
system_warning_total with labels component="notification_service",technology="ses",severity="WARN",event_type="ses_api_request_rejected" value 117 timestamp 1732502299000
system_critical_total with labels component="metrics_collector",technology="datadog",severity="CRITICAL",event_type="datadog_api_call_unreachable" value 4 timestamp 1732502299000
system_error_total with labels component="load_balancer",technology="haproxy",severity="ERROR",event_type="haproxy_config_load_failed" value 41 timestamp 1732502299000
system_critical_total with labels component="message_queue_consumer",technology="azure-servicebus",severity="CRITICAL",event_type="azure_servicebus_message_processing_timeout" value 6 timestamp 1732502299000
system_info_total with labels component="logging_aggregator",technology="loki",severity="INFO",event_type="loki_indexing_successful" value 817 timestamp 1732502299000
system_warning_total with labels component="service_mesh",technology="envoy",severity="WARN",event_type="envoy_proxy_initialization_failed" value 138 timestamp 1732502299000
system_error_total with labels component="container_orchestrator",technology="docker-swarm",severity="ERROR",event_type="docker_swarm_node_restart_failed" value 23 timestamp 1732502299000
system_critical_total with labels component="load_balancer",technology="nginx",severity="CRITICAL",event_type="nginx_configReloadFailed" value 9 timestamp 1732502299000
system_info_total with labels component="metrics_collector",technology="grafana",severity="INFO",event_type="grafana_dashboard_update_successful" value 942 timestamp 1732502299000
system_critical_total with labels component="api_gateway",technology="traefik",severity="CRITICAL",event_type="traefik_configReloadFailed" value 4 timestamp 1732502299000
system_error_total with labels component="notification_service",technology="sendgrid",severity="ERROR",event_type="sendgrid_api_key rotationFailed" value 17 timestamp 1732502299000
system_warning_total with labels component="search_indexer",technology="algolia",severity="WARN",event_type="algolia_index_maintenance_window_exceeded" value 187 timestamp 1732502299000
system_critical_total with labels component="notification_service",technology="firebase",severity="CRITICAL",event_type="firebase_token_generationFailed" value 2 timestamp 1732502299000
system_error_total with labels component="service_mesh",technology="linkerd",severity="ERROR",event_type="linkerd_proxy_configurationError" value 46 timestamp 1732502299000
system_info_total with labels component="payment_processor",technology="paypal",severity="INFO",event_type="paypal_payment_gateway_connected" value 943 timestamp 1732502299000
system_critical_total with labels component="search_indexer",technology="meilisearch",severity="CRITICAL",event_type="meilisearch_schema_indexingFailed" value 4 timestamp 1732502299000
system_warning_total with labels component="load_balancer",technology="azure-lb",severity="WARN",event_type="azure-lb_health_check_failed" value 189 timestamp 1732502299000
system_error_total with labels component="cache_manager",technology="hazelcast",severity="ERROR",event_type="hazelcast_cache_evictionTimeout" value 32 timestamp 1732502299000
system_critical_total with labels component="container_orchestrator",technology="docker-swarm",severity="CRITICAL",event_type="docker-swarm_node_discovered" value 2 timestamp 1732502299000
system_info_total with labels component="logging_aggregator",technology="loki",severity="INFO",event_type="loki_indexer_flushed" value 812 timestamp 1732502299000
system_error_total with labels component="container_orchestrator",technology="nomad",severity="ERROR",event_type="nomad_job_recovery_failed" value 14 timestamp 1732502299000
system_critical_total with labels component="service_mesh",technology="envoy",severity="CRITICAL",event_type="envoy_service_mesh_crash" value 1 timestamp 1732502299000
system_warning_total with labels component="api_gateway",technology="apache",severity="WARN",event_type="apache_error_log_overflow" value 118 timestamp 1732502299000
system_info_total with labels component="payment_processor",technology="paypal",severity="INFO",event_type="paypal_transaction_success" value 467 timestamp 1732502299000
system_error_total with labels component="service_mesh",technology="linkerd",severity="ERROR",event_type="linkerd_service_mesh_cert_error" value 22 timestamp 1732502299000
system_critical_total with labels component="logging_aggregator",technology="elasticsearch",severity="CRITICAL",event_type="elasticsearch_index_recovery_failed" value 3 timestamp 1732502299000
system_critical_total with labels component="session_manager",technology="hazelcast",severity="CRITICAL",event_type="hazelcast_cluster_recovery_failed" value 4 timestamp 1732502299000
system_error_total with labels component="session_manager",technology="redis",severity="ERROR",event_type="redis_connection_timeout" value 31 timestamp 1732502299000
system_warning_total with labels component="logging_aggregator",technology="fluentd",severity="WARN",event_type="fluentd_tailer_buffer_overflow" value 151 timestamp 1732502299000
system_info_total with labels component="cache_manager",technology="ehcache",severity="INFO",event_type="ehcache_cache_eviction_threshold_reached" value 421 timestamp 1732502299000
system_warning_total with labels component="file_storage_handler",technology="gcs",severity="WARN",event_type="gcs_bucket_lifecycle_threshold_not_met" value 118 timestamp 1732502299000
system_error_total with labels component="session_manager",technology="jwt",severity="ERROR",event_type="jwt_token_expiration" value 28 timestamp 1732502299000
system_critical_total with labels component="session_manager",technology="redis",severity="CRITICAL",event_type="redis_connection_timeout" value 2 timestamp 1732502299000
system_critical_total with labels component="search_indexer",technology="solr",severity="CRITICAL",event_type="solr_query_timeout" value 5 timestamp 1732502299000
system_error_total with labels component="authentication_service",technology="oauth2",severity="ERROR",event_type="oauth2_token_validation_error" value 46 timestamp 1732502299000
system_warning_total with labels component="service_mesh",technology="kuma",severity="WARN",event_type="kuma_service_mesh_unstable_route" value 191 timestamp 1732502299000
system_info_total with labels component="metrics_collector",technology="dynatrace",severity="INFO",event_type="dynatrace_metrics_collector_interval" value 317 timestamp 1732502299000
system_error_total with labels component="authentication_service",technology="keycloak",severity="ERROR",event_type="keycloak_user_not_found" value 14 timestamp 1732502299000
system_info_total with labels component="cache_manager",technology="redis",severity="INFO",event_type="redis_cache_eviction_policy" value 814 timestamp 1732502299000
system_critical_total with labels component="logging_aggregator",technology="elasticsearch",severity="CRITICAL",event_type="elasticsearch_index_corruption" value 2 timestamp 1732502299000
system_warning_total with labels component="logging_aggregator",technology="datadog",severity="WARN",event_type="datadog_log_collection_timeout" value 187 timestamp 1732502299000
system_error_total with labels component="session_manager",technology="infinispan",severity="ERROR",event_type="infinispan_cache_inconsistent_state" value 43 timestamp 1732502299000
system_critical_total with labels component="search_indexer",technology="meilisearch",severity="CRITICAL",event_type="meilisearch_index_data_corruption" value 5 timestamp 1732502299000
system_info_total with labels component="logging_aggregator",technology="loki",severity="INFO",event_type="loki_log_collection_success" value 351 timestamp 1732502299000
system_error_total with labels component="service_mesh",technology="linkerd",severity="ERROR",event_type="linkerd_proxy_out_of_memory" value 91 timestamp 1732502299000
system_critical_total with labels component="file_storage_handler",technology="azure-blob",severity="CRITICAL",event_type="azure_blob_unhandled_exception" value 11 timestamp 1732502299000
system_warning_total with labels component="message_queue_consumer",technology="aws-sqs",severity="WARN",event_type="aws_sqs_dead_letter_queue_overflow" value 118 timestamp 1732502299000
system_error_total with labels component="database_connection_pool",technology="mariadb",severity="ERROR",event_type="mariadb_connection_timeout" value 37 timestamp 1732502299000
system_critical_total with labels component="logging_aggregator",technology="datadog",severity="CRITICAL",event_type="datadog_log_processor Crash" value 4 timestamp 1732502299000
system_info_total with labels component="service_mesh",technology="envoy",severity="INFO",event_type="envoy_mesh_sidecar_statistics" value 942 timestamp 1732502299000
system_critical_total with labels component="message_queue_consumer",technology="azure-servicebus",severity="CRITICAL",event_type="azure_servicebus DeadLetterQueueOverflow" value 22 timestamp 1732502299000
system_error_total with labels component="notification_service",technology="smtp",severity="ERROR",event_type="smtp_connection_timeout" value 13 timestamp 1732502299000
system_warning_total with labels component="authentication_service",technology="okta",severity="WARN",event_type="okta_user_authentication_rejected" value 187 timestamp 1732502299000
system_critical_total with labels component="database_connection_pool",technology="postgresql",severity="CRITICAL",event_type="postgresql_connection_pool_reached_max_connections" value 1 timestamp 1732502299000
system_info_total with labels component="payment_processor",technology="stripe",severity="INFO",event_type="stripe_payment_processing_error" value 876 timestamp 1732502299000
system_error_total with labels component="cache_manager",technology="memcached",severity="ERROR",event_type="memcached_cache_not_found" value 32 timestamp 1732502299000
system_warning_total with labels component="search_indexer",technology="algolia",severity="WARN",event_type="algolia_search_indexing_error" value 139 timestamp 1732502299000
system_critical_total with labels component="load_balancer",technology="azure-lb",severity="CRITICAL",event_type="azure_lb_session_reset" value 4 timestamp 1732502299000
system_info_total with labels component="container_orchestrator",technology="ecs",severity="INFO",event_type="ecs_task_execution_error" value 421 timestamp 1732502299000
system_error_total with labels component="api_gateway",technology="traefik",severity="ERROR",event_type="traefik_route_not_found" value 46 timestamp 1732502299000
system_warning_total with labels component="load_balancer",technology="nginx",severity="WARN",event_type="nginx_connection_timeout" value 187 timestamp 1732502299000
system_info_total with labels component="metrics_collector",technology="grafana",severity="INFO",event_type="grafana_data_source_error" value 817 timestamp 1732502299000
system_critical_total with labels component="metrics_collector",technology="grafana",severity="CRITICAL",event_type="grafana_api_error" value 2 timestamp 1732502299000
system_error_total with labels component="authentication_service",technology="keycloak",severity="ERROR",event_type="keycloak_user_not_found" value 31 timestamp 1732502299000
system_critical_total with labels component="load_balancer",technology="nginx",severity="CRITICAL",event_type="nginx_server_crash" value 3 timestamp 1732502299000
system_warning_total with labels component="cache_manager",technology="ehcache",severity="WARN",event_type="ehcache_disk_full" value 118 timestamp 1732502299000
system_info_total with labels component="container_orchestrator",technology="aks",severity="INFO",event_type="aks_node_disconnected" value 421 timestamp 1732502299000
system_error_total with labels component="authentication_service",technology="jwt",severity="ERROR",event_type="jwt_token_expiration" value 11 timestamp 1732502299000
system_critical_total with labels component="logging_aggregator",technology="elasticsearch",severity="CRITICAL",event_type="elasticsearch_index_full" value 4 timestamp 1732502299000
system_error_total with labels component="load_balancer",technology="haproxy",severity="ERROR",event_type="haproxy_connection_refused" value 44 timestamp 1732502299000
system_critical_total with labels component="service_mesh",technology="kuma",severity="CRITICAL",event_type="kuma_service_disconnected" value 2 timestamp 1732502299000
system_warning_total with labels component="container_orchestrator",technology="ecs",severity="WARN",event_type="ecs_task_timeout" value 137 timestamp 1732502299000
system_info_total with labels component="logging_aggregator",technology="fluentd",severity="INFO",event_type="fluentd_log_index_size_threshold_exceeded" value 817 timestamp 1732502299000
system_error_total with labels component="file_storage_handler",technology="s3",severity="ERROR",event_type="s3_connection_timeout" value 31 timestamp 1732502299000
system_critical_total with labels component="authentication_service",technology="auth0",severity="CRITICAL",event_type="auth0_user_authentication_failure" value 4 timestamp 1732502299000
system_error_total with labels component="authentication_service",technology="oauth2",severity="ERROR",event_type="oauth2_authorization_code_expired" value 46 timestamp 1732502299000
system_critical_total with labels component="session_manager",technology="memcached",severity="CRITICAL",event_type="memcached_connection_timeout" value 2 timestamp 1732502299000
system_warning_total with labels component="api_gateway",technology="traefik",severity="WARN",event_type="traefik_inbound_route_max_body_size_exceeded" value 194 timestamp 1732502299000
system_info_total with labels component="database_connection_pool",technology="mysql",severity="INFO",event_type="mysql_connection_pool_reached_max_connections" value 812 timestamp 1732502299000
system_critical_total with labels component="cache_manager",technology="memcached",severity="CRITICAL",event_type="memcached_cache_expiration_timeout" value 9 timestamp 1732502299000
system_error_total with labels component="message_queue_consumer",technology="kafka",severity="ERROR",event_type="kafka_consumer_offset_out_of_order" value 39 timestamp 1732502299000
system_warning_total with labels component="cache_manager",technology="ehcache",severity="WARN",event_type="ehcache_memory_usage_exceeded_threshold" value 117 timestamp 1732502299000
system_info_total with labels component="message_queue_consumer",technology="kafka",severity="INFO",event_type="kafka_consumer_group_rebalanced" value 951 timestamp 1732502299000
system_critical_total with labels component="message_queue_consumer",technology="azure-servicebus",severity="CRITICAL",event_type="azure-servicebus_subscription_created" value 1 timestamp 1732502299000
system_error_total with labels component="message_queue_consumer",technology="aws-sqs",severity="ERROR",event_type="aws-sqs_queue_policy_denied" value 13 timestamp 1732502299000
system_warning_total with labels component="file_storage_handler",technology="gcs",severity="WARN",event_type="gcs_bucket_size_exceeded_threshold" value 67 timestamp 1732502299000
system_info_total with labels component="api_gateway",technology="nginx",severity="INFO",event_type="nginx_request_header_invalid" value 854 timestamp 1732502299000
system_critical_total with labels component="cache_manager",technology="hazelcast",severity="CRITICAL",event_type="hazelcast_cluster_connection_loss" value 4 timestamp 1732502299000
system_error_total with labels component="metrics_collector",technology="datadog",severity="ERROR",event_type="datadog_api_key_inconsistent" value 46 timestamp 1732502299000
system_critical_total with labels component="metrics_collector",technology="prometheus",severity="CRITICAL",event_type="prometheus_node_exporter_config_load_failure" value 9 timestamp 1732502299000
system_critical_total with labels component="database_connection_pool",technology="postgres",severity="CRITICAL",event_type="postgres_connection_pool_timeout_exceeded" value 1 timestamp 1732502299000
system_error_total with labels component="authentication_service",technology="oauth2",severity="ERROR",event_type="oauth2_token_expired" value 32 timestamp 1732502299000
system_warning_total with labels component="container_orchestrator",technology="aks",severity="WARN",event_type="aks_node_agent_restart_required" value 118 timestamp 1732502299000
system_error_total with labels component="authentication_service",technology="auth0",severity="ERROR",event_type="auth0_user_authentication_failed" value 48 timestamp 1732502299000
system_info_total with labels component="service_mesh",technology="kuma",severity="INFO",event_type="kuma_mesh_gateway_node restarted" value 421 timestamp 1732502299000
system_warning_total with labels component="message_queue_consumer",technology="aws-sqs",severity="WARN",event_type="aws-sqs_queue_max_message_size_exceeded" value 67 timestamp 1732502299000
system_critical_total with labels component="logging_aggregator",technology="fluentd",severity="CRITICAL",event_type="fluentd_buffer_overflow" value 2 timestamp 1732502299000
system_error_total with labels component="session_manager",technology="jwt",severity="ERROR",event_type="jwt_token_expiration" value 31 timestamp 1732502299000
system_info_total with labels component="search_indexer",technology="algolia",severity="INFO",event_type="algolia_index_not_indexed" value 219 timestamp 1732502299000
system_critical_total with labels component="logging_aggregator",technology="fluentd",severity="CRITICAL",event_type="fluentd_config_file_not_found" value 4 timestamp 1732502299000
system_error_total with labels component="file_storage_handler",technology="minio",severity="ERROR",event_type="minio_bucket_access_denied" value 44 timestamp 1732502299000
system_warning_total with labels component="api_gateway",technology="kong",severity="WARN",event_type="kong_plugin_configuration_error" value 117 timestamp 1732502299000
system_critical_total with labels component="search_indexer",technology="algolia",severity="CRITICAL",event_type="algolia_search_query_timeout" value 2 timestamp 1732502299000
system_info_total with labels component="notification_service",technology="firebase",severity="INFO",event_type="firebase CloudFunctions_invocation_timeout" value 982 timestamp 1732502299000
system_error_total with labels component="database_connection_pool",technology="postgres",severity="ERROR",event_type="postgres_connection_rejected" value 11 timestamp 1732502299000
system_critical_total with labels component="container_orchestrator",technology="ecs",severity="CRITICAL",event_type="ecs_container_rejected" value 4 timestamp 1732502299000
system_warning_total with labels component="database_connection_pool",technology="mongodb",severity="WARN",event_type="mongodb_connection_exceeded" value 188 timestamp 1732502299000
system_info_total with labels component="load_balancer",technology="azure-lb",severity="INFO",event_type="azure_lb_rules_configuration_error" value 847 timestamp 1732502299000
system_error_total with labels component="payment_processor",technology="paypal",severity="ERROR",event_type="paypal_payment_declined" value 46 timestamp 1732502299000
system_critical_total with labels component="database_connection_pool",technology="mysql",severity="CRITICAL",event_type="mysql_connection_timeout" value 3 timestamp 1732502299000
system_error_total with labels component="payment_processor",technology="square",severity="ERROR",event_type="square_payment_network_error" value 34 timestamp 1732502299000
system_info_total with labels component="metrics_collector",technology="newrelic",severity="INFO",event_type="newrelic_metrics_configuration_error" value 275 timestamp 1732502299000
system_critical_total with labels component="file_storage_handler",technology="gcs",severity="CRITICAL",event_type="gcs_storage_bucket_empty" value 2 timestamp 1732502299000
system_warning_total with labels component="logging_aggregator",technology="loki",severity="WARN",event_type="loki_index_size_exceeded" value 187 timestamp 1732502299000
system_error_total with labels component="session_manager",technology="redis",severity="ERROR",event_type="redis_connection_timeout" value 41 timestamp 1732502299000
system_info_total with labels component="logging_aggregator",technology="splunk",severity="INFO",event_type="splunk_index_search_error" value 421 timestamp 1732502299000
system_critical_total with labels component="payment_processor",technology="stripe",severity="CRITICAL",event_type="stripe_payment_rejection" value 1 timestamp 1732502299000
system_error_total with labels component="message_queue_consumer",technology="rabbitmq",severity="ERROR",event_type="rabbitmq_connection_timeout" value 37 timestamp 1732502299000
system_warning_total with labels component="load_balancer",technology="aws-elb",severity="WARN",event_type="aws-elb_backend_connection_timeout" value 189 timestamp 1732502299000
system_critical_total with labels component="notification_service",technology="firebase",severity="CRITICAL",event_type="firebase_api_key_usage_limit_exceeded" value 3 timestamp 1732502299000
system_info_total with labels component="database_connection_pool",technology="mysql",severity="INFO",event_type="mysql_connection_timeout" value 942 timestamp 1732502299000
system_error_total with labels component="file_storage_handler",technology="minio",severity="ERROR",event_type="minio_bucket_access_denied" value 71 timestamp 1732502299000
system_critical_total with labels component="service_mesh",technology="envoy",severity="CRITICAL",event_type="envoy_service_mesh_downstream_request_timeout" value 9 timestamp 1732502299000
system_warning_total with labels component="search_indexer",technology="opensearch",severity="WARN",event_type="opensearch_index_mismatch" value 118 timestamp 1732502299000
system_info_total with labels component="payment_processor",technology="square",severity="INFO",event_type="square_webhook_connection_timeout" value 817 timestamp 1732502299000
system_error_total with labels component="payment_processor",technology="braintree",severity="ERROR",event_type="braintree_payment_method_validation_failed" value 44 timestamp 1732502299000
system_critical_total with labels component="logging_aggregator",technology="elasticsearch",severity="CRITICAL",event_type="elasticsearch_index_retries_exceeded" value 11 timestamp 1732502299000
system_warning_total with labels component="session_manager",technology="jwt",severity="WARN",event_type="jwt_token_signature_verification_timeout" value 191 timestamp 1732502299000
system_critical_total with labels component="authentication_service",technology="okta",severity="CRITICAL",event_type="okta_token_validation_failed" value 7 timestamp 1732502299000
system_error_total with labels component="logging_aggregator",technology="elasticsearch",severity="ERROR",event_type="elasticsearch_query_timeout" value 73 timestamp 1732502299000
system_info_total with labels component="search_indexer",technology="opensearch",severity="INFO",event_type="opensearch_index_not_found" value 314 timestamp 1732502299000
system_critical_total with labels component="metrics_collector",technology="newrelic",severity="CRITICAL",event_type="newrelic_data_import_timeout" value 41 timestamp 1732502299000
system_error_total with labels component="authentication_service",technology="okta",severity="ERROR",event_type="okta_token_validation_failed" value 13 timestamp 1732502299000
system_critical_total with labels component="service_mesh",technology="envoy",severity="CRITICAL",event_type="envoy_service_connection_timeout" value 9 timestamp 1732502299000
system_warning_total with labels component="service_mesh",technology="envoy",severity="WARN",event_type="envoy_route_not_found" value 118 timestamp 1732502299000
system_info_total with labels component="container_orchestrator",technology="nomad",severity="INFO",event_type="nomad_job_disruption" value 817 timestamp 1732502299000
system_error_total with labels component="container_orchestrator",technology="ecs",severity="ERROR",event_type="ecs_task_execution_timeout" value 42 timestamp 1732502299000
system_critical_total with labels component="database_connection_pool",technology="mysql",severity="CRITICAL",event_type="mysql_connection_pool_deadlock" value 4 timestamp 1732502299000
system_info_total with labels component="search_indexer",technology="meilisearch",severity="INFO",event_type="meilisearch_indexing_failure" value 351 timestamp 1732502299000
system_warning_total with labels component="search_indexer",technology="solr",severity="WARN",event_type="solr_query_timeout" value 91 timestamp 1732502299000
system_critical_total with labels component="authentication_service",technology="auth0",severity="CRITICAL",event_type="auth0_session_expired" value 1 timestamp 1732502299000
system_error_total with labels component="api_gateway",technology="apache",severity="ERROR",event_type="apache_request_limit_exceeded" value 28 timestamp 1732502299000
system_info_total with labels component="message_queue_consumer",technology="kafka",severity="INFO",event_type="kafka_consumer_offset_out_of_order" value 219 timestamp 1732502299000
system_critical_total with labels component="database_connection_pool",technology="postgresql",severity="CRITICAL",event_type="postgresql_connection_timeout" value 2 timestamp 1732502299000
system_warning_total with labels component="cache_manager",technology="memcached",severity="WARN",event_type="memcached_expiration_exceeded" value 182 timestamp 1732502299000
system_error_total with labels component="payment_processor",technology="paypal",severity="ERROR",event_type="paypal_payment_refused" value 42 timestamp 1732502299000
system_info_total with labels component="logging_aggregator",technology="elasticsearch",severity="INFO",event_type="elasticsearch_index_size_exceeded" value 817 timestamp 1732502299000
system_critical_total with labels component="message_queue_consumer",technology="kafka",severity="CRITICAL",event_type="kafka_consumer_offset_uncommitted" value 5 timestamp 1732502299000
system_error_total with labels component="metrics_collector",technology="grafana",severity="ERROR",event_type="grafana DashBoard_query_time_exceeded" value 91 timestamp 1732502299000
system_warning_total with labels component="api_gateway",technology="envoy",severity="WARN",event_type="envoy_route_replacement_timeout" value 118 timestamp 1732502299000
system_critical_total with labels component="api_gateway",technology="kong",severity="CRITICAL",event_type="kong_service_not_found" value 2 timestamp 1732502299000
system_info_total with labels component="api_gateway",technology="apache",severity="INFO",event_type="apache_request_header_malformed" value 942 timestamp 1732502299000
system_error_total with labels component="metrics_collector",technology="dynatrace",severity="ERROR",event_type="dynatrace_agent_error_instrumentation" value 14 timestamp 1732502299000
system_critical_total with labels component="message_queue_consumer",technology="rabbitmq",severity="CRITICAL",event_type="rabbitmq_connection_refused" value 4 timestamp 1732502299000
system_warning_total with labels component="service_mesh",technology="envoy",severity="WARN",event_type="envoy_route_replacement_timeout" value 193 timestamp 1732502299000
system_info_total with labels component="session_manager",technology="jwt",severity="INFO",event_type="jwt_token_expiration" value 817 timestamp 1732502299000
system_error_total with labels component="api_gateway",technology="envoy",severity="ERROR",event_type="envoy_route_unreachable" value 46 timestamp 1732502299000
system_critical_total with labels component="authentication_service",technology="oauth2",severity="CRITICAL",event_type="oauth2_authorization_code_expired" value 2 timestamp 1732502299000
system_warning_total with labels component="load_balancer",technology="traefik",severity="WARN",event_type="traefik_route_healthy_check_timeout" value 118 timestamp 1732502299000
system_error_total with labels component="cache_manager",technology="redis",severity="ERROR",event_type="redis_connection_refused" value 28 timestamp 1732502299000
system_critical_total with labels component="payment_processor",technology="stripe",severity="CRITICAL",event_type="stripe_payment_card_declined" value 4 timestamp 1732502299000
system_info_total with labels component="cache_manager",technology="ehcache",severity="INFO",event_type="ehcache_cache_evicted" value 351 timestamp 1732502299000
system_warning_total with labels component="metrics_collector",technology="newrelic",severity="WARN",event_type="newrelic_metrics_collection_interval_exceeded" value 192 timestamp 1732502299000
system_critical_total with labels component="notification_service",technology="firebase",severity="CRITICAL",event_type="firebase CloudFunctions_invocation_timeout" value 2 timestamp 1732502299000
system_error_total with labels component="search_indexer",technology="opensearch",severity="ERROR",event_type="opensearch_index_write_conflict" value 49 timestamp 1732502299000
system_critical_total with labels component="container_orchestrator",technology="docker-swarm",severity="CRITICAL",event_type="docker-swarm_node_disconnected" value 1 timestamp 1732502299000
system_info_total with labels component="session_manager",technology="memcached",severity="INFO",event_type="memcached_connection_refused" value 421 timestamp 1732502299000
system_error_total with labels component="payment_processor",technology="adyen",severity="ERROR",event_type="adyen_payment_processing_failed" value 11 timestamp 1732502299000
system_warning_total with labels component="file_storage_handler",technology="s3",severity="WARN",event_type="s3_bucket_incomplete_object_upload" value 67 timestamp 1732502299000
system_critical_total with labels component="authentication_service",technology="oauth2",severity="CRITICAL",event_type="oauth2_token_revoked" value 4 timestamp 1732502299000
system_info_total with labels component="api_gateway",technology="traefik",severity="INFO",event_type="traefik_inbound_request_processing_time_exceeded" value 942 timestamp 1732502299000
system_error_total with labels component="cache_manager",technology="ehcache",severity="ERROR",event_type="ehcache_expired_item_not_found" value 34 timestamp 1732502299000
system_warning_total with labels component="api_gateway",technology="kong",severity="WARN",event_type="kong_rate_limit_exceeded" value 118 timestamp 1732502299000
system_critical_total with labels component="file_storage_handler",technology="s3",severity="CRITICAL",event_type="s3_bucket_incomplete_object_upload" value 2 timestamp 1732502299000
system_error_total with labels component="file_storage_handler",technology="s3",severity="ERROR",event_type="s3_bucket_access_denied" value 41 timestamp 1732502299000
system_info_total with labels component="service_mesh",technology="kuma",severity="INFO",event_type="kuma_sidecar_execution_time_exceeded" value 913 timestamp 1732502299000
system_critical_total with labels component="cache_manager",technology="ehcache",severity="CRITICAL",event_type="ehcache_memory_allocation_exceeded" value 4 timestamp 1732502299000
system_error_total with labels component="message_queue_consumer",technology="rabbitmq",severity="ERROR",event_type="rabbitmq_connection_reset" value 67 timestamp 1732502299000
system_warning_total with labels component="api_gateway",technology="envoy",severity="WARN",event_type="envoy_max_headers_exceeded" value 137 timestamp 1732502299000
system_critical_total with labels component="service_mesh",technology="envoy",severity="CRITICAL",event_type="envoy_service_instance_unavailable" value 2 timestamp 1732502299000
system_info_total with labels component="file_storage_handler",technology="minio",severity="INFO",event_type="minio_bucket_size_exceeded" value 819 timestamp 1732502299000
system_error_total with labels component="authentication_service",technology="jwt",severity="ERROR",event_type="jwt_token_expiration" value 46 timestamp 1732502299000
system_warning_total with labels component="search_indexer",technology="elasticsearch",severity="WARN",event_type="elasticsearch_index_size_exceeded" value 189 timestamp 1732502299000
system_critical_total with labels component="cache_manager",technology="hazelcast",severity="CRITICAL",event_type="hazelcast_cache_expiration" value 4 timestamp 1732502299000
system_info_total with labels component="payment_processor",technology="paypal",severity="INFO",event_type="paypal_transaction_status_failed" value 942 timestamp 1732502299000
system_error_total with labels component="message_queue_consumer",technology="azure-servicebus",severity="ERROR",event_type="azure_servicebus_message_queue_deadlock" value 118 timestamp 1732502299000
system_critical_total with labels component="search_indexer",technology="algolia",severity="CRITICAL",event_type="algolia_indexing_timeout" value 7 timestamp 1732502299000
system_warning_total with labels component="message_queue_consumer",technology="aws-sqs",severity="WARN",event_type="aws-sqs_message_queue_dequeuing_time_exceeded" value 193 timestamp 1732502299000
system_error_total with labels component="metrics_collector",technology="prometheus",severity="ERROR",event_type="prometheus_scrape_timeout" value 43 timestamp 1732502299000
system_critical_total with labels component="logging_aggregator",technology="datadog",severity="CRITICAL",event_type="datadog_log_collection_failure" value 2 timestamp 1732502299000
system_info_total with labels component="message_queue_consumer",technology="azure-servicebus",severity="INFO",event_type="azure_servicebus_message_queue_dequeue_success" value 517 timestamp 1732502299000
system_error_total with labels component="load_balancer",technology="haproxy",severity="ERROR",event_type="haproxy_backend_connection_timeout" value 31 timestamp 1732502299000
system_warning_total with labels component="session_manager",technology="redis",severity="WARN",event_type="redis_session_timeout" value 187 timestamp 1732502299000
system_critical_total with labels component="database_connection_pool",technology="postgres",severity="CRITICAL",event_type="postgres_connection_pool_timeout" value 4 timestamp 1732502299000
system_critical_total with labels component="logging_aggregator",technology="datadog",severity="CRITICAL",event_type="datadog_log_collection_failure" value 3 timestamp 1732502299000
system_info_total with labels component="logging_aggregator",technology="datadog",severity="INFO",event_type="datadog_log_collection_start" value 219 timestamp 1732502299000
system_critical_total with labels component="search_indexer",technology="solr",severity="CRITICAL",event_type="solr_search_query_timeout" value 5 timestamp 1732502299000
system_error_total with labels component="payment_processor",technology="stripe",severity="ERROR",event_type="stripe_payment_method_missing" value 31 timestamp 1732502299000
system_warning_total with labels component="metrics_collector",technology="grafana",severity="WARN",event_type="grafana_data_source_not_found" value 118 timestamp 1732502299000
system_critical_total with labels component="authentication_service",technology="oauth2",severity="CRITICAL",event_type="oauth2_access_token_expired" value 2 timestamp 1732502299000
system_error_total with labels component="api_gateway",technology="kong",severity="ERROR",event_type="kong_service_unavailable" value 42 timestamp 1732502299000
system_warning_total with labels component="service_mesh",technology="consul",severity="WARN",event_type="consul_service_not_available" value 187 timestamp 1732502299000
system_critical_total with labels component="message_queue_consumer",technology="activemq",severity="CRITICAL",event_type="activemq_connection_reset" value 4 timestamp 1732502299000
system_error_total with labels component="logging_aggregator",technology="elasticsearch",severity="ERROR",event_type="elasticsearch_index_not_created" value 31 timestamp 1732502299000
system_critical_total with labels component="payment_processor",technology="braintree",severity="CRITICAL",event_type="braintree_payment_declined" value 3 timestamp 1732502299000
system_info_total with labels component="cache_manager",technology="ehcache",severity="INFO",event_type="ehcache_eviction_policy_changed" value 951 timestamp 1732502299000
system_warning_total with labels component="logging_aggregator",technology="fluentd",severity="WARN",event_type="fluentd_config_not_found" value 138 timestamp 1732502299000
system_error_total with labels component="search_indexer",technology="opensearch",severity="ERROR",event_type="opensearch_index_not_created" value 46 timestamp 1732502299000
system_critical_total with labels component="message_queue_consumer",technology="aws-sqs",severity="CRITICAL",event_type="aws-sqs_queue_dead_letter_queue Created" value 2 timestamp 1732502299000
system_info_total with labels component="metrics_collector",technology="datadog",severity="INFO",event_type="datadog_api_key_missing" value 817 timestamp 1732502299000
system_warning_total with labels component="cache_manager",technology="redis",severity="WARN",event_type="redis_connection_timeout" value 184 timestamp 1732502299000
system_error_total with labels component="session_manager",technology="memcached",severity="ERROR",event_type="memcached_connection refused" value 31 timestamp 1732502299000
system_critical_total with labels component="search_indexer",technology="meilisearch",severity="CRITICAL",event_type="meilisearch_index_not_found" value 5 timestamp 1732502299000
system_info_total with labels component="notification_service",technology="ses",severity="INFO",event_type="ses_api_limit_exceeded" value 351 timestamp 1732502299000
system_critical_total with labels component="notification_service",technology="twilio",severity="CRITICAL",event_type="twilio_account_rate_limit_exceeded" value 4 timestamp 1732502299000
system_error_total with labels component="logging_aggregator",technology="datadog",severity="ERROR",event_type="datadog_api_connection_timeout" value 46 timestamp 1732502299000
system_warning_total with labels component="message_queue_consumer",technology="rabbitmq",severity="WARN",event_type="rabbitmq_exchange_dupe" value 119 timestamp 1732502299000
system_critical_total with labels component="payment_processor",technology="square",severity="CRITICAL",event_type="square_api_payment_processing_failure" value 7 timestamp 1732502299000
system_info_total with labels component="container_orchestrator",technology="nomad",severity="INFO",event_type="nomad_job_schedule_conflict" value 817 timestamp 1732502299000
system_error_total with labels component="notification_service",technology="sendgrid",severity="ERROR",event_type="sendgrid_api_email_bounce" value 28 timestamp 1732502299000
system_critical_total with labels component="container_orchestrator",technology="ecs",severity="CRITICAL",event_type="ecs_task_execution_timeout" value 3 timestamp 1732502299000
system_info_total with labels component="authentication_service",technology="keycloak",severity="INFO",event_type="keycloak_user_credentials_update_timeout" value 942 timestamp 1732502299000
system_warning_total with labels component="metrics_collector",technology="grafana",severity="WARN",event_type="grafanaDashboardQueryLimitExceeded" value 192 timestamp 1732502299000
system_error_total with labels component="authentication_service",technology="oauth2",severity="ERROR",event_type="oauth2_client_credentials_granted" value 41 timestamp 1732502299000
system_critical_total with labels component="metrics_collector",technology="dynatrace",severity="CRITICAL",event_type="dynatraceMonitoringQueryTimeout" value 4 timestamp 1732502299000
system_error_total with labels component="payment_processor",technology="stripe",severity="ERROR",event_type="stripePaymentMethodExpired" value 13 timestamp 1732502299000
system_critical_total with labels component="file_storage_handler",technology="gcs",severity="CRITICAL",event_type="gcsStorageBucketAccessDenied" value 2 timestamp 1732502299000
system_info_total with labels component="logging_aggregator",technology="loki",severity="INFO",event_type="lokiIndexRefreshSuccessful" value 812 timestamp 1732502299000
system_warning_total with labels component="message_queue_consumer",technology="kafka",severity="WARN",event_type="kafkaBrokerNotLeader" value 91 timestamp 1732502299000
system_error_total with labels component="search_indexer",technology="meilisearch",severity="ERROR",event_type="meilisearchSearchSchemaInvalid" value 35 timestamp 1732502299000
system_critical_total with labels component="cache_manager",technology="redis",severity="CRITICAL",event_type="redisKeyExpiryTimeOut" value 4 timestamp 1732502299000
system_info_total with labels component="notification_service",technology="twilio",severity="INFO",event_type="twilioVerificationCodeSentSuccessfully" value 947 timestamp 1732502299000
system_error_total with labels component="container_orchestrator",technology="ecs",severity="ERROR",event_type="ecsTaskDefinitionInvalid" value 41 timestamp 1732502299000
system_critical_total with labels component="file_storage_handler",technology="minio",severity="CRITICAL",event_type="minioBucketNotFound" value 2 timestamp 1732502299000
system_warning_total with labels component="payment_processor",technology="stripe",severity="WARN",event_type="stripePaymentMethodNotVerified" value 118 timestamp 1732502299000
system_info_total with labels component="logging_aggregator",technology="splunk",severity="INFO",event_type="splunkIndexerDown" value 542 timestamp 1732502299000
system_error_total with labels component="load_balancer",technology="traefik",severity="ERROR",event_type="traefikRouteConfigError" value 67 timestamp 1732502299000
system_critical_total with labels component="logging_aggregator",technology="datadog",severity="CRITICAL",event_type="datadogAgentConnectionLost" value 4 timestamp 1732502299000
system_error_total with labels component="api_gateway",technology="nginx",severity="ERROR",event_type="nginxRequestTimeout" value 31 timestamp 1732502299000
system_critical_total with labels component="cache_manager",technology="hazelcast",severity="CRITICAL",event_type="hazelcastCacheEviction" value 2 timestamp 1732502299000
system_critical_total with labels component="database_connection_pool",technology="mariadb",severity="CRITICAL",event_type="mariadbConnectionPool exhaustion" value 1 timestamp 1732502299000
system_error_total with labels component="cache_manager",technology="ehcache",severity="ERROR",event_type="ehcacheCacheEviction" value 46 timestamp 1732502299000
system_warning_total with labels component="api_gateway",technology="kong",severity="WARN",event_type="kongPluginNotReady" value 118 timestamp 1732502299000
system_info_total with labels component="load_balancer",technology="traefik",severity="INFO",event_type="traefikRuleNotFound" value 942 timestamp 1732502299000
system_error_total with labels component="file_storage_handler",technology="s3",severity="ERROR",event_type="s3ObjectNotAccessible" value 92 timestamp 1732502299000
system_critical_total with labels component="search_indexer",technology="opensearch",severity="CRITICAL",event_type="opensearchIndexCreationFailed" value 13 timestamp 1732502299000
system_critical_total with labels component="file_storage_handler",technology="nfs",severity="CRITICAL",event_type="nfsMountFailed" value 2 timestamp 1732502299000
system_info_total with labels component="logging_aggregator",technology="loki",severity="INFO",event_type="lokiQueueOverflow" value 817 timestamp 1732502299000
system_error_total with labels component="database_connection_pool",technology="mariadb",severity="ERROR",event_type="mariadbConnectionTimeout" value 49 timestamp 1732502299000
system_critical_total with labels component="load_balancer",technology="aws-elb",severity="CRITICAL",event_type="aws-elbBackendUnreachable" value 11 timestamp 1732502299000
system_error_total with labels component="file_storage_handler",technology="minio",severity="ERROR",event_type="minioObjectNotFound" value 38 timestamp 1732502299000
system_warning_total with labels component="session_manager",technology="memcached",severity="WARN",event_type="memcachedClientTimeout" value 135 timestamp 1732502299000
system_critical_total with labels component="database_connection_pool",technology="mariadb",severity="CRITICAL",event_type="mariadbConnectionPoolExhausted" value 3 timestamp 1732502299000
system_error_total with labels component="notification_service",technology="twilio",severity="ERROR",event_type="twilioMessageDeliveryFailed" value 46 timestamp 1732502299000
system_critical_total with labels component="load_balancer",technology="aws-elb",severity="CRITICAL",event_type="aws-elbBackendUnreachable" value 11 timestamp 1732502299000
system_warning_total with labels component="search_indexer",technology="opensearch",severity="WARN",event_type="opensearchIndexingTimeout" value 91 timestamp 1732502299000
system_error_total with labels component="session_manager",technology="hazelcast",severity="ERROR",event_type="hazelcastSessionTimeoutExpired" value 13 timestamp 1732502299000
system_info_total with labels component="api_gateway",technology="nginx",severity="INFO",event_type="nginxRequestRateLimitExceeded" value 817 timestamp 1732502299000
system_critical_total with labels component="database_connection_pool",technology="oracle",severity="CRITICAL",event_type="oracleConnectionPoolExhausted" value 2 timestamp 1732502299000
system_error_total with labels component="notification_service",technology="sendgrid",severity="ERROR",event_type="sendgridEmailSendFailure" value 37 timestamp 1732502299000
system_critical_total with labels component="session_manager",technology="hazelcast",severity="CRITICAL",event_type="hazelcastSessionManagerCrashed" value 4 timestamp 1732502299000
system_warning_total with labels component="container_orchestrator",technology="ecs",severity="WARN",event_type="ecsTaskDefinitionRegistryFailed" value 182 timestamp 1732502299000
system_error_total with labels component="cache_manager",technology="memcached",severity="ERROR",event_type="memcachedCacheMissThresholdExceeded" value 46 timestamp 1732502299000
system_critical_total with labels component="container_orchestrator",technology="docker-swarm",severity="CRITICAL",event_type="dockerSwarmTaskCreationFailed" value 3 timestamp 1732502299000
system_info_total with labels component="notification_service",technology="ses",severity="INFO",event_type="sesEmailQueueSizeHigh" value 351 timestamp 1732502299000
system_error_total with labels component="message_queue_consumer",technology="rabbitmq",severity="ERROR",event_type="rabbitmqExchangeDequeueTimeout" value 13 timestamp 1732502299000
system_warning_total with labels component="session_manager",technology="memcached",severity="WARN",event_type="memcachedCacheExpirationRateIncreased" value 194 timestamp 1732502299000
system_critical_total with labels component="session_manager",technology="redis",severity="CRITICAL",event_type="redisConnectionPoolTimeoutExceeded" value 4 timestamp 1732502299000
system_info_total with labels component="file_storage_handler",technology="s3",severity="INFO",event_type="s3BucketObjectNotFound" value 219 timestamp 1732502299000
system_error_total with labels component="file_storage_handler",technology="nfs",severity="ERROR",event_type="nfsFileSystemUnmountFailed" value 31 timestamp 1732502299000
system_critical_total with labels component="container_orchestrator",technology="kubernetes",severity="CRITICAL",event_type="kubernetesPodRestartNeeded" value 7 timestamp 1732502299000
system_warning_total with labels component="payment_processor",technology="stripe",severity="WARN",event_type="stripeCardValidationFailed" value 119 timestamp 1732502299000
system_info_total with labels component="notification_service",technology="smtp",severity="INFO",event_type="smtpMailDeliveryTimeoutExceeded" value 742 timestamp 1732502299000
system_error_total with labels component="session_manager",technology="redis",severity="ERROR",event_type="redisConnectionTimeout" value 41 timestamp 1732502299000
system_critical_total with labels component="session_manager",technology="jwt",severity="CRITICAL",event_type="jwtTokenValidationFailed" value 2 timestamp 1732502299000
system_error_total with labels component="container_orchestrator",technology="docker-swarm",severity="ERROR",event_type="dockerSwarmNodeNotAvailable" value 11 timestamp 1732502299000
system_info_total with labels component="load_balancer",technology="traefik",severity="INFO",event_type="traefikInsecureRequestReceived" value 351 timestamp 1732502299000
system_critical_total with labels component="notification_service",technology="twilio",severity="CRITICAL",event_type="twilioSMSDeliveryFailure" value 6 timestamp 1732502299000
system_error_total with labels component="payment_processor",technology="stripe",severity="ERROR",event_type="stripePaymentGatewayRateLimitExceeded" value 48 timestamp 1732502299000
system_warning_total with labels component="message_queue_consumer",technology="rabbitmq",severity="WARN",event_type="rabbitmqQueueOverflowedDueToInsufficientWorkers" value 118 timestamp 1732502299000
system_critical_total with labels component="file_storage_handler",technology="gcs",severity="CRITICAL",event_type="gcsObjectNotAccessibleDueToBucketPolicy" value 3 timestamp 1732502299000
system_error_total with labels component="file_storage_handler",technology="azure-blob",severity="ERROR",event_type="azureBlobStorageBlobNotRetrievedDueToMetadataInvalidity" value 22 timestamp 1732502299000
system_info_total with labels component="load_balancer",technology="azure-lb",severity="INFO",event_type="azureLBConnectionEstablishedSuccessfully" value 512 timestamp 1732502299000
system_warning_total with labels component="load_balancer",technology="traefik",severity="WARN",event_type="traefikRouteNotFoundDueToRouteConfigurationChange" value 187 timestamp 1732502299000
system_error_total with labels component="logging_aggregator",technology="loki",severity="ERROR",event_type="lokiLogRecordSendingFailedDueToConnectionTimeout" value 41 timestamp 1732502299000
system_critical_total with labels component="api_gateway",technology="nginx",severity="CRITICAL",event_type="nginxServerErrorHandlingFailedDueToResourceExhaustion" value 7 timestamp 1732502299000
system_info_total with labels component="container_orchestrator",technology="nomad",severity="INFO",event_type="nomadJobScheduledSuccessfully" value 756 timestamp 1732502299000
system_critical_total with labels component="payment_processor",technology="square",severity="CRITICAL",event_type="squareTransactionAuthorizationFailedDueToInsufficientFunds" value 2 timestamp 1732502299000
system_error_total with labels component="load_balancer",technology="azure-lb",severity="ERROR",event_type="azureLBRouteTableUpdateFailedDueToNetworkConfigError" value 39 timestamp 1732502299000
system_warning_total with labels component="service_mesh",technology="consul",severity="WARN",event_type="consulServiceDiscoveryFailedDueToHostUnreachable" value 117 timestamp 1732502299000
system_info_total with labels component="session_manager",technology="hazelcast",severity="INFO",event_type="hazelcastSessionStoreRestartedDueToNewSessionCreation" value 942 timestamp 1732502299000
system_critical_total with labels component="cache_manager",technology="memcached",severity="CRITICAL",event_type="memcachedStoreDataCorruptedDueToPowerFailure" value 4 timestamp 1732502299000
system_error_total with labels component="payment_processor",technology="adyen",severity="ERROR",event_type="adyenPaymentGatewayConnectionTimeout" value 44 timestamp 1732502299000
system_warning_total with labels component="service_mesh",technology="linkerd",severity="WARN",event_type="linkerdServiceProxyConnectionRefusedDueToInboundTrafficBlock" value 138 timestamp 1732502299000
system_critical_total with labels component="database_connection_pool",technology="mysql",severity="CRITICAL",event_type="mysqlDatabaseConnectionPoolThreadCrashedDueToResourceExhaustion" value 2 timestamp 1732502299000
system_info_total with labels component="service_mesh",technology="kuma",severity="INFO",event_type="kumaSidecarProxyStartedWithNewImage" value 819 timestamp 1732502299000
system_error_total with labels component="notification_service",technology="twilio",severity="ERROR",event_type="twilioAccountSidInvalidDueToExpiredToken" value 46 timestamp 1732502299000
system_critical_total with labels component="file_storage_handler",technology="minio",severity="CRITICAL",event_type="minioBucketAccessDeniedDueToInsufficientPermissions" value 4 timestamp 1732502299000
system_warning_total with labels component="message_queue_consumer",technology="azure-servicebus",severity="WARN",event_type="azureServiceBusQueueConsumerFailedToProcessingMessageDueToTimeout" value 143 timestamp 1732502299000
system_info_total with labels component="search_indexer",technology="meilisearch",severity="INFO",event_type="meilisearchIndexerSuccessfullyUpdatedTheMetadataOfTheIndex" value 351 timestamp 1732502299000
system_error_total with labels component="notification_service",technology="smtp",severity="ERROR",event_type="smtpConnectionEstablishedSuccessfullyHoweverSmtpAuthenticationFailedWithMailServer" value 31 timestamp 1732502299000
system_critical_total with labels component="database_connection_pool",technology="mongodb",severity="CRITICAL",event_type="mongodbDriverConnectionFailedDueToInvalidDatabaseName" value 1 timestamp 1732502299000
system_warning_total with labels component="cache_manager",technology="redis",severity="WARN",event_type="redisClientFailedToGetFromCacheDueToInvalidKey" value 118 timestamp 1732502299000
system_critical_total with labels component="message_queue_consumer",technology="rabbitmq",severity="CRITICAL",event_type="rabbitmqConnectionEstablishedSuccessfullyHoweverConsumerCrashedDueToInvalidMessageFormat" value 4 timestamp 1732502299000
system_error_total with labels component="service_mesh",technology="consul",severity="ERROR",event_type="consulServiceDiscoveryFailedToResolveServiceName" value 14 timestamp 1732502299000
system_critical_total with labels component="service_mesh",technology="kuma",severity="CRITICAL",event_type="kumaProxyCrashedDueToInvalidRouteConfig" value 2 timestamp 1732502299000
system_warning_total with labels component="container_orchestrator",technology="nomad",severity="WARN",event_type="nomadTaskFailedToExecuteDueToInsufficientResources" value 67 timestamp 1732502299000
system_error_total with labels component="notification_service",technology="smtp",severity="ERROR",event_type="smtpMailSendingFailedDueToInvalidEmailCredentials" value 31 timestamp 1732502299000
system_critical_total with labels component="api_gateway",technology="envoy",severity="CRITICAL",event_type="envoyProxyCrashedDueToUnsupportedHttpMethod" value 7 timestamp 1732502299000
system_info_total with labels component="file_storage_handler",technology="gcs",severity="INFO",event_type="gcsBucketCreatedSuccessfully" value 817 timestamp 1732502299000
system_error_total with labels component="search_indexer",technology="solr",severity="ERROR",event_type="solrIndexingFailedDueToDuplicateDocumentError" value 46 timestamp 1732502299000
system_warning_total with labels component="service_mesh",technology="kuma",severity="WARN",event_type="kumaProxyConfigurationLoadingFailedDueToInvalidServiceDefinition" value 191 timestamp 1732502299000
system_critical_total with labels component="session_manager",technology="jwt",severity="CRITICAL",event_type="jwtTokenVerificationFailedDueToInvalidTokenSignature" value 2 timestamp 1732502299000
system_critical_total with labels component="file_storage_handler",technology="minio",severity="CRITICAL",event_type="minioBucketAccessDeniedDueToInsufficientCredentials" value 9 timestamp 1732502299000
system_error_total with labels component="logging_aggregator",technology="elasticsearch",severity="ERROR",event_type="elasticsearchIndexingFailedDueToIndexMappingValidationError" value 41 timestamp 1732502299000
system_info_total with labels component="payment_processor",technology="stripe",severity="INFO",event_type="stripePaymentMethodNotVerifiedDueToInsufficientAccountInformation" value 857 timestamp 1732502299000
system_error_total with labels component="database_connection_pool",technology="mariadb",severity="ERROR",event_type="mariadbConnectionTimeoutExpiredDueToInsufficientTimeoutConfiguration" value 19 timestamp 1732502299000
system_critical_total with labels component="database_connection_pool",technology="mongodb",severity="CRITICAL",event_type="mongodbConnectionLostDueToNetworkDisconnect" value 4 timestamp 1732502299000
system_warning_total with labels component="authentication_service",technology="auth0",severity="WARN",event_type="auth0UnexpectedTokenRefreshFailureDueToExpiredAccessToken" value 139 timestamp 1732502299000
system_info_total with labels component="message_queue_consumer",technology="aws-sqs",severity="INFO",event_type="aws-sqsUnexpectedMessageRetentionPeriodExpired" value 942 timestamp 1732502299000
system_critical_total with labels component="database_connection_pool",technology="postgres",severity="CRITICAL",event_type="postgresConnectionTimeoutExpiredDueToQueryTimeout" value 2 timestamp 1732502299000
system_error_total with labels component="message_queue_consumer",technology="activemq",severity="ERROR",event_type="activemqConnectionLostDueToBrokerRestart" value 47 timestamp 1732502299000
system_warning_total with labels component="api_gateway",technology="nginx",severity="WARN",event_type="nginxRequestTimeoutDueToSlowBackendResponse" value 188 timestamp 1732502299000
system_info_total with labels component="metrics_collector",technology="prometheus",severity="INFO",event_type="prometheusGrafanaServerConnectionTimedOut" value 817 timestamp 1732502299000
system_critical_total with labels component="metrics_collector",technology="dynatrace",severity="CRITICAL",event_type="dynatraceDataCollectionFailedDueToMissingMetrics" value 12 timestamp 1732502299000
system_error_total with labels component="metrics_collector",technology="datadog",severity="ERROR",event_type="datadogAPIConnectionFailedDueToRateLimitExceeded" value 92 timestamp 1732502299000
system_critical_total with labels component="message_queue_consumer",technology="kafka",severity="CRITICAL",event_type="kafkaBrokerUnreachable" value 4 timestamp 1732502299000
system_warning_total with labels component="payment_processor",technology="braintree",severity="WARN",event_type="braintreePaymentDeclinedDueToInsufficientFunds" value 187 timestamp 1732502299000
system_error_total with labels component="authentication_service",technology="okta",severity="ERROR",event_type="oktaAuthenticationFailedDueToInvalidCredentials" value 46 timestamp 1732502299000
system_info_total with labels component="logging_aggregator",technology="splunk",severity="INFO",event_type="splunkIndexerFailedToStartDueToNetworkError" value 351 timestamp 1732502299000
system_critical_total with labels component="logging_aggregator",technology="elasticsearch",severity="CRITICAL",event_type="elasticsearchClusterUnreachableDueToInsufficientNodes" value 2 timestamp 1732502299000
system_error_total with labels component="payment_processor",technology="adyen",severity="ERROR",event_type="adyenPaymentProcessingFailedDueToInvalidCardNumber" value 28 timestamp 1732502299000
system_warning_total with labels component="service_mesh",technology="linkerd",severity="WARN",event_type="linkerdServiceProxyFailedToEstablishConnection" value 188 timestamp 1732502299000
system_critical_total with labels component="database_connection_pool",technology="mongodb",severity="CRITICAL",event_type="mongodbConnectionPoolFailedToAcquireConnectionDueToInsufficientHosts" value 4 timestamp 1732502299000
system_info_total with labels component="authentication_service",technology="jwt",severity="INFO",event_type="jwtSigningKeyRotationSuccessful" value 542 timestamp 1732502299000
system_error_total with labels component="container_orchestrator",technology="kubernetes",severity="ERROR",event_type="kubernetesPodDeletionFailedDueToMissingLabels" value 32 timestamp 1732502299000
system_critical_total with labels component="file_storage_handler",technology="nfs",severity="CRITICAL",event_type="nfsMountPointFailedDueToIncorrectPermissions" value 2 timestamp 1732502299000
system_warning_total with labels component="logging_aggregator",technology="splunk",severity="WARN",event_type="splunkDataForwardingFailedDueToNetworkTimeout" value 187 timestamp 1732502299000
system_error_total with labels component="session_manager",technology="memcached",severity="ERROR",event_type="memcachedConnectionTimeoutDueToLowServerLoad" value 46 timestamp 1732502299000
system_critical_total with labels component="authentication_service",technology="okta",severity="CRITICAL",event_type="oktaAuthorizationTokenExpiredDueToServerSideError" value 4 timestamp 1732502299000
system_info_total with labels component="metrics_collector",technology="newrelic",severity="INFO",event_type="newrelicMetricsQueryFailedDueToInvalidQuerySyntax" value 312 timestamp 1732502299000
system_error_total with labels component="authentication_service",technology="auth0",severity="ERROR",event_type="auth0UnauthorizedRequestDueToMissingAccessToken" value 91 timestamp 1732502299000
system_critical_total with labels component="session_manager",technology="hazelcast",severity="CRITICAL",event_type="hazelcastInMemoryCacheCorruptionDueToDataLoss" value 2 timestamp 1732502299000
system_warning_total with labels component="message_queue_consumer",technology="activemq",severity="WARN",event_type="activemqUnacknowledgedMessageQueueOverflowDueToSenderFailure" value 157 timestamp 1732502299000
system_error_total with labels component="authentication_service",technology="jwt",severity="ERROR",event_type="jwtInvalidSignatureDueToMiscalculatedHmacKey" value 46 timestamp 1732502299000
system_critical_total with labels component="container_orchestrator",technology="ecs",severity="CRITICAL",event_type="ecsTaskDefinitionFailedDueToContainerRestartLoop" value 4 timestamp 1732502299000
system_info_total with labels component="container_orchestrator",technology="aks",severity="INFO",event_type="aksContainerGroupScalingRequestSuccessful" value 942 timestamp 1732502299000
system_error_total with labels component="session_manager",technology="hazelcast",severity="ERROR",event_type="hazelcastInMemoryCacheWriteFailureDueToInsufficientMemory" value 91 timestamp 1732502299000
system_warning_total with labels component="notification_service",technology="smtp",severity="WARN",event_type="smtpDeliveryFailureDueToInvalidMailbox" value 118 timestamp 1732502299000
system_critical_total with labels component="cache_manager",technology="memcached",severity="CRITICAL",event_type="memcachedDataExpiryExceeded" value 2 timestamp 1732502299000
system_error_total with labels component="notification_service",technology="twilio",severity="ERROR",event_type="twilioSMSDeliveryFailureDueToInsufficientCredits" value 43 timestamp 1732502299000
system_info_total with labels component="load_balancer",technology="nginx",severity="INFO",event_type="nginxServerBlockConfigurationFailedDueToMalformedHTTPRequest" value 817 timestamp 1732502299000
system_warning_total with labels component="metrics_collector",technology="datadog",severity="WARN",event_type="datadogIntegrationConfigurationFailedDueToMissingAPIKey" value 137 timestamp 1732502299000
system_error_total with labels component="notification_service",technology="twilio",severity="ERROR",event_type="twilio SMS failed due to phone number invalidity" value 91 timestamp 1732502299000
system_critical_total with labels component="file_storage_handler",technology="s3",severity="CRITICAL",event_type="s3ObjectCreationFailedDueToInsufficientDiskSpace" value 11 timestamp 1732502299000
system_error_total with labels component="database_connection_pool",technology="oracle",severity="ERROR",event_type="oracle JDBC Connection Pool Failed due to DDL Execution Time Exceeded" value 46 timestamp 1732502299000
system_critical_total with labels component="api_gateway",technology="traefik",severity="CRITICAL",event_type="traefik Ingress Controller Failed to Process Route due to DNS Resolution Failure" value 7 timestamp 1732502299000
system_error_total with labels component="file_storage_handler",technology="s3",severity="ERROR",event_type="s3ObjectDeletionFailedDueToInsufficientAuthorization" value 31 timestamp 1732502299000
system_warning_total with labels component="cache_manager",technology="hazelcast",severity="WARN",event_type="hazelcast Cache Eviction Triggered Due to Excessive Memory Usage" value 117 timestamp 1732502299000
system_info_total with labels component="file_storage_handler",technology="minio",severity="INFO",event_type="minio Bucket Notification Triggered for New Object Upload" value 542 timestamp 1732502299000
system_error_total with labels component="session_manager",technology="redis",severity="ERROR",event_type="redisConnectionTimeoutOccurredDuringSessionLookup" value 23 timestamp 1732502299000
system_critical_total with labels component="database_connection_pool",technology="mariadb",severity="CRITICAL",event_type="mariadb Connection Pool Exceeded Maximum Concurrent Connections" value 4 timestamp 1732502299000
system_info_total with labels component="metrics_collector",technology="datadog",severity="INFO",event_type="datadog API Request Successfully Sent for Custom Metrics" value 812 timestamp 1732502299000
system_critical_total with labels component="metrics_collector",technology="dynatrace",severity="CRITICAL",event_type="dynatrace Serverless Function Exceeded Maximum Concurrent Requests" value 2 timestamp 1732502299000
system_error_total with labels component="session_manager",technology="hazelcast",severity="ERROR",event_type="hazelcast Cluster Node Became UnreachableDuringSessionLookup" value 19 timestamp 1732502299000
system_warning_total with labels component="authentication_service",technology="oauth2",severity="WARN",event_type="oauth2 ClientId Not Found In Configuration" value 117 timestamp 1732502299000
system_critical_total with labels component="search_indexer",technology="algolia",severity="CRITICAL",event_type="algolia Search Index Exceeded Maximum Number Of Documents" value 6 timestamp 1732502299000
system_info_total with labels component="notification_service",technology="firebase",severity="INFO",event_type="firebase Cloud Function Execution Time Exceeded For Notification Sending" value 943 timestamp 1732502299000
system_error_total with labels component="notification_service",technology="sendgrid",severity="ERROR",event_type="sendgrid Email Sending Rate Exceeded For Unverified Sender" value 46 timestamp 1732502299000
system_critical_total with labels component="database_connection_pool",technology="oracle",severity="CRITICAL",event_type="oracle Connection Pool Exceeded Maximum Number Of Idle Connections" value 2 timestamp 1732502299000
system_warning_total with labels component="container_orchestrator",technology="nomad",severity="WARN",event_type="nomad Job Repeatedly Failed To Launch Container Due To Insufficient Resources" value 141 timestamp 1732502299000
system_error_total with labels component="payment_processor",technology="paypal",severity="ERROR",event_type="paypal Payment Processing Rate Exceeded For High Volume Transactions" value 38 timestamp 1732502299000
system_critical_total with labels component="notification_service",technology="twilio",severity="CRITICAL",event_type="twilio SMS Sending Rate Exceeded For Unverified Caller ID" value 4 timestamp 1732502299000
system_info_total with labels component="message_queue_consumer",technology="aws-sqs",severity="INFO",event_type="aws-sqs Queue Exceeded Maximum Number Of Messages" value 542 timestamp 1732502299000
system_error_total with labels component="notification_service",technology="twilio",severity="ERROR",event_type="twilio SMS Sending Authentication Failed Due To Invalid Caller ID" value 14 timestamp 1732502299000
system_warning_total with labels component="metrics_collector",technology="grafana",severity="WARN",event_type="grafana Data Source Not Found Due To Invalid Configuration" value 118 timestamp 1732502299000
system_critical_total with labels component="metrics_collector",technology="grafana",severity="CRITICAL",event_type="grafana Query Failed Due To Invalid Query Syntax" value 2 timestamp 1732502299000
system_error_total with labels component="file_storage_handler",technology="nfs",severity="ERROR",event_type="nfs Share Mount Failure Due To Insufficient Permissions" value 48 timestamp 1732502299000
system_critical_total with labels component="message_queue_consumer",technology="activemq",severity="CRITICAL",event_type="activemq Connection Lost Due To Broker Restart" value 4 timestamp 1732502299000
system_error_total with labels component="database_connection_pool",technology="oracle",severity="ERROR",event_type="oracle JDBC Driver Classloader Failure Due To Missing Oracle JDK Libraries" value 37 timestamp 1732502299000
system_warning_total with labels component="database_connection_pool",technology="mysql",severity="WARN",event_type="mysql Connection Pool Thread Leak Due To Unreleased Resources" value 167 timestamp 1732502299000
system_info_total with labels component="api_gateway",technology="apache",severity="INFO",event_type="apache Request Header Injection Detected Using User-Provided Input" value 819 timestamp 1732502299000
system_critical_total with labels component="payment_processor",technology="adyen",severity="CRITICAL",event_type="adyen Payment Gateway Session Expired Due To Inactivity" value 2 timestamp 1732502299000
system_warning_total with labels component="logging_aggregator",technology="fluentd",severity="WARN",event_type="fluentd Buffer Overflow Due To High Volume Of Log Events" value 91 timestamp 1732502299000
system_error_total with labels component="session_manager",technology="memcached",severity="ERROR",event_type="memcached Invalid Data Stored In Session Cache" value 48 timestamp 1732502299000
system_critical_total with labels component="cache_manager",technology="hazelcast",severity="CRITICAL",event_type="hazelcast InMemory Cache Eviction Due To Memory Threshold Exceeded" value 4 timestamp 1732502299000
system_info_total with labels component="notification_service",technology="ses",severity="INFO",event_type="ses Notification Send Request Failed Due To High Amazon SES Request Volume" value 817 timestamp 1732502299000
system_error_total with labels component="file_storage_handler",technology="gcs",severity="ERROR",event_type="gcs Object Write Failed Due To Insufficient Disk Space" value 11 timestamp 1732502299000
system_critical_total with labels component="payment_processor",technology="stripe",severity="CRITICAL",event_type="stripe Payment Processing Failed Due To Invalid Payment Method" value 2 timestamp 1732502299000
system_warning_total with labels component="message_queue_consumer",technology="azure-servicebus",severity="WARN",event_type="azure-servicebus Message Processing Delayed Due To High Message Queue Backlog" value 118 timestamp 1732502299000
system_info_total with labels component="container_orchestrator",technology="kubernetes",severity="INFO",event_type="kubernetes Pod Deletion Request Failed Due To Pod Network Configuration Issues" value 942 timestamp 1732502299000
system_error_total with labels component="file_storage_handler",technology="gcs",severity="ERROR",event_type="gcs Object Download Failed Due To Insufficient Network Bandwidth" value 46 timestamp 1732502299000
system_critical_total with labels component="session_manager",technology="jwt",severity="CRITICAL",event_type="jwt Authentication Token Expired Due To Inactive Session Timeout" value 4 timestamp 1732502299000
system_warning_total with labels component="container_orchestrator",technology="aks",severity="WARN",event_type="aks Cluster Network Configuration Update Failed Due To Incompatible Node Group Upgrade" value 193 timestamp 1732502299000
system_info_total with labels component="authentication_service",technology="jwt",severity="INFO",event_type="jwt Token Validation Successful For New User Account Creation" value 817 timestamp 1732502299000
system_error_total with labels component="payment_processor",technology="square",severity="ERROR",event_type="square Payment Processing Failed Due To Insufficient Available Balance" value 28 timestamp 1732502299000
system_critical_total with labels component="session_manager",technology="memcached",severity="CRITICAL",event_type="memcached Session Data Retrieval Failed Due To Cache Expiration And Lack Of Session Data" value 2 timestamp 1732502299000
system_warning_total with labels component="search_indexer",technology="algolia",severity="WARN",event_type="algolia Index Reindexing Failed Due To Index Duplicates" value 118 timestamp 1732502299000
system_critical_total with labels component="payment_processor",technology="paypal",severity="CRITICAL",event_type="paypal Payment Processing Failed Due To Invalid PayPal Credentials" value 4 timestamp 1732502299000
system_error_total with labels component="logging_aggregator",technology="splunk",severity="ERROR",event_type="splunk Event Indexing Failed Due To Invalid Event Format" value 47 timestamp 1732502299000
system_warning_total with labels component="container_orchestrator",technology="aks",severity="WARN",event_type="aks Node Restarted Unexpectedly Due To Container Crash" value 91 timestamp 1732502299000
system_info_total with labels component="service_mesh",technology="envoy",severity="INFO",event_type="envoy Proxy Configuration Updated Successfully" value 942 timestamp 1732502299000
system_error_total with labels component="service_mesh",technology="consul",severity="ERROR",event_type="consul Service Discovery Failed Due To Network Connectivity Issue" value 13 timestamp 1732502299000
system_critical_total with labels component="load_balancer",technology="aws-elb",severity="CRITICAL",event_type="aws-elb Target Group Unhealthy Due To Connection Refused" value 2 timestamp 1732502299000
system_warning_total with labels component="message_queue_consumer",technology="aws-sqs",severity="WARN",event_type="aws-sqs Queue Message Processing Delayed Due To High Message Volume" value 178 timestamp 1732502299000
system_error_total with labels component="message_queue_consumer",technology="azure-servicebus",severity="ERROR",event_type="azure-servicebus Queue Exception Occurred During Message Processing" value 44 timestamp 1732502299000
system_info_total with labels component="metrics_collector",technology="newrelic",severity="INFO",event_type="newrelic Metric Scanning Completed Successfully" value 812 timestamp 1732502299000
system_critical_total with labels component="database_connection_pool",technology="mongodb",severity="CRITICAL",event_type="mongodb Session Connection Lost Due To Socket Timeout" value 3 timestamp 1732502299000
system_error_total with labels component="session_manager",technology="redis",severity="ERROR",event_type="redis Key Expiration Error During Session Revocation" value 31 timestamp 1732502299000
system_warning_total with labels component="logging_aggregator",technology="splunk",severity="WARN",event_type="splunk Data Ingestion Failed Due To Invalid Event Format" value 117 timestamp 1732502299000
system_critical_total with labels component="search_indexer",technology="solr",severity="CRITICAL",event_type="solr Indexing Error Due To Duplicate Document" value 9 timestamp 1732502299000
system_info_total with labels component="api_gateway",technology="traefik",severity="INFO",event_type="traefik Rule Not Found During Routing" value 351 timestamp 1732502299000
system_error_total with labels component="load_balancer",technology="aws-elb",severity="ERROR",event_type="aws-elb Connection Reset Due To Idle Timeout" value 41 timestamp 1732502299000
system_critical_total with labels component="payment_processor",technology="stripe",severity="CRITICAL",event_type="stripe Payment Processing Failed Due To Insufficient Funds" value 13 timestamp 1732502299000
system_warning_total with labels component="cache_manager",technology="hazelcast",severity="WARN",event_type="hazelcast Cache Expiration Due To Inactive Client" value 118 timestamp 1732502299000
system_error_total with labels component="database_connection_pool",technology="mariadb",severity="ERROR",event_type="mariadb Connection Refused Due To Host Unreachable" value 43 timestamp 1732502299000
system_critical_total with labels component="session_manager",technology="infinispan",severity="CRITICAL",event_type="infinispan Cache Eviction Due To Session Expiration" value 91 timestamp 1732502299000
system_info_total with labels component="load_balancer",technology="nginx",severity="INFO",event_type="nginx Configuration Reloaded Due To New Configuration File" value 812 timestamp 1732502299000
system_error_total with labels component="metrics_collector",technology="newrelic",severity="ERROR",event_type="newrelic Data Collection Failed Due To Network Connectivity Issues" value 73 timestamp 1732502299000
system_warning_total with labels component="logging_aggregator",technology="fluentd",severity="WARN",event_type="fluentd Buffer Overflow Due To High Log Volume" value 219 timestamp 1732502299000
system_critical_total with labels component="search_indexer",technology="meilisearch",severity="CRITICAL",event_type="meilisearch Index Creation Failed Due To Index Size Exceeding Limits" value 19 timestamp 1732502299000
system_error_total with labels component="session_manager",technology="memcached",severity="ERROR",event_type="memcached Cache Miss Rate Exceeded Threshold" value 14 timestamp 1732502299000
system_info_total with labels component="session_manager",technology="infinispan",severity="INFO",event_type="infinispan Cache Eviction Due To Age Exceeded Threshold" value 418 timestamp 1732502299000
system_warning_total with labels component="load_balancer",technology="aws-elb",severity="WARN",event_type="aws-elb Unhealthy Host Count Exceeded Threshold" value 91 timestamp 1732502299000
system_critical_total with labels component="api_gateway",technology="nginx",severity="CRITICAL",event_type="nginx HTTP Request Rate Exceeded" value 11 timestamp 1732502299000
system_error_total with labels component="payment_processor",technology="stripe",severity="ERROR",event_type="stripe Card Expiration Date Not Found In Database" value 31 timestamp 1732502299000
system_critical_total with labels component="payment_processor",technology="braintree",severity="CRITICAL",event_type="braintree Invalid Vault Configuration" value 7 timestamp 1732502299000
system_warning_total with labels component="metrics_collector",technology="newrelic",severity="WARN",event_type="newrelic Data Plane Not Reporting In Time" value 148 timestamp 1732502299000
system_info_total with labels component="session_manager",technology="hazelcast",severity="INFO",event_type="hazelcast Distributed Cache Configured Successfully" value 817 timestamp 1732502299000
system_error_total with labels component="authentication_service",technology="okta",severity="ERROR",event_type="okta Identity Provider Authentication Token Expiration" value 42 timestamp 1732502299000
system_critical_total with labels component="payment_processor",technology="stripe",severity="CRITICAL",event_type="stripe Payment Method Not Found In Database" value 4 timestamp 1732502299000
system_warning_total with labels component="api_gateway",technology="kong",severity="WARN",event_type="kong API Route Inconsistent Rate Limiting Config" value 93 timestamp 1732502299000
system_critical_total with labels component="session_manager",technology="redis",severity="CRITICAL",event_type="redis Connection Timeout During Session Retrieval" value 2 timestamp 1732502299000
system_error_total with labels component="cache_manager",technology="memcached",severity="ERROR",event_type="memcached Cache Key Not Found In Server" value 19 timestamp 1732502299000
system_info_total with labels component="session_manager",technology="jwt",severity="INFO",event_type="jwt Token Expiration For User Session" value 541 timestamp 1732502299000
system_critical_total with labels component="notification_service",technology="smtp",severity="CRITICAL",event_type="smtp Authentication Failure During Notification Sending" value 1 timestamp 1732502299000
system_warning_total with labels component="cache_manager",technology="hazelcast",severity="WARN",event_type="hazelcast Cache Data Expiration Threshold Exceeded" value 182 timestamp 1732502299000
system_error_total with labels component="cache_manager",technology="memcached",severity="ERROR",event_type="memcached Cache Item Ttl Exceeded" value 11 timestamp 1732502299000
system_info_total with labels component="load_balancer",technology="traefik",severity="INFO",event_type="traefik Server Certificate Expiration Date Reached" value 951 timestamp 1732502299000
system_critical_total with labels component="file_storage_handler",technology="minio",severity="CRITICAL",event_type="minio Storage Bucket Data Corruption Detected" value 4 timestamp 1732502299000
system_error_total with labels component="notification_service",technology="sendgrid",severity="ERROR",event_type="sendgrid Mail Sending Authentication Failure" value 23 timestamp 1732502299000
system_warning_total with labels component="service_mesh",technology="linkerd",severity="WARN",event_type="linkerd Sidecar Crashed on Pod Restart" value 187 timestamp 1732502299000
system_info_total with labels component="payment_processor",technology="adyen",severity="INFO",event_type="adyen Payment Token Expiration Date Reached" value 814 timestamp 1732502299000
system_critical_total with labels component="notification_service",technology="firebase",severity="CRITICAL",event_type="firebase Cloud Function Authentication Failure" value 2 timestamp 1732502299000
system_error_total with labels component="load_balancer",technology="nginx",severity="ERROR",event_type="nginx Connection Refused for Inbound Request" value 46 timestamp 1732502299000
system_warning_total with labels component="message_queue_consumer",technology="rabbitmq",severity="WARN",event_type="rabbitmq Channel Closed Abnormally" value 91 timestamp 1732502299000
system_critical_total with labels component="message_queue_consumer",technology="azure-servicebus",severity="CRITICAL",event_type="azure-servicebus Session Expired Due to Inactivity" value 8 timestamp 1732502299000
system_error_total with labels component="load_balancer",technology="traefik",severity="ERROR",event_type="traefik HTTP Request Timed Out" value 35 timestamp 1732502299000
system_info_total with labels component="file_storage_handler",technology="azure-blob",severity="INFO",event_type="azure-blob Blob Storage Request Completed Successfully" value 942 timestamp 1732502299000
system_critical_total with labels component="search_indexer",technology="meilisearch",severity="CRITICAL",event_type="meilisearch Search Indexing Error Due to Duplicate Key Found" value 12 timestamp 1732502299000
system_warning_total with labels component="file_storage_handler",technology="s3",severity="WARN",event_type="s3 Bucket Access Denied Due to Insufficient Permissions" value 187 timestamp 1732502299000
system_error_total with labels component="session_manager",technology="jwt",severity="ERROR",event_type="jwt Token Signature Verification Failed Due to Expiration" value 41 timestamp 1732502299000
system_critical_total with labels component="notification_service",technology="twilio",severity="CRITICAL",event_type="twilio SMS Notification Failed Due to Invalid Phone Number" value 4 timestamp 1732502299000
system_error_total with labels component="authentication_service",technology="keycloak",severity="ERROR",event_type="keycloak Login Attempt Failed Due to Invalid Credentials" value 14 timestamp 1732502299000
system_info_total with labels component="cache_manager",technology="ehcache",severity="INFO",event_type="ehcache Cache Eviction Due to Expiring Items" value 851 timestamp 1732502299000
system_warning_total with labels component="load_balancer",technology="aws-elb",severity="WARN",event_type="aws-elb Target Group Unhealthy Due to Insufficient Instances" value 192 timestamp 1732502299000
system_critical_total with labels component="authentication_service",technology="jwt",severity="CRITICAL",event_type="jwt Token Signature Verification Failed Due to Expiration" value 3 timestamp 1732502299000
system_error_total with labels component="cache_manager",technology="memcached",severity="ERROR",event_type="memcached Cache Miss Due to Invalid Key" value 46 timestamp 1732502299000
system_info_total with labels component="notification_service",technology="firebase",severity="INFO",event_type="firebase Cloud Messaging Authentication Failed Due to Invalid Registration" value 817 timestamp 1732502299000
system_critical_total with labels component="authentication_service",technology="jwt",severity="CRITICAL",event_type="jwt Token Signature Verification Failed Due to Invalid Payload" value 9 timestamp 1732502299000
system_warning_total with labels component="file_storage_handler",technology="s3",severity="WARN",event_type="s3 Bucket Incomplete Multipart Upload Due to Missing Part" value 135 timestamp 1732502299000
system_error_total with labels component="authentication_service",technology="jwt",severity="ERROR",event_type="jwt Token Expiration Due to Inadequate Refresh Token" value 44 timestamp 1732502299000
system_critical_total with labels component="api_gateway",technology="nginx",severity="CRITICAL",event_type="nginx Connection Refused Due to Unexpected Request" value 4 timestamp 1732502299000
system_info_total with labels component="search_indexer",technology="meilisearch",severity="INFO",event_type="meilisearch Search Query Too Complex to be Handled" value 219 timestamp 1732502299000
system_error_total with labels component="service_mesh",technology="envoy",severity="ERROR",event_type="envoy Route Not Found Due to Dynamic Route Configuration Failure" value 117 timestamp 1732502299000
system_critical_total with labels component="notification_service",technology="ses",severity="CRITICAL",event_type="ses Delivery Failure Due to Invalid Source Address" value 2 timestamp 1732502299000
system_error_total with labels component="payment_processor",technology="braintree",severity="ERROR",event_type="braintree Payment Method Not Found Due to Insufficient Funds" value 38 timestamp 1732502299000
system_warning_total with labels component="file_storage_handler",technology="azure-blob",severity="WARN",event_type="azure-blob Excessive Blob Storage Costs Due to Unmonitored Large Files" value 151 timestamp 1732502299000
system_info_total with labels component="metrics_collector",technology="dynatrace",severity="INFO",event_type="dynatrace Monitoring Interval Too Short for Aggregated Data" value 812 timestamp 1732502299000
system_critical_total with labels component="notification_service",technology="twilio",severity="CRITICAL",event_type="twilio Authentication Failed for SMS Notification to User" value 4 timestamp 1732502299000
system_error_total with labels component="search_indexer",technology="opensearch",severity="ERROR",event_type="opensearch Insufficient Index Space Due to Duplicate Documents" value 43 timestamp 1732502299000
system_warning_total with labels component="session_manager",technology="jwt",severity="WARN",event_type="jwt Token Expiration Without Re-Validation for Long-Running Sessions" value 117 timestamp 1732502299000
system_critical_total with labels component="payment_processor",technology="paypal",severity="CRITICAL",event_type="paypal Payment Processing Failed Due to Insufficient Funds" value 2 timestamp 1732502299000
system_info_total with labels component="database_connection_pool",technology="mongodb",severity="INFO",event_type="mongodb Connection Pool Exceeded Due to High Traffic" value 943 timestamp 1732502299000
system_error_total with labels component="load_balancer",technology="nginx",severity="ERROR",event_type="nginx Connection Refused Due to Inbound Firewall Configuration" value 31 timestamp 1732502299000
system_critical_total with labels component="message_queue_consumer",technology="rabbitmq",severity="CRITICAL",event_type="rabbitmq Message Processing Failed Due to Connection Reset" value 1 timestamp 1732502299000
system_warning_total with labels component="authentication_service",technology="keycloak",severity="WARN",event_type="keycloak User Authentication Failed Due to Invalid Client ID" value 187 timestamp 1732502299000
system_error_total with labels component="message_queue_consumer",technology="rabbitmq",severity="ERROR",event_type="rabbitmq Message Processing Failed Due to Insufficient Credits" value 47 timestamp 1732502299000
system_critical_total with labels component="api_gateway",technology="traefik",severity="CRITICAL",event_type="traefik Inbound Request Rate Exceeded Due to High Load" value 9 timestamp 1732502299000
system_info_total with labels component="payment_processor",technology="braintree",severity="INFO",event_type="braintree Payment Gateway Configured Successfully" value 421 timestamp 1732502299000
system_error_total with labels component="service_mesh",technology="consul",severity="ERROR",event_type="consul Service Registration Failed Due to Unresolvable Service" value 114 timestamp 1732502299000
system_critical_total with labels component="database_connection_pool",technology="mariadb",severity="CRITICAL",event_type="mariadb Connection Pool Reached Maximum Concurrent Connections" value 2 timestamp 1732502299000
system_warning_total with labels component="service_mesh",technology="istio",severity="WARN",event_type="istio Sidecar Injection Failed Due to Missing Dependency" value 91 timestamp 1732502299000
system_error_total with labels component="file_storage_handler",technology="gcs",severity="ERROR",event_type="gcs Bucket Permissions Denied Due to Insufficient IAM Roles" value 48 timestamp 1732502299000
system_info_total with labels component="notification_service",technology="sendgrid",severity="INFO",event_type="sendgrid Email Notification Failed Due to Invalid Sender Email" value 817 timestamp 1732502299000
system_critical_total with labels component="payment_processor",technology="paypal",severity="CRITICAL",event_type="paypal Payment Processing Failed Due to Authentication Error" value 1 timestamp 1732502299000
system_error_total with labels component="message_queue_consumer",technology="kafka",severity="ERROR",event_type="kafka Consumer Group Offset Not Found After Group Rebalance" value 13 timestamp 1732502299000
system_info_total with labels component="metrics_collector",technology="grafana",severity="INFO",event_type="grafana Dashboard Refresh Failed Due to Invalid API Key" value 942 timestamp 1732502299000
system_critical_total with labels component="search_indexer",technology="algolia",severity="CRITICAL",event_type="algolia Index Refresh Failed Due to Invalid Search Query Syntax" value 4 timestamp 1732502299000
system_warning_total with labels component="notification_service",technology="sendgrid",severity="WARN",event_type="sendgrid Email Notification Delayed Due to High Email Volume" value 118 timestamp 1732502299000
system_error_total with labels component="load_balancer",technology="traefik",severity="ERROR",event_type="traefik Ingress Route Configuration Failed Due to Invalid DNS Resolution" value 31 timestamp 1732502299000
system_critical_total with labels component="database_connection_pool",technology="mysql",severity="CRITICAL",event_type="mysql Connection Pool Exhausted Due to High Concurrent Connection Attempts" value 2 timestamp 1732502299000
system_info_total with labels component="metrics_collector",technology="dynatrace",severity="INFO",event_type="dynatrace Monitoring Interval Skipped Due to High System Load" value 542 timestamp 1732502299000
system_error_total with labels component="message_queue_consumer",technology="kafka",severity="ERROR",event_type="kafka Consumer Offset Not Found Due to Invalid Group ID" value 41 timestamp 1732502299000
system_critical_total with labels component="metrics_collector",technology="datadog",severity="CRITICAL",event_type="datadog API Request Timeout Due to High Request Volume" value 4 timestamp 1732502299000
system_warning_total with labels component="cache_manager",technology="ehcache",severity="WARN",event_type="ehcache Cache Eviction Due to Excessive Disk Usage" value 191 timestamp 1732502299000
system_error_total with labels component="service_mesh",technology="linkerd",severity="ERROR",event_type="linkerd Proxy Server Not Listening on Expected Port" value 11 timestamp 1732502299000
system_critical_total with labels component="message_queue_consumer",technology="rabbitmq",severity="CRITICAL",event_type="rabbitmq Channel Closed Due to Reconnection Failure" value 2 timestamp 1732502299000
system_info_total with labels component="search_indexer",technology="elasticsearch",severity="INFO",event_type="elasticsearch Index Creation Successful" value 817 timestamp 1732502299000
system_warning_total with labels component="session_manager",technology="jwt",severity="WARN",event_type="jwt Token Expiration Due to Session Idle Time" value 187 timestamp 1732502299000
system_error_total with labels component="payment_processor",technology="square",severity="ERROR",event_type="square Payment Gateway Request Failed Due to Insufficient Funds" value 44 timestamp 1732502299000
system_critical_total with labels component="file_storage_handler",technology="s3",severity="CRITICAL",event_type="s3 Bucket Policy Denial Due to Invalid Bucket Name" value 4 timestamp 1732502299000
system_warning_total with labels component="authentication_service",technology="okta",severity="WARN",event_type="okta Authentication Attempt Rejected Due to Invalid Client ID" value 191 timestamp 1732502299000
system_info_total with labels component="logging_aggregator",technology="datadog",severity="INFO",event_type="datadog Logger Event Received Successfully" value 814 timestamp 1732502299000
system_error_total with labels component="database_connection_pool",technology="postgresql",severity="ERROR",event_type="postgresql Connection Pool Acquisition Failed Due to Insufficient Available Connections" value 37 timestamp 1732502299000
system_critical_total with labels component="payment_processor",technology="paypal",severity="CRITICAL",event_type="paypal Payment Gateway Request Failed Due to Invalid Payment Method" value 1 timestamp 1732502299000
system_error_total with labels component="payment_processor",technology="braintree",severity="ERROR",event_type="braintree Payment Gateway Request Failed Due to Insufficient Funds" value 44 timestamp 1732502299000
system_info_total with labels component="service_mesh",technology="kuma",severity="INFO",event_type="kuma Service Mesh Proxy Started Successfully" value 351 timestamp 1732502299000
system_critical_total with labels component="authentication_service",technology="okta",severity="CRITICAL",event_type="okta Authentication Request Failed Due to Expired Token" value 4 timestamp 1732502299000
system_warning_total with labels component="logging_aggregator",technology="loki",severity="WARN",event_type="loki Log Retention Exceeded Threshold" value 112 timestamp 1732502299000
system_error_total with labels component="database_connection_pool",technology="mariadb",severity="ERROR",event_type="mariadb Connection Pool Exhausted Due to High Concurrent Access" value 19 timestamp 1732502299000
system_info_total with labels component="load_balancer",technology="aws-elb",severity="INFO",event_type="aws-elb Instance Started Successfully After Scaling" value 187 timestamp 1732502299000
system_critical_total with labels component="load_balancer",technology="aws-elb",severity="CRITICAL",event_type="aws-elb Elastic IP Not Found" value 2 timestamp 1732502299000
system_error_total with labels component="authentication_service",technology="oauth2",severity="ERROR",event_type="oauth2 Invalid Client Credentials" value 31 timestamp 1732502299000
system_info_total with labels component="logging_aggregator",technology="datadog",severity="INFO",event_type="datadog Log Buffer Overflowed by 1000 Events" value 942 timestamp 1732502299000
system_warning_total with labels component="notification_service",technology="sendgrid",severity="WARN",event_type="sendgrid Email Sending Rate Exceeded" value 117 timestamp 1732502299000
system_critical_total with labels component="search_indexer",technology="opensearch",severity="CRITICAL",event_type="opensearch Index Not Found" value 4 timestamp 1732502299000
system_error_total with labels component="payment_processor",technology="square",severity="ERROR",event_type="square Payment Gateway Connection Timeout" value 42 timestamp 1732502299000
system_critical_total with labels component="container_orchestrator",technology="docker-swarm",severity="CRITICAL",event_type="docker-swarm Service Not Started" value 2 timestamp 1732502299000
system_info_total with labels component="cache_manager",technology="ehcache",severity="INFO",event_type="ehcache Cache Eviction Triggered" value 814 timestamp 1732502299000
system_error_total with labels component="database_connection_pool",technology="mariadb",severity="ERROR",event_type="mariadb Connection Pool Empty" value 31 timestamp 1732502299000
system_critical_total with labels component="container_orchestrator",technology="aks",severity="CRITICAL",event_type="aks Pod Not Found" value 5 timestamp 1732502299000
system_warning_total with labels component="api_gateway",technology="nginx",severity="WARN",event_type="nginx Invalid Request Header" value 118 timestamp 1732502299000
system_critical_total with labels component="session_manager",technology="infinispan",severity="CRITICAL",event_type="infinispan Cache Eviction Due To Expiration" value 4 timestamp 1732502299000
system_error_total with labels component="service_mesh",technology="linkerd",severity="ERROR",event_type="linkerd Proxy Config Load Failure" value 48 timestamp 1732502299000
system_info_total with labels component="file_storage_handler",technology="gcs",severity="INFO",event_type="gcs Object Not Found In Archive" value 842 timestamp 1732502299000
system_critical_total with labels component="container_orchestrator",technology="docker-swarm",severity="CRITICAL",event_type="docker-swarm Node Not Found In Fleet" value 2 timestamp 1732502299000
system_error_total with labels component="logging_aggregator",technology="fluentd",severity="ERROR",event_type="fluentd Input Parser Failed To Parse Log" value 31 timestamp 1732502299000
system_warning_total with labels component="notification_service",technology="ses",severity="WARN",event_type="ses Message Queue Overflow Due To High Delivery Rate" value 117 timestamp 1732502299000
system_critical_total with labels component="authentication_service",technology="oauth2",severity="CRITICAL",event_type="oauth2 Client Certificate Invalid" value 4 timestamp 1732502299000
system_error_total with labels component="container_orchestrator",technology="aks",severity="ERROR",event_type="aks Node Not Found In Cluster" value 46 timestamp 1732502299000
system_info_total with labels component="cache_manager",technology="redis",severity="INFO",event_type="redis Cache Eviction Due To High Memory Usage" value 542 timestamp 1732502299000
system_critical_total with labels component="service_mesh",technology="kuma",severity="CRITICAL",event_type="kuma Service Mesh Security Configuration Failure" value 2 timestamp 1732502299000
system_error_total with labels component="payment_processor",technology="square",severity="ERROR",event_type="square Payment Card Expiration Date Mismatch" value 31 timestamp 1732502299000
system_warning_total with labels component="service_mesh",technology="kuma",severity="WARN",event_type="kuma Inbound Service Route Not Found" value 117 timestamp 1732502299000
system_info_total with labels component="cache_manager",technology="hazelcast",severity="INFO",event_type="hazelcast Cache Eviction Due To Memory Pressure" value 946 timestamp 1732502299000
system_critical_total with labels component="container_orchestrator",technology="ecs",severity="CRITICAL",event_type="ecs Task Definition Invalid Image URL" value 4 timestamp 1732502299000
system_error_total with labels component="session_manager",technology="memcached",severity="ERROR",event_type="memcached Client Connection Timeout" value 43 timestamp 1732502299000
system_critical_total with labels component="session_manager",technology="hazelcast",severity="CRITICAL",event_type="hazelcast InMemory Cache Exceeded Memory Threshold" value 2 timestamp 1732502299000
system_error_total with labels component="database_connection_pool",technology="postgresql",severity="ERROR",event_type="postgresql Connection Pool Exceeded Maximum Connections" value 12 timestamp 1732502299000
system_warning_total with labels component="cache_manager",technology="memcached",severity="WARN",event_type="memcached Cache Miss Rate Exceeded Threshold" value 187 timestamp 1732502299000
system_info_total with labels component="container_orchestrator",technology="nomad",severity="INFO",event_type="nomad Job Scheduling Interval Set" value 421 timestamp 1732502299000
system_critical_total with labels component="api_gateway",technology="kong",severity="CRITICAL",event_type="kong Plugin Registration Failed" value 4 timestamp 1732502299000
system_error_total with labels component="logging_aggregator",technology="elasticsearch",severity="ERROR",event_type="elasticsearch Index Not Found" value 34 timestamp 1732502299000
system_warning_total with labels component="file_storage_handler",technology="gcs",severity="WARN",event_type="gcs Bucket Exceeded Data Size Threshold" value 182 timestamp 1732502299000
system_critical_total with labels component="metrics_collector",technology="prometheus",severity="CRITICAL",event_type="prometheus scrape Interval Exceeded" value 2 timestamp 1732502299000
system_info_total with labels component="load_balancer",technology="haproxy",severity="INFO",event_type="haproxy Backend Connection Timed Out" value 421 timestamp 1732502299000
system_error_total with labels component="metrics_collector",technology="grafana",severity="ERROR",event_type="grafana API Request Timeout" value 48 timestamp 1732502299000
system_critical_total with labels component="database_connection_pool",technology="oracle",severity="CRITICAL",event_type="oracle JDBC Driver Exception" value 4 timestamp 1732502299000
system_warning_total with labels component="authentication_service",technology="okta",severity="WARN",event_type="okta Authentication Token Expired" value 191 timestamp 1732502299000
system_critical_total with labels component="metrics_collector",technology="prometheus",severity="CRITICAL",event_type="prometheus AlertManager Failure" value 3 timestamp 1732502299000
system_error_total with labels component="session_manager",technology="redis",severity="ERROR",event_type="redis Key Not Found" value 37 timestamp 1732502299000
system_info_total with labels component="notification_service",technology="smtp",severity="INFO",event_type="smtp Connection Time Out" value 517 timestamp 1732502299000
system_warning_total with labels component="logging_aggregator",technology="fluentd",severity="WARN",event_type="fluentd Log Buffer Overflow" value 193 timestamp 1732502299000
system_critical_total with labels component="metrics_collector",technology="grafana",severity="CRITICAL",event_type="grafana Dashboard Rendering Error" value 1 timestamp 1732502299000
system_error_total with labels component="logging_aggregator",technology="datadog",severity="ERROR",event_type="datadog API Request Time Out" value 29 timestamp 1732502299000
system_critical_total with labels component="session_manager",technology="memcached",severity="CRITICAL",event_type="memcached Cache Miss Due to Expiration" value 4 timestamp 1732502299000
system_critical_total with labels component="message_queue_consumer",technology="kafka",severity="CRITICAL",event_type="kafka Consumer Offset Out of Range" value 2 timestamp 1732502299000
system_warning_total with labels component="search_indexer",technology="elasticsearch",severity="WARN",event_type="elasticsearch Index Creation Time Out" value 191 timestamp 1732502299000
system_info_total with labels component="container_orchestrator",technology="docker-swarm",severity="INFO",event_type="docker Swarm Service Restarted Successfully" value 512 timestamp 1732502299000
system_error_total with labels component="notification_service",technology="twilio",severity="ERROR",event_type="twilio SMS Send Failure Due to Invalid Phone Number" value 43 timestamp 1732502299000
system_warning_total with labels component="load_balancer",technology="nginx",severity="WARN",event_type="nginx Error Log Rate Exceeded Threshold" value 137 timestamp 1732502299000
system_critical_total with labels component="message_queue_consumer",technology="rabbitmq",severity="CRITICAL",event_type="rabbitmq Connection Pool Exhausted Due to Server Crashed" value 1 timestamp 1732502299000
system_critical_total with labels component="container_orchestrator",technology="nomad",severity="CRITICAL",event_type="nomad Job Deployment Failed Due to Insufficient Resources" value 4 timestamp 1732502299000
system_error_total with labels component="message_queue_consumer",technology="kafka",severity="ERROR",event_type="kafka Broker Lag Exceeded Threshold" value 31 timestamp 1732502299000
system_warning_total with labels component="service_mesh",technology="envoy",severity="WARN",event_type="envoy Service Mesh Traffic Split Exceeded Threshold" value 118 timestamp 1732502299000
system_info_total with labels component="logging_aggregator",technology="fluentd",severity="INFO",event_type="fluentd Configuration Reloaded Successfully" value 421 timestamp 1732502299000
system_error_total with labels component="service_mesh",technology="consul",severity="ERROR",event_type="consul Service Discovery Failed Due to Host Unavailable" value 43 timestamp 1732502299000
system_critical_total with labels component="api_gateway",technology="nginx",severity="CRITICAL",event_type="nginx HTTP Server Connection Refused Due to Timed Out Request" value 2 timestamp 1732502299000
system_critical_total with labels component="service_mesh",technology="linkerd",severity="CRITICAL",event_type="linkerd Service Mesh Traffic Split Interrupted Due to Route Not Found" value 4 timestamp 1732502299000
system_critical_total with labels component="search_indexer",technology="solr",severity="CRITICAL",event_type="solr Indexing Process Failure Due to Core Not Responding" value 1 timestamp 1732502299000
system_warning_total with labels component="logging_aggregator",technology="splunk",severity="WARN",event_type="splunk Indexer Down Due to Disk Space Exceeded" value 189 timestamp 1732502299000
system_error_total with labels component="session_manager",technology="infinispan",severity="ERROR",event_type="infinispan Cache Eviction Due to Excessive Memory Usage" value 34 timestamp 1732502299000
system_error_total with labels component="api_gateway",technology="nginx",severity="ERROR",event_type="nginx HTTP Server Error Due to Invalid Request" value 46 timestamp 1732502299000
system_warning_total with labels component="search_indexer",technology="opensearch",severity="WARN",event_type="opensearch Indexing Process Failed Due to Missing Index Mapping" value 118 timestamp 1732502299000
system_critical_total with labels component="service_mesh",technology="istio",severity="CRITICAL",event_type="istio Service Mesh Authentication Failure Due to Missing Certificate" value 2 timestamp 1732502299000
system_error_total with labels component="container_orchestrator",technology="aks",severity="ERROR",event_type="aks Pod Creation Failed Due to Insufficient Network Resources" value 28 timestamp 1732502299000
system_info_total with labels component="authentication_service",technology="okta",severity="INFO",event_type="okta Authentication Process Successful for New User" value 351 timestamp 1732502299000
system_critical_total with labels component="payment_processor",technology="stripe",severity="CRITICAL",event_type="stripe Payment Processing Failed Due to Insufficient Funds" value 4 timestamp 1732502299000
system_error_total with labels component="metrics_collector",technology="newrelic",severity="ERROR",event_type="newrelic Data Collection Interval Exceeded" value 41 timestamp 1732502299000
system_warning_total with labels component="logging_aggregator",technology="datadog",severity="WARN",event_type="datadog Log Volume Exceeded 50% Threshold" value 134 timestamp 1732502299000
system_critical_total with labels component="session_manager",technology="jwt",severity="CRITICAL",event_type="jwt Token Validation Failed Due to Expired Secret" value 2 timestamp 1732502299000
system_error_total with labels component="load_balancer",technology="azure-lb",severity="ERROR",event_type="azure-lb Session Re-Direction Due to Target Unavailability" value 28 timestamp 1732502299000
system_info_total with labels component="notification_service",technology="sendgrid",severity="INFO",event_type="sendgrid Email Delivery to Undeliverable Address" value 507 timestamp 1732502299000
system_error_total with labels component="notification_service",technology="firebase",severity="ERROR",event_type="firebase Cloud Function Execution Time Exceeded for Sending SMS" value 48 timestamp 1732502299000
system_critical_total with labels component="authentication_service",technology="oauth2",severity="CRITICAL",event_type="oauth2 Token Validation Failed Due to Invalid Client ID" value 4 timestamp 1732502299000
system_warning_total with labels component="container_orchestrator",technology="nomad",severity="WARN",event_type="nomad Job Not Found due to Incorrect Job Configuration" value 141 timestamp 1732502299000
system_error_total with labels component="notification_service",technology="smtp",severity="ERROR",event_type="smtp Email Delivery Failed due to Invalid SMTP Host" value 23 timestamp 1732502299000
system_critical_total with labels component="authentication_service",technology="keycloak",severity="CRITICAL",event_type="keycloak Authentication Token Expiration Due to Inactive User" value 2 timestamp 1732502299000
system_warning_total with labels component="cache_manager",technology="memcached",severity="WARN",event_type="memcached Cache Miss Due to Evicted Item" value 187 timestamp 1732502299000
system_error_total with labels component="file_storage_handler",technology="nfs",severity="ERROR",event_type="nfs File System Unmounted Due to File System Corruption" value 31 timestamp 1732502299000
system_info_total with labels component="logging_aggregator",technology="elasticsearch",severity="INFO",event_type="elasticsearch Index Not Created Due to Index Not Exists" value 517 timestamp 1732502299000
system_critical_total with labels component="logging_aggregator",technology="splunk",severity="CRITICAL",event_type="splunk Search Processing Failed Due to Invalid Index Name" value 4 timestamp 1732502299000
system_error_total with labels component="database_connection_pool",technology="mysql",severity="ERROR",event_type="mysql Connection Timeout Due to Slow Connection to Database" value 42 timestamp 1732502299000
system_info_total with labels component="load_balancer",technology="haproxy",severity="INFO",event_type="haproxy Server Not Responding Due to Unknown Error" value 219 timestamp 1732502299000
system_critical_total with labels component="container_orchestrator",technology="ecs",severity="CRITICAL",event_type="ecs Task Not Started Due to Insufficient CPU Resources" value 9 timestamp 1732502299000
system_error_total with labels component="file_storage_handler",technology="s3",severity="ERROR",event_type="s3 Failed to Create Bucket Due to Concurrent Write Access" value 118 timestamp 1732502299000
system_warning_total with labels component="file_storage_handler",technology="minio",severity="WARN",event_type="minio Bucket Not Found Due to Incorrect Path" value 193 timestamp 1732502299000
system_critical_total with labels component="session_manager",technology="jwt",severity="CRITICAL",event_type="jwt Signature Validation Failed Due to Expired Token" value 4 timestamp 1732502299000
system_error_total with labels component="authentication_service",technology="jwt",severity="ERROR",event_type="jwt Token Verification Failed Due to Invalid Payload" value 31 timestamp 1732502299000
system_warning_total with labels component="authentication_service",technology="oauth2",severity="WARN",event_type="oauth2 Token Refresh Failed Due to Rate Limit Exceeded" value 127 timestamp 1732502299000
system_critical_total with labels component="payment_processor",technology="paypal",severity="CRITICAL",event_type="paypal Payment Processing Failed Due to Insufficient Funds" value 2 timestamp 1732502299000
system_error_total with labels component="file_storage_handler",technology="s3",severity="ERROR",event_type="s3 Object Upload Failed Due to Invalid Bucket Name" value 46 timestamp 1732502299000
system_info_total with labels component="authentication_service",technology="auth0",severity="INFO",event_type="auth0 Session Expiration Detected" value 812 timestamp 1732502299000
system_critical_total with labels component="message_queue_consumer",technology="aws-sqs",severity="CRITICAL",event_type="aws-sqs Queue Dequeue Attempt Failed Due to Unknown Queue URL" value 4 timestamp 1732502299000
system_error_total with labels component="metrics_collector",technology="prometheus",severity="ERROR",event_type="prometheus Metrics Scrape Failed Due to Unknown Metrics" value 37 timestamp 1732502299000
system_warning_total with labels component="service_mesh",technology="consul",severity="WARN",event_type="consul Service Discovery Failure Due to Inconsistent Service Registry" value 183 timestamp 1732502299000
system_critical_total with labels component="notification_service",technology="ses",severity="CRITICAL",event_type="ses Email Sending Failed Due to Invalid Sender Policy" value 2 timestamp 1732502299000
system_info_total with labels component="metrics_collector",technology="dynatrace",severity="INFO",event_type="dynatrace Configuration Reload Failed Due to Missing License Key" value 219 timestamp 1732502299000
system_error_total with labels component="cache_manager",technology="ehcache",severity="ERROR",event_type="ehcache Cache Eviction Failure Due to Insufficient Memory" value 48 timestamp 1732502299000
system_warning_total with labels component="cache_manager",technology="hazelcast",severity="WARN",event_type="hazelcast Cache Configuration Failure Due to Inconsistent Cluster State" value 91 timestamp 1732502299000
system_critical_total with labels component="api_gateway",technology="nginx",severity="CRITICAL",event_type="nginx HTTP Request Failed Due to Invalid Certificate" value 1 timestamp 1732502299000
system_info_total with labels component="container_orchestrator",technology="docker-swarm",severity="INFO",event_type="docker-swarm Service Restart Due to Container Crash" value 187 timestamp 1732502299000
system_error_total with labels component="search_indexer",technology="elasticsearch",severity="ERROR",event_type="elasticsearch Index Creation Failed Due to Insufficient Disk Space" value 32 timestamp 1732502299000
system_critical_total with labels component="file_storage_handler",technology="azure-blob",severity="CRITICAL",event_type="azure-blob Blob Storage Container Deletion Due to Expiration" value 4 timestamp 1732502299000
system_warning_total with labels component="authentication_service",technology="keycloak",severity="WARN",event_type="keycloak Authentication Attempt Failed Due to Incorrect Password" value 118 timestamp 1732502299000
system_info_total with labels component="file_storage_handler",technology="minio",severity="INFO",event_type="minio Bucket Access Request Completed Successfully" value 542 timestamp 1732502299000
system_error_total with labels component="database_connection_pool",technology="postgres",severity="ERROR",event_type="postgres Failed to Establish Connection Due to Invalid Credentials" value 14 timestamp 1732502299000
system_critical_total with labels component="logging_aggregator",technology="splunk",severity="CRITICAL",event_type="splunk Search Query Failed Due to Index Corruption" value 2 timestamp 1732502299000
system_error_total with labels component="notification_service",technology="firebase",severity="ERROR",event_type="firebase Failed to Send Notification Due to Invalid Message Token" value 37 timestamp 1732502299000
system_critical_total with labels component="load_balancer",technology="haproxy",severity="CRITICAL",event_type="haproxy Server Crash Due to Memory Exhaustion" value 4 timestamp 1732502299000
system_error_total with labels component="search_indexer",technology="solr",severity="ERROR",event_type="solr Query Failed Due to Stale Data" value 41 timestamp 1732502299000
system_info_total with labels component="search_indexer",technology="algolia",severity="INFO",event_type="algolia Index Refresh Successful" value 817 timestamp 1732502299000
system_warning_total with labels component="container_orchestrator",technology="nomad",severity="WARN",event_type="nomad Job Failed to Start Due to Insufficient Resources" value 117 timestamp 1732502299000
system_critical_total with labels component="database_connection_pool",technology="postgres",severity="CRITICAL",event_type="postgres Connection Pool Exhausted Due to Resource Limit" value 2 timestamp 1732502299000
system_error_total with labels component="service_mesh",technology="envoy",severity="ERROR",event_type="envoy Proxy Failed to Establish HTTP Connection" value 48 timestamp 1732502299000
system_critical_total with labels component="service_mesh",technology="kuma",severity="CRITICAL",event_type="kuma Network Proxy Crash Due to Unexpected Configuration Change" value 5 timestamp 1732502299000
system_info_total with labels component="api_gateway",technology="nginx",severity="INFO",event_type="nginx HTTP Request Failed Due to Invalid Route Configuration" value 819 timestamp 1732502299000
system_warning_total with labels component="cache_manager",technology="redis",severity="WARN",event_type="redis Cache Eviction Due to Expiring Keys" value 192 timestamp 1732502299000
system_error_total with labels component="logging_aggregator",technology="elasticsearch",severity="ERROR",event_type="elasticsearch Index Creation Failed Due to Insufficient disk Space" value 31 timestamp 1732502299000
system_critical_total with labels component="session_manager",technology="memcached",severity="CRITICAL",event_type="memcached Cache Corruption Due to Inconsistent Data" value 2 timestamp 1732502299000
system_critical_total with labels component="logging_aggregator",technology="loki",severity="CRITICAL",event_type="loki Log Retention Policy Exceeded Due to Large Log Volume" value 4 timestamp 1732502299000
system_error_total with labels component="authentication_service",technology="auth0",severity="ERROR",event_type="auth0 User Authentication Failed Due to Invalid Credentials" value 43 timestamp 1732502299000
system_critical_total with labels component="api_gateway",technology="envoy",severity="CRITICAL",event_type="envoy HTTP Route Failure Due to Protocol Version Mismatch" value 1 timestamp 1732502299000
system_warning_total with labels component="container_orchestrator",technology="aks",severity="WARN",event_type="aks Pod Restart Required Due to CPU Allocation Limit Exceeded" value 119 timestamp 1732502299000
system_error_total with labels component="authentication_service",technology="oauth2",severity="ERROR",event_type="oauth2 Client Credentials Invalid Due to Expiration" value 31 timestamp 1732502299000
system_info_total with labels component="metrics_collector",technology="prometheus",severity="INFO",event_type="prometheus scrape Failed Due to Network Unreachable" value 421 timestamp 1732502299000
system_critical_total with labels component="load_balancer",technology="nginx",severity="CRITICAL",event_type="nginx Server Error 502 Due to Connection Reset" value 4 timestamp 1732502299000
system_error_total with labels component="cache_manager",technology="hazelcast",severity="ERROR",event_type="hazelcast Cache Eviction Due to Memory Pressure" value 92 timestamp 1732502299000
system_critical_total with labels component="payment_processor",technology="square",severity="CRITICAL",event_type="square Payment Gateway Authentication Failed Due to Invalid Token" value 2 timestamp 1732502299000
system_warning_total with labels component="cache_manager",technology="ehcache",severity="WARN",event_type="ehcache Cache Eviction Due to Age Threshold Exceeded" value 118 timestamp 1732502299000
system_error_total with labels component="search_indexer",technology="meilisearch",severity="ERROR",event_type="meilisearch Indexing Failed Due to Duplicate Document" value 39 timestamp 1732502299000
system_info_total with labels component="search_indexer",technology="algolia",severity="INFO",event_type="algolia Search Query Executed Successfully" value 942 timestamp 1732502299000
system_critical_total with labels component="api_gateway",technology="traefik",severity="CRITICAL",event_type="traefik Inbound Request Timeout Exceeded Due to Service Unavailability" value 4 timestamp 1732502299000
system_error_total with labels component="authentication_service",technology="keycloak",severity="ERROR",event_type="keycloak Authentication Attempt Failed Due to Incorrect Credentials" value 44 timestamp 1732502299000
system_warning_total with labels component="metrics_collector",technology="newrelic",severity="WARN",event_type="newrelic Data Collection Interval Exceeded" value 187 timestamp 1732502299000
system_info_total with labels component="metrics_collector",technology="newrelic",severity="INFO",event_type="newrelic Agent Health Check Passed Successfully" value 812 timestamp 1732502299000
system_critical_total with labels component="metrics_collector",technology="grafana",severity="CRITICAL",event_type="grafana Database Query Time Exceeded Due to High Memory Usage" value 2 timestamp 1732502299000
system_error_total with labels component="cache_manager",technology="ehcache",severity="ERROR",event_type="ehcache Cache Eviction Threshold Exceeded" value 31 timestamp 1732502299000
system_critical_total with labels component="service_mesh",technology="consul",severity="CRITICAL",event_type="consul Cluster Node Became Unhealthy Due to Network Partition" value 4 timestamp 1732502299000
system_warning_total with labels component="authentication_service",technology="okta",severity="WARN",event_type="okta Authentication Session Expiration Due to Idle Time" value 118 timestamp 1732502299000
system_error_total with labels component="api_gateway",technology="traefik",severity="ERROR",event_type="traefik Inbound Rule Matching Failed Due to Invalid Client Certificate" value 46 timestamp 1732502299000
system_info_total with labels component="container_orchestrator",technology="aks",severity="INFO",event_type="aks Pod Node Became Unavailable Due to Insufficient Disk Space" value 187 timestamp 1732502299000
system_critical_total with labels component="cache_manager",technology="ehcache",severity="CRITICAL",event_type="ehcache Cache Eviction Threshold Exceeded Due to High Memory Usage" value 2 timestamp 1732502299000
system_error_total with labels component="search_indexer",technology="algolia",severity="ERROR",event_type="algolia Index Refresh Failed Due to Duplicate Entry" value 31 timestamp 1732502299000
system_warning_total with labels component="notification_service",technology="smtp",severity="WARN",event_type="smtp Email Sending Rate Exceeded Due to High Volume of Unsent Messages" value 134 timestamp 1732502299000
system_info_total with labels component="authentication_service",technology="auth0",severity="INFO",event_type="auth0 Users Login Attempt Failed Due to Invalid Credentials" value 942 timestamp 1732502299000
system_critical_total with labels component="load_balancer",technology="nginx",severity="CRITICAL",event_type="nginx Connection Timeout Due to Unresponsive Backend Server" value 4 timestamp 1732502299000
system_error_total with labels component="message_queue_consumer",technology="rabbitmq",severity="ERROR",event_type="rabbitmq Channel Closure Due to Invalid Acknowledgement" value 14 timestamp 1732502299000
system_warning_total with labels component="file_storage_handler",technology="nfs",severity="WARN",event_type="nfs File Write Operation Rate Exceeded Due to High Volume of Concurrent Accesses" value 187 timestamp 1732502299000
system_critical_total with labels component="database_connection_pool",technology="mysql",severity="CRITICAL",event_type="mysql Connection Leak Due to Insufficient Pool Size" value 2 timestamp 1732502299000
system_info_total with labels component="container_orchestrator",technology="ecs",severity="INFO",event_type="ecs Task Launch Failed Due to Insufficient Container Instance Availability" value 817 timestamp 1732502299000
system_error_total with labels component="payment_processor",technology="paypal",severity="ERROR",event_type="paypal Payment Processing Request Timed Out Due to Network Connectivity Issues" value 46 timestamp 1732502299000
system_critical_total with labels component="notification_service",technology="twilio",severity="CRITICAL",event_type="twilio Failed to Send SMS Due to Invalid Account Authentication" value 6 timestamp 1732502299000
system_warning_total with labels component="container_orchestrator",technology="docker-swarm",severity="WARN",event_type="docker-swarm Node Became Unavailable Due to Insufficient Number of Available Workers" value 139 timestamp 1732502299000
system_info_total with labels component="logging_aggregator",technology="fluentd",severity="INFO",event_type="fluentd Buffer Became Full Due to Increased Log Volume" value 942 timestamp 1732502299000
system_critical_total with labels component="message_queue_consumer",technology="aws-sqs",severity="CRITICAL",event_type="aws-sqs Queue Became Unreachable Due to Temporary Loss of Service" value 3 timestamp 1732502299000
system_error_total with labels component="notification_service",technology="ses",severity="ERROR",event_type="ses Failed to Send Email Due to Invalid Sender Policy Framework (SPF) Record" value 28 timestamp 1732502299000
system_warning_total with labels component="database_connection_pool",technology="mysql",severity="WARN",event_type="mysql Connection Pool Exceeded Maximum Allowed Connections by 25%" value 186 timestamp 1732502299000
system_info_total with labels component="cache_manager",technology="memcached",severity="INFO",event_type="memcached Eviction Due to High Memory Usage" value 817 timestamp 1732502299000
system_critical_total with labels component="container_orchestrator",technology="ecs",severity="CRITICAL",event_type="ecs Task Became Unhealthy Due to Insufficient CPU Resources" value 4 timestamp 1732502299000
system_error_total with labels component="authentication_service",technology="okta",severity="ERROR",event_type="okta Authentication Attempt Failed Due to Missing Session Token" value 11 timestamp 1732502299000
system_warning_total with labels component="metrics_collector",technology="grafana",severity="WARN",event_type="grafana Data Source Not Found Due to Misconfigured API Endpoint" value 95 timestamp 1732502299000
system_critical_total with labels component="cache_manager",technology="ehcache",severity="CRITICAL",event_type="ehcache Cache Became Corrupted Due to Invalid Cache Configuration" value 2 timestamp 1732502299000
system_critical_total with labels component="service_mesh",technology="istio",severity="CRITICAL",event_type="istio Service Mesh Failed to Establish Synchronization with Sidecar" value 1 timestamp 1732502299000
system_error_total with labels component="message_queue_consumer",technology="rabbitmq",severity="ERROR",event_type="rabbitmq Consumer Connection Lost Due to Network Partition" value 23 timestamp 1732502299000
system_info_total with labels component="notification_service",technology="smtp",severity="INFO",event_type="smtp Email Sending Failed Due to Invalid SMTP Server Configuration" value 117 timestamp 1732502299000
system_error_total with labels component="notification_service",technology="ses",severity="ERROR",event_type="ses Request to Send Email Failed Due to SignaturePolicyID Mismatch" value 31 timestamp 1732502299000
system_critical_total with labels component="payment_processor",technology="braintree",severity="CRITICAL",event_type="braintree Payment Gateway Rejected Transaction Due to Insufficient Funds" value 4 timestamp 1732502299000
system_warning_total with labels component="cache_manager",technology="hazelcast",severity="WARN",event_type="hazelcast InMemoryCache Eviction Due to High Heap Usage" value 142 timestamp 1732502299000
system_info_total with labels component="logging_aggregator",technology="loki",severity="INFO",event_type="loki Log Stream Buffering Exceeded" value 421 timestamp 1732502299000
system_critical_total with labels component="api_gateway",technology="apache",severity="CRITICAL",event_type="apache Httpd Process Died Due to Resource Leaks" value 2 timestamp 1732502299000
system_error_total with labels component="database_connection_pool",technology="oracle",severity="ERROR",event_type="oracle JDBC Connection Pool Exhausted Due to Insufficient Available Connections" value 19 timestamp 1732502299000
system_error_total with labels component="database_connection_pool",technology="oracle",severity="ERROR",event_type="oracle JDBC Connection Pool Closed Due to Idle Connection Timeout" value 11 timestamp 1732502299000
system_warning_total with labels component="metrics_collector",technology="dynatrace",severity="WARN",event_type="dynatrace Monitoring Interval Missed Due to System Downtime" value 187 timestamp 1732502299000
system_critical_total with labels component="message_queue_consumer",technology="rabbitmq",severity="CRITICAL",event_type="rabbitmq Consumer Processed Message with Invalid JSON Payload" value 1 timestamp 1732502299000
system_info_total with labels component="cache_manager",technology="memcached",severity="INFO",event_type="memcached Server Reconnected After Sudden Disconnection" value 512 timestamp 1732502299000
system_error_total with labels component="load_balancer",technology="haproxy",severity="ERROR",event_type="haproxy Backend Server 503 Service Unavailable Due to Configuration Mismatch" value 32 timestamp 1732502299000
system_warning_total with labels component="cache_manager",technology="redis",severity="WARN",event_type="redis Client Connection Timed Out After 30 Seconds of Idle" value 192 timestamp 1732502299000
system_critical_total with labels component="api_gateway",technology="apache",severity="CRITICAL",event_type="apache Httpd Child Process Crashed Due to Segmentation Fault" value 3 timestamp 1732502299000
system_info_total with labels component="container_orchestrator",technology="aks",severity="INFO",event_type="aks Node Pool Scale Down Triggered by Low CPU Utilization" value 421 timestamp 1732502299000
system_error_total with labels component="payment_processor",technology="adyen",severity="ERROR",event_type="adyen Payment Gateway API Request Failed Due to Invalid Card Number" value 19 timestamp 1732502299000
system_warning_total with labels component="notification_service",technology="ses",severity="WARN",event_type="ses Message Delivery Rate Exceeded Due to High Bounce Rate" value 118 timestamp 1732502299000
system_critical_total with labels component="container_orchestrator",technology="nomad",severity="CRITICAL",event_type="nomad Job Failed Due to Insufficient Resources" value 2 timestamp 1732502299000
system_critical_total with labels component="database_connection_pool",technology="mariadb",severity="CRITICAL",event_type="mariadb Connection Pool Exhausted Due to Deadlock" value 4 timestamp 1732502299000
system_error_total with labels component="search_indexer",technology="algolia",severity="ERROR",event_type="algolia Search Indexer Stuck on Initializing Due to Missing Index Configuration" value 14 timestamp 1732502299000
system_info_total with labels component="search_indexer",technology="elasticsearch",severity="INFO",event_type="elasticsearch Index Refresh Success" value 351 timestamp 1732502299000
system_warning_total with labels component="cache_manager",technology="hazelcast",severity="WARN",event_type="hazelcast Cache Eviction Due to Excessive Evictions Per Second" value 75 timestamp 1732502299000
system_critical_total with labels component="container_orchestrator",technology="kubernetes",severity="CRITICAL",event_type="kubernetes Pod Deletion Failed Due to Concurrent Pod Creation" value 8 timestamp 1732502299000
system_error_total with labels component="service_mesh",technology="consul",severity="ERROR",event_type="consul Service Discovery Failure Due to Insufficient Service Registry Nodes" value 38 timestamp 1732502299000
system_warning_total with labels component="cache_manager",technology="memcached",severity="WARN",event_type="memcached Cache Expiration Due to High Eviction Rate" value 118 timestamp 1732502299000
system_critical_total with labels component="load_balancer",technology="nginx",severity="CRITICAL",event_type="nginx Connection Refused Due to Inbound Request Overflow" value 4 timestamp 1732502299000
system_error_total with labels component="payment_processor",technology="braintree",severity="ERROR",event_type="braintree Payment Processing Failed Due to Invalid Credit Card Number" value 14 timestamp 1732502299000
system_info_total with labels component="search_indexer",technology="algolia",severity="INFO",event_type="algolia Search Index Reindex Completed Successfully" value 942 timestamp 1732502299000
system_critical_total with labels component="api_gateway",technology="kong",severity="CRITICAL",event_type="kong Inbound Request Rate Exceeded Due to High CPU Utilization" value 2 timestamp 1732502299000
system_warning_total with labels component="load_balancer",technology="haproxy",severity="WARN",event_type="haproxy Session Timeout Due to Idle Timeout Configuration" value 187 timestamp 1732502299000
system_error_total with labels component="container_orchestrator",technology="docker-swarm",severity="ERROR",event_type="docker-swarm Service Node Failed Due to Insufficient Resources" value 31 timestamp 1732502299000
system_critical_total with labels component="load_balancer",technology="azure-lb",severity="CRITICAL",event_type="azure-lb Connection Refused Due to Target Group Unavailable" value 4 timestamp 1732502299000
system_info_total with labels component="service_mesh",technology="consul",severity="INFO",event_type="consul Service Not Found Due to Unhealthy Node" value 857 timestamp 1732502299000
system_error_total with labels component="container_orchestrator",technology="aks",severity="ERROR",event_type="aks Pod Crashed Due to Kubelet Disk Space Limit Exceeded" value 28 timestamp 1732502299000
system_critical_total with labels component="metrics_collector",technology="datadog",severity="CRITICAL",event_type="datadog API Request Time Exceeded Due to High Queue Depth" value 2 timestamp 1732502299000
system_critical_total with labels component="search_indexer",technology="opensearch",severity="CRITICAL",event_type="opensearch Index Write Failed Due to Insufficient Disk Space" value 5 timestamp 1732502299000
system_error_total with labels component="metrics_collector",technology="newrelic",severity="ERROR",event_type="newrelic API Request Failed Due to Authentication Token Expired" value 31 timestamp 1732502299000
system_critical_total with labels component="search_indexer",technology="algolia",severity="CRITICAL",event_type="algolia Index Reindexing Failed Due to High CPU Usage" value 4 timestamp 1732502299000
system_warning_total with labels component="file_storage_handler",technology="gcs",severity="WARN",event_type="gcs Bucket Policy Update Failed Due to Invalid IAM Role" value 187 timestamp 1732502299000
system_error_total with labels component="file_storage_handler",technology="s3",severity="ERROR",event_type="s3 Object Upload Failed Due to Insufficient Permissions" value 42 timestamp 1732502299000
system_info_total with labels component="api_gateway",technology="traefik",severity="INFO",event_type="traefik Inbound Rule Update Successful" value 312 timestamp 1732502299000
system_critical_total with labels component="load_balancer",technology="traefik",severity="CRITICAL",event_type="traefik Health Check Failed Due to Server Unreachable" value 2 timestamp 1732502299000
system_error_total with labels component="file_storage_handler",technology="nfs",severity="ERROR",event_type="nfs Mount Point Unavailable Due to Network Connectivity Issues" value 79 timestamp 1732502299000
system_warning_total with labels component="logging_aggregator",technology="elasticsearch",severity="WARN",event_type="elasticsearch Index Creation Failed Due to Index Template Mismatch" value 118 timestamp 1732502299000
system_critical_total with labels component="file_storage_handler",technology="nfs",severity="CRITICAL",event_type="nfs Mount Point Unavailable Due to Filesystem Corruption" value 4 timestamp 1732502299000
system_error_total with labels component="api_gateway",technology="apache",severity="ERROR",event_type="apache Configuration File Inconsistent with Expected Format" value 44 timestamp 1732502299000
system_info_total with labels component="container_orchestrator",technology="kubernetes",severity="INFO",event_type="kubernetes Pod Restarted Due to Node Unavailability" value 212 timestamp 1732502299000
system_critical_total with labels component="metrics_collector",technology="dynatrace",severity="CRITICAL",event_type="dynatrace Monitoring Agent Process Crash Due to Outdated Software" value 2 timestamp 1732502299000
system_error_total with labels component="logging_aggregator",technology="elasticsearch",severity="ERROR",event_type="elasticsearch Index Creation Failed Due to Index Template Mismatch" value 11 timestamp 1732502299000
system_critical_total with labels component="payment_processor",technology="square",severity="CRITICAL",event_type="square Payment Gateway Connection Lost Due to Certificate Expiration" value 7 timestamp 1732502299000
system_warning_total with labels component="api_gateway",technology="nginx",severity="WARN",event_type="nginx SSL Certificate Not Yet Valid" value 187 timestamp 1732502299000
system_info_total with labels component="session_manager",technology="hazelcast",severity="INFO",event_type="hazelcast Cluster Node Lost Due to Network Partition" value 817 timestamp 1732502299000
system_error_total with labels component="session_manager",technology="hazelcast",severity="ERROR",event_type="hazelcast Cache Eviction Due to Insufficient Memory" value 46 timestamp 1732502299000
system_critical_total with labels component="database_connection_pool",technology="oracle",severity="CRITICAL",event_type="oracle Database Connection Pool Exceeded Maximum Wait Time" value 2 timestamp 1732502299000
system_error_total with labels component="container_orchestrator",technology="kubernetes",severity="ERROR",event_type="kubernetes Pod Crashed Due to Insufficient Resources" value 31 timestamp 1732502299000
system_warning_total with labels component="message_queue_consumer",technology="aws-sqs",severity="WARN",event_type="aws-sqs Message Queue Dequeue Timeout Exceeded" value 189 timestamp 1732502299000
system_critical_total with labels component="payment_processor",technology="braintree",severity="CRITICAL",event_type="braintree Payment Processing Failed Due to Invalid Payment Method" value 4 timestamp 1732502299000
system_info_total with labels component="cache_manager",technology="ehcache",severity="INFO",event_type="ehcache Cache Eviction Due to Expiration Time Exceeded" value 942 timestamp 1732502299000
system_error_total with labels component="container_orchestrator",technology="aks",severity="ERROR",event_type="aks NodePool Scaling Failure Due to Insufficient Resources" value 14 timestamp 1732502299000
system_warning_total with labels component="cache_manager",technology="memcached",severity="WARN",event_type="memcached Cache Hit Rate Below Threshold" value 117 timestamp 1732502299000
system_critical_total with labels component="authentication_service",technology="keycloak",severity="CRITICAL",event_type="keycloak Authentication Attempt Rejected Due to Invalid Credentials" value 2 timestamp 1732502299000
system_info_total with labels component="service_mesh",technology="kuma",severity="INFO",event_type="kuma Service Mesh Configuration Load Failed Due to Invalid Protocol Version" value 812 timestamp 1732502299000
system_error_total with labels component="load_balancer",technology="nginx",severity="ERROR",event_type="nginx Server Certificate Verification Failed" value 46 timestamp 1732502299000
system_critical_total with labels component="logging_aggregator",technology="splunk",severity="CRITICAL",event_type="splunk Search Index Full Due to High Log Volume" value 4 timestamp 1732502299000
system_error_total with labels component="session_manager",technology="infinispan",severity="ERROR",event_type="infinispan Cache Entry Expiration Time Exceeded" value 31 timestamp 1732502299000
system_warning_total with labels component="file_storage_handler",technology="minio",severity="WARN",event_type="minio Bucket Insufficient Storage Quota" value 118 timestamp 1732502299000
system_info_total with labels component="notification_service",technology="firebase",severity="INFO",event_type="firebase Cloud Function Timed Out Due To Execution Time Exceeding 10 Minutes" value 942 timestamp 1732502299000
system_critical_total with labels component="authentication_service",technology="keycloak",severity="CRITICAL",event_type="keycloak Realm Authentication Failed Due To Expired Client Token" value 2 timestamp 1732502299000
system_error_total with labels component="payment_processor",technology="braintree",severity="ERROR",event_type="braintree Payment Gateway Authentication Failed" value 48 timestamp 1732502299000
system_warning_total with labels component="file_storage_handler",technology="s3",severity="WARN",event_type="s3 Bucket Policy Deny Due To Insufficient Permissions" value 167 timestamp 1732502299000
system_critical_total with labels component="api_gateway",technology="nginx",severity="CRITICAL",event_type="nginx Upstream Server is Down Due To Host Unavailable" value 1 timestamp 1732502299000
system_info_total with labels component="service_mesh",technology="linkerd",severity="INFO",event_type="linkerd Proxy Not Found" value 351 timestamp 1732502299000
system_error_total with labels component="session_manager",technology="jwt",severity="ERROR",event_type="jwt Signature Verification Failed Due To Expired Token" value 22 timestamp 1732502299000
system_critical_total with labels component="message_queue_consumer",technology="rabbitmq",severity="CRITICAL",event_type="rabbitmq Connection Refused By Host" value 4 timestamp 1732502299000
system_warning_total with labels component="cache_manager",technology="ehcache",severity="WARN",event_type="ehcache Cache Eviction Due To High Memory Usage" value 187 timestamp 1732502299000
system_critical_total with labels component="message_queue_consumer",technology="activemq",severity="CRITICAL",event_type="activemq Connection Refused By Broker" value 2 timestamp 1732502299000
system_info_total with labels component="load_balancer",technology="traefik",severity="INFO",event_type="traefik Inbound Rule Not Found" value 219 timestamp 1732502299000
system_error_total with labels component="metrics_collector",technology="dynatrace",severity="ERROR",event_type="dynatrace Monitoring Service Unreachable" value 14 timestamp 1732502299000
system_critical_total with labels component="load_balancer",technology="haproxy",severity="CRITICAL",event_type="haproxy Session Time Out" value 6 timestamp 1732502299000
system_warning_total with labels component="logging_aggregator",technology="splunk",severity="WARN",event_type="splunk Index Not Found" value 108 timestamp 1732502299000
system_error_total with labels component="load_balancer",technology="traefik",severity="ERROR",event_type="traefik Rule Not Found" value 48 timestamp 1732502299000
system_critical_total with labels component="message_queue_consumer",technology="kafka",severity="CRITICAL",event_type="kafka Broader Exception" value 3 timestamp 1732502299000
system_info_total with labels component="database_connection_pool",technology="postgres",severity="INFO",event_type="postgres Query Optimized" value 217 timestamp 1732502299000
system_error_total with labels component="notification_service",technology="twilio",severity="ERROR",event_type="twilio Account Exceeded" value 92 timestamp 1732502299000
system_warning_total with labels component="cache_manager",technology="ehcache",severity="WARN",event_type="ehcache Memory Exceeded" value 117 timestamp 1732502299000
system_critical_total with labels component="payment_processor",technology="square",severity="CRITICAL",event_type="square Payment Declined" value 1 timestamp 1732502299000
system_critical_total with labels component="cache_manager",technology="redis",severity="CRITICAL",event_type="redis Key Expiration" value 2 timestamp 1732502299000
system_info_total with labels component="api_gateway",technology="envoy",severity="INFO",event_type="envoy Route Matched" value 219 timestamp 1732502299000
system_error_total with labels component="database_connection_pool",technology="mariadb",severity="ERROR",event_type="mariadb Connection Timed Out" value 14 timestamp 1732502299000
system_critical_total with labels component="session_manager",technology="memcached",severity="CRITICAL",event_type="memcached Cache Miss" value 4 timestamp 1732502299000
system_warning_total with labels component="database_connection_pool",technology="mongodb",severity="WARN",event_type="mongodb Write Timeout" value 43 timestamp 1732502299000
system_info_total with labels component="logging_aggregator",technology="loki",severity="INFO",event_type="loki Log Flush Succeeded" value 812 timestamp 1732502299000
system_error_total with labels component="load_balancer",technology="haproxy",severity="ERROR",event_type="haproxy Frontend Connection Refused" value 38 timestamp 1732502299000
system_critical_total with labels component="search_indexer",technology="elasticsearch",severity="CRITICAL",event_type="elasticsearch Index Creation Failed" value 2 timestamp 1732502299000
system_info_total with labels component="metrics_collector",technology="prometheus",severity="INFO",event_type="prometheus scrape Successful" value 946 timestamp 1732502299000
system_critical_total with labels component="database_connection_pool",technology="postgres",severity="CRITICAL",event_type="postgres Connection Pool Dead" value 4 timestamp 1732502299000
system_error_total with labels component="logging_aggregator",technology="datadog",severity="ERROR",event_type="datadog API Request Timeout" value 43 timestamp 1732502299000
system_warning_total with labels component="logging_aggregator",technology="fluentd",severity="WARN",event_type="fluentd Buffer Overflow" value 118 timestamp 1732502299000
system_critical_total with labels component="database_connection_pool",technology="mysql",severity="CRITICAL",event_type="mysql Connection Reset" value 1 timestamp 1732502299000
system_error_total with labels component="logging_aggregator",technology="datadog",severity="ERROR",event_type="datadog API Authentication Failed" value 28 timestamp 1732502299000
system_info_total with labels component="load_balancer",technology="aws-elb",severity="INFO",event_type="aws-elb Connection Established" value 351 timestamp 1732502299000
system_critical_total with labels component="authentication_service",technology="oauth2",severity="CRITICAL",event_type="oauth2 Token Expiration" value 2 timestamp 1732502299000
system_error_total with labels component="container_orchestrator",technology="docker-swarm",severity="ERROR",event_type="docker-swarm Service Start Failed" value 46 timestamp 1732502299000
system_warning_total with labels component="database_connection_pool",technology="mysql",severity="WARN",event_type="mysql Connection Timeout" value 118 timestamp 1732502299000
system_info_total with labels component="api_gateway",technology="traefik",severity="INFO",event_type="traefik Inbound Rule Created" value 421 timestamp 1732502299000
system_critical_total with labels component="search_indexer",technology="algolia",severity="CRITICAL",event_type="algolia Index Refresh Failure" value 4 timestamp 1732502299000
system_error_total with labels component="container_orchestrator",technology="ecs",severity="ERROR",event_type="ecs Task Launch Fails" value 31 timestamp 1732502299000
system_info_total with labels component="api_gateway",technology="nginx",severity="INFO",event_type="nginx Request Body Too Large" value 351 timestamp 1732502299000
system_critical_total with labels component="search_indexer",technology="meilisearch",severity="CRITICAL",event_type="meilisearch Index Creation Failed" value 2 timestamp 1732502299000
system_warning_total with labels component="cache_manager",technology="redis",severity="WARN",event_type="redis Connection Timeout" value 118 timestamp 1732502299000
system_error_total with labels component="api_gateway",technology="envoy",severity="ERROR",event_type="envoy Route Configuration Error" value 46 timestamp 1732502299000
system_critical_total with labels component="api_gateway",technology="nginx",severity="CRITICAL",event_type="nginx HTTP Request Denial" value 4 timestamp 1732502299000
system_error_total with labels component="service_mesh",technology="istio",severity="ERROR",event_type="istio Sidecar Crash" value 31 timestamp 1732502299000
system_warning_total with labels component="notification_service",technology="sendgrid",severity="WARN",event_type="sendgrid Email Sending Delayed" value 91 timestamp 1732502299000
system_critical_total with labels component="message_queue_consumer",technology="rabbitmq",severity="CRITICAL",event_type="rabbitmq Channel Unreachable" value 2 timestamp 1732502299000
system_info_total with labels component="cache_manager",technology="redis",severity="INFO",event_type="redis Key Expiration" value 942 timestamp 1732502299000
system_error_total with labels component="logging_aggregator",technology="elasticsearch",severity="ERROR",event_type="elasticsearch Indexing Failure" value 41 timestamp 1732502299000
system_critical_total with labels component="payment_processor",technology="braintree",severity="CRITICAL",event_type="braintree Payment Processing Error" value 4 timestamp 1732502299000
system_warning_total with labels component="search_indexer",technology="algolia",severity="WARN",event_type="algolia Index Refresh Failure" value 119 timestamp 1732502299000
system_info_total with labels component="metrics_collector",technology="grafana",severity="INFO",event_type="grafana Dashboard Update Success" value 751 timestamp 1732502299000
system_error_total with labels component="authentication_service",technology="auth0",severity="ERROR",event_type="auth0 Token Validation Failure" value 13 timestamp 1732502299000
system_critical_total with labels component="container_orchestrator",technology="ecs",severity="CRITICAL",event_type="ecs Task Execution Failure" value 2 timestamp 1732502299000
system_error_total with labels component="message_queue_consumer",technology="aws-sqs",severity="ERROR",event_type="aws-sqs Queue Dequeue Timeout" value 46 timestamp 1732502299000
system_warning_total with labels component="load_balancer",technology="azure-lb",severity="WARN",event_type="azure-lb Session Rejection Due to High Latency" value 194 timestamp 1732502299000
system_critical_total with labels component="payment_processor",technology="square",severity="CRITICAL",event_type="square API Request Time Out" value 4 timestamp 1732502299000
system_info_total with labels component="notification_service",technology="ses",severity="INFO",event_type="ses Email Sending Failure Due to SMTP Errors" value 542 timestamp 1732502299000
system_error_total with labels component="payment_processor",technology="paypal",severity="ERROR",event_type="paypal API Authentication Failed" value 31 timestamp 1732502299000
system_critical_total with labels component="metrics_collector",technology="newrelic",severity="CRITICAL",event_type="newrelic API Request Time Out" value 2 timestamp 1732502299000
system_warning_total with labels component="message_queue_consumer",technology="azure-servicebus",severity="WARN",event_type="azure-servicebus Queue Connection Lost Due to High Latency" value 186 timestamp 1732502299000
system_critical_total with labels component="service_mesh",technology="istio",severity="CRITICAL",event_type="istio Proxy Service Mesh Crash" value 1 timestamp 1732502299000
system_error_total with labels component="payment_processor",technology="paypal",severity="ERROR",event_type="paypal API Rate Limit Exceeded" value 44 timestamp 1732502299000
system_info_total with labels component="payment_processor",technology="adyen",severity="INFO",event_type="adyen Payment Processing Successful" value 542 timestamp 1732502299000
system_warning_total with labels component="logging_aggregator",technology="loki",severity="WARN",event_type="loki Log Storage Disk Space Low" value 73 timestamp 1732502299000
system_critical_total with labels component="search_indexer",technology="algolia",severity="CRITICAL",event_type="algolia Index Refresh Failed Due to High CPU Usage" value 2 timestamp 1732502299000
system_error_total with labels component="load_balancer",technology="azure-lb",severity="ERROR",event_type="azure-lb Session Persistence Issue" value 41 timestamp 1732502299000
system_critical_total with labels component="cache_manager",technology="redis",severity="CRITICAL",event_type="redis Connection Refused Due to Network Issue" value 4 timestamp 1732502299000
system_error_total with labels component="search_indexer",technology="elasticsearch",severity="ERROR",event_type="elasticsearch Index Create Failed Due to Duplicate Key Error" value 31 timestamp 1732502299000
system_critical_total with labels component="session_manager",technology="jwt",severity="CRITICAL",event_type="jwt Token Signature Validation Failed" value 1 timestamp 1732502299000
system_error_total with labels component="payment_processor",technology="adyen",severity="ERROR",event_type="adyen Payment Processing Failed Due to Insufficient Funds" value 19 timestamp 1732502299000
system_critical_total with labels component="message_queue_consumer",technology="azure-servicebus",severity="CRITICAL",event_type="azure-servicebus Service Bus Dead Letter Queue Overflow" value 2 timestamp 1732502299000
system_warning_total with labels component="message_queue_consumer",technology="aws-sqs",severity="WARN",event_type="aws-sqs Queue Maximum Recipient Capacity Reached" value 118 timestamp 1732502299000
system_info_total with labels component="container_orchestrator",technology="docker-swarm",severity="INFO",event_type="docker-swarm Service Started Successfully" value 541 timestamp 1732502299000
system_error_total with labels component="notification_service",technology="twilio",severity="ERROR",event_type="twilio Phone Number Invalid" value 31 timestamp 1732502299000
system_critical_total with labels component="metrics_collector",technology="newrelic",severity="CRITICAL",event_type="newrelic Agent Crash Due to Outdated Library" value 4 timestamp 1732502299000
system_error_total with labels component="database_connection_pool",technology="mariadb",severity="ERROR",event_type="mariadb Connection Pool Insufficient Resources" value 42 timestamp 1732502299000
system_critical_total with labels component="logging_aggregator",technology="fluentd",severity="CRITICAL",event_type="fluentd Buffer Overflown Due to High Log Volume" value 2 timestamp 1732502299000
system_warning_total with labels component="api_gateway",technology="apache",severity="WARN",event_type="apache Slow Request Due to High Load" value 118 timestamp 1732502299000
system_info_total with labels component="message_queue_consumer",technology="rabbitmq",severity="INFO",event_type="rabbitmq Channel Expiration" value 857 timestamp 1732502299000
system_error_total with labels component="service_mesh",technology="kuma",severity="ERROR",event_type="kuma Proxy Server Unavailable" value 31 timestamp 1732502299000
system_critical_total with labels component="file_storage_handler",technology="azure-blob",severity="CRITICAL",event_type="azure-blob Stale Blob Reference" value 4 timestamp 1732502299000
system_critical_total with labels component="logging_aggregator",technology="fluentd",severity="CRITICAL",event_type="fluentd Flush Buffer Failure" value 3 timestamp 1732502299000
system_error_total with labels component="search_indexer",technology="meilisearch",severity="ERROR",event_type="meilisearch Indexing Error Due to Duplicate Key" value 49 timestamp 1732502299000
system_critical_total with labels component="file_storage_handler",technology="nfs",severity="CRITICAL",event_type="nfs Remote File System Unresponsive" value 2 timestamp 1732502299000
system_error_total with labels component="logging_aggregator",technology="elasticsearch",severity="ERROR",event_type="elasticsearch Indexing Failure Due to Missing Mapping" value 35 timestamp 1732502299000
system_warning_total with labels component="service_mesh",technology="istio",severity="WARN",event_type="istio Service Mesh Certificate Rotation Failed" value 67 timestamp 1732502299000
system_info_total with labels component="api_gateway",technology="kong",severity="INFO",event_type="kong API Gateway Configuration Reloaded Successfully" value 542 timestamp 1732502299000
system_error_total with labels component="message_queue_consumer",technology="rabbitmq",severity="ERROR",event_type="rabbitmq Message Queue Consumer Connection Lost Due to Network Failure" value 91 timestamp 1732502299000
system_critical_total with labels component="session_manager",technology="redis",severity="CRITICAL",event_type="redis Session Table Lock Acquisition Timed Out" value 4 timestamp 1732502299000
system_critical_total with labels component="database_connection_pool",technology="oracle",severity="CRITICAL",event_type="oracle Database Connection Pool Maximum Connection Exceeded" value 2 timestamp 1732502299000
system_warning_total with labels component="notification_service",technology="twilio",severity="WARN",event_type="twilio Notification Service SMS Delivery Failed Due to Number Blocking" value 118 timestamp 1732502299000
system_error_total with labels component="logging_aggregator",technology="elasticsearch",severity="ERROR",event_type="elasticsearch Logging Aggregator Index Creation Failed Due to Lack of Index Space" value 14 timestamp 1732502299000
system_critical_total with labels component="container_orchestrator",technology="nomad",severity="CRITICAL",event_type="nomad Container Orchestration Job Restart Required Due to Process Crash" value 1 timestamp 1732502299000
system_info_total with labels component="file_storage_handler",technology="gcs",severity="INFO",event_type="gcs File Storage Handler Bucket Creation Successful" value 502 timestamp 1732502299000
system_error_total with labels component="message_queue_consumer",technology="activemq",severity="ERROR",event_type="activemq Message Queue Consumer Connection Lost Due to Broker Restart" value 35 timestamp 1732502299000
system_critical_total with labels component="search_indexer",technology="elasticsearch",severity="CRITICAL",event_type="elasticsearch Search Indexer Index Creation Failed Due to Lack of Index Space" value 7 timestamp 1732502299000
system_warning_total with labels component="logging_aggregator",technology="loki",severity="WARN",event_type="loki Logging Aggregator Flush Buffer Exceeded 1000 Events" value 187 timestamp 1732502299000
system_error_total with labels component="payment_processor",technology="paypal",severity="ERROR",event_type="paypal Payment Processor Recurring Payment Failed Due to Invalid User" value 41 timestamp 1732502299000
system_critical_total with labels component="api_gateway",technology="kong",severity="CRITICAL",event_type="kong API Gateway Route Not Found Due to Route Configuration Mismatch" value 4 timestamp 1732502299000
system_info_total with labels component="message_queue_consumer",technology="aws-sqs",severity="INFO",event_type="aws-sqs Message Queue Consumer Queue Size Reached Maximum Allowed Size" value 512 timestamp 1732502299000
system_warning_total with labels component="file_storage_handler",technology="azure-blob",severity="WARN",event_type="azure-blob File Storage Handler Failed to Download File Due to Insufficient Storage Quota" value 91 timestamp 1732502299000
system_error_total with labels component="notification_service",technology="ses",severity="ERROR",event_type="ses Notification Service Failed to Send Email Due to Invalid Source Email" value 36 timestamp 1732502299000
system_critical_total with labels component="service_mesh",technology="istio",severity="CRITICAL",event_type="istio Service Mesh Failed to Establish Secret Rotation for Sidecar Proxy" value 2 timestamp 1732502299000
system_info_total with labels component="notification_service",technology="firebase",severity="INFO",event_type="firebase Notification Service Successfully Sent Notification to 500 Users with High Engagement" value 542 timestamp 1732502299000
system_critical_total with labels component="service_mesh",technology="consul",severity="CRITICAL",event_type="consul Service Mesh Failed to Register Service with Incorrect IP Address" value 1 timestamp 1732502299000
system_error_total with labels component="api_gateway",technology="traefik",severity="ERROR",event_type="traefik API Gateway Failed to Route Request to Internal Service Due to DNS Resolution Failure" value 38 timestamp 1732502299000
system_warning_total with labels component="metrics_collector",technology="prometheus",severity="WARN",event_type="prometheus Metrics Collector Failed to Fetch Data from Remote Service Due to High Latency" value 137 timestamp 1732502299000
system_critical_total with labels component="payment_processor",technology="square",severity="CRITICAL",event_type="square Payment Processor Exceeded Maximum Concurrent Payments Due to High Traffic" value 4 timestamp 1732502299000
system_info_total with labels component="file_storage_handler",technology="nfs",severity="INFO",event_type="nfs File Storage Handler Successfully Handled 500 Concurrent File Operations" value 951 timestamp 1732502299000
system_error_total with labels component="service_mesh",technology="consul",severity="ERROR",event_type="consul Service Mesh Failed to Detect Service Instance IP Address Due to Network Partition" value 14 timestamp 1732502299000
system_critical_total with labels component="notification_service",technology="firebase",severity="CRITICAL",event_type="firebase Notification Service Experienced Unexpected Token Expiration Due to Network Failure" value 2 timestamp 1732502299000
system_error_total with labels component="payment_processor",technology="adyen",severity="ERROR",event_type="adyen Payment Processor Failed to Process Payment Due to Insufficient Funds" value 31 timestamp 1732502299000
system_warning_total with labels component="load_balancer",technology="traefik",severity="WARN",event_type="traefik Load Balancer Detected Unhealthy Endpoint Due to Server Restart" value 117 timestamp 1732502299000
system_critical_total with labels component="metrics_collector",technology="newrelic",severity="CRITICAL",event_type="newrelic Metrics Collector Experienced Unexpected Agent Crash Due to Memory Leak" value 7 timestamp 1732502299000
system_info_total with labels component="metrics_collector",technology="datadog",severity="INFO",event_type="datadog Metrics Collector Successfully Exported Metrics to Data Plane" value 467 timestamp 1732502299000
system_error_total with labels component="api_gateway",technology="envoy",severity="ERROR",event_type="envoy API Gateway Failed to Route Request to Downstream Service" value 41 timestamp 1732502299000
system_critical_total with labels component="logging_aggregator",technology="elasticsearch",severity="CRITICAL",event_type="elasticsearch Logging Aggregator Experienced Unexpected Index Corruption Due to Concurrent Write" value 13 timestamp 1732502299000
system_warning_total with labels component="load_balancer",technology="aws-elb",severity="WARN",event_type="aws-elb Load Balancer Detected Increased Connection Queue Due to High Traffic" value 91 timestamp 1732502299000
system_error_total with labels component="database_connection_pool",technology="mariadb",severity="ERROR",event_type="mariadb Database Connection Pool Exceeded Maximum Number of Reconnections" value 17 timestamp 1732502299000
system_critical_total with labels component="database_connection_pool",technology="mongodb",severity="CRITICAL",event_type="mongodb Database Connection Pool Experienced Unexpected Replica Set Failure" value 6 timestamp 1732502299000
system_info_total with labels component="database_connection_pool",technology="postgresql",severity="INFO",event_type="postgresql Database Connection Pool Detected Optimized Query Plan" value 814 timestamp 1732502299000
system_error_total with labels component="search_indexer",technology="meilisearch",severity="ERROR",event_type="meilisearch Search Indexer Faced Unexpected Schema Mismatch During Indexing" value 23 timestamp 1732502299000
system_warning_total with labels component="file_storage_handler",technology="s3",severity="WARN",event_type="s3 File Storage Handler Detected Abnormal Bucket Access Frequency Due to Unforeseen High Load" value 118 timestamp 1732502299000
system_critical_total with labels component="search_indexer",technology="elasticsearch",severity="CRITICAL",event_type="elasticsearch Search Indexer Encountered Incompatible Query Format Causing Index Corruption" value 4 timestamp 1732502299000
system_error_total with labels component="api_gateway",technology="apache",severity="ERROR",event_type="apache Apach API Gateway Detected Invalid Request Header" value 48 timestamp 1732502299000
system_info_total with labels component="container_orchestrator",technology="docker-swarm",severity="INFO",event_type="docker-swarm Container Orchestrator Successfully Executed Rolling Update Without Service Disruption" value 817 timestamp 1732502299000
system_warning_total with labels component="logging_aggregator",technology="datadog",severity="WARN",event_type="datadog Logging Aggregator Detected Unusual Log Volume Spike Due to Anomalous System Activity" value 187 timestamp 1732502299000
system_error_total with labels component="database_connection_pool",technology="mysql",severity="ERROR",event_type="mysql Database Connection Pool Faced Insufficient Available Connections Causing Query Delay" value 23 timestamp 1732502299000
system_critical_total with labels component="metrics_collector",technology="datadog",severity="CRITICAL",event_type="datadog Metrics Collector Failed To Pull Realtime Metrics From Datadog API" value 2 timestamp 1732502299000
system_critical_total with labels component="authentication_service",technology="okta",severity="CRITICAL",event_type="okta Authentication Service Experienced Unforeseen Security Alert Causing Temporary Account Lockout" value 4 timestamp 1732502299000
system_error_total with labels component="service_mesh",technology="linkerd",severity="ERROR",event_type="linkerd Service Mesh Failed To Establish Secure Tunnelling For Communication Between Microservices" value 48 timestamp 1732502299000
system_warning_total with labels component="logging_aggregator",technology="splunk",severity="WARN",event_type="splunk Logging Aggregator Noticed Unusual Log Processing Delay Due To High Volume Of System Logs" value 193 timestamp 1732502299000
system_info_total with labels component="search_indexer",technology="algolia",severity="INFO",event_type="algolia Search Indexer Successfully Updated Index With New Data From Recent Database Migration" value 817 timestamp 1732502299000
system_error_total with labels component="notification_service",technology="sendgrid",severity="ERROR",event_type="sendgrid Notification Service Experiencied Temporary Email Delivery Failures Due To High Volume Of Test Messages" value 37 timestamp 1732502299000
system_critical_total with labels component="cache_manager",technology="redis",severity="CRITICAL",event_type="redis Cache Manager Witnessed Exponential Cache Growth Due To Unintended Influx Of New Data" value 2 timestamp 1732502299000
system_warning_total with labels component="metrics_collector",technology="newrelic",severity="WARN",event_type="newrelic Metrics Collector Detected Unusual CPU Utilization Spikes In Application Processes" value 142 timestamp 1732502299000
system_error_total with labels component="search_indexer",technology="meilisearch",severity="ERROR",event_type="meilisearch Search Indexer Experiencied Unexpected Field Mappings Failures Due To Incorrect JSON Schema" value 43 timestamp 1732502299000
system_info_total with labels component="metrics_collector",technology="datadog",severity="INFO",event_type="datadog Metrics Collector Successfully Integrated New Host For Monitoring" value 481 timestamp 1732502299000
system_warning_total with labels component="logging_aggregator",technology="loki",severity="WARN",event_type="loki Logging Aggregator Detected Unusual Log Rate Spike In Primary Index Due To System Restart" value 118 timestamp 1732502299000
system_critical_total with labels component="container_orchestrator",technology="nomad",severity="CRITICAL",event_type="nomad Container Orchestrator Detected Unexpected Job Termination Due To Insufficient Resources" value 4 timestamp 1732502299000
system_error_total with labels component="file_storage_handler",technology="minio",severity="ERROR",event_type="minio File Storage Handler Experienced Unexpected Bucket Policy Deny Due To Incompatible Access Control List" value 38 timestamp 1732502299000
system_critical_total with labels component="container_orchestrator",technology="docker-swarm",severity="CRITICAL",event_type="docker-swarm Container Orchestrator Encountered Unexpected Docker Service Restart Due To Incompatible Node State" value 3 timestamp 1732502299000
system_error_total with labels component="session_manager",technology="redis",severity="ERROR",event_type="redis Session Manager Faced Unexpected Redis Connection Timeout Due To Insufficient Available Memory" value 41 timestamp 1732502299000
system_critical_total with labels component="database_connection_pool",technology="postgres",severity="CRITICAL",event_type="postgres Database Connection Pool Experienced Unexpected Connection Refusal Due To Invalid Database Credentials" value 2 timestamp 1732502299000
system_error_total with labels component="file_storage_handler",technology="gcs",severity="ERROR",event_type="gcs File Storage Handler Encountered Unexpected GCS Bucket Policy Deny Due To Incompatible IAM Role" value 19 timestamp 1732502299000
system_warning_total with labels component="authentication_service",technology="auth0",severity="WARN",event_type="auth0 Authentication Service Experienced Unexpected Auth0 API Request Rate Limit Due To High Login Volume" value 117 timestamp 1732502299000
system_info_total with labels component="message_queue_consumer",technology="aws-sqs",severity="INFO",event_type="aws-sqs Message Queue Consumer Successfully Processed 457 Amazon SQS Message Requests Within 1 Minute" value 457 timestamp 1732502299000
system_critical_total with labels component="database_connection_pool",technology="oracle",severity="CRITICAL",event_type="oracle Database Connection Pool Experienced Unexpected Oracle Database Connection Refused Due To Insufficient Privileges On DDL Operations" value 4 timestamp 1732502299000
system_error_total with labels component="service_mesh",technology="envoy",severity="ERROR",event_type="envoy Service Mesh Failed To Establish HTTP Connection To Remote Service Due To Missing Certificate" value 31 timestamp 1732502299000
system_info_total with labels component="file_storage_handler",technology="s3",severity="INFO",event_type="s3 File Storage Handler Successfully Uploaded 1232 Amazon S3 Objects Within The Last Hour" value 1232 timestamp 1732502299000
system_critical_total with labels component="notification_service",technology="twilio",severity="CRITICAL",event_type="twilio Notification Service Failed To Send SMS Notification Due To Twilio API Request Time Out" value 2 timestamp 1732502299000
system_error_total with labels component="metrics_collector",technology="datadog",severity="ERROR",event_type="datadog Metrics Collector Failed To Push 5 Minutes Of Monitoring Data Due To Invalid Datadog API Key" value 46 timestamp 1732502299000
system_critical_total with labels component="load_balancer",technology="aws-elb",severity="CRITICAL",event_type="aws-elb Load Balancer Failed To Establish Connection To Back End Server Due To Incorrect IP Address" value 1 timestamp 1732502299000
system_warning_total with labels component="file_storage_handler",technology="nfs",severity="WARN",event_type="nfs File Storage Handler Exceeded Average Read Throughput By 10% Due To High Concurrent Request Volume" value 187 timestamp 1732502299000
system_info_total with labels component="logging_aggregator",technology="fluentd",severity="INFO",event_type="fluentd Logging Aggregator Successfully Processed 1200 Log Events From Various Applications In The Last Hour" value 1200 timestamp 1732502299000
system_error_total with labels component="metrics_collector",technology="newrelic",severity="ERROR",event_type="newrelic Metrics Collector Experienced Data Corruption In The Last 5 Minutes Due To Fluctuations In Database Connection Pool Size" value 28 timestamp 1732502299000
system_critical_total with labels component="container_orchestrator",technology="ecs",severity="CRITICAL",event_type="ecs Container Orchestrator Failed To Launch Container Due To Insufficient Availability Zones For Task Definition" value 2 timestamp 1732502299000
system_critical_total with labels component="container_orchestrator",technology="ecs",severity="CRITICAL",event_type="ecs Service Not Found In Task Definition" value 4 timestamp 1732502299000
system_info_total with labels component="notification_service",technology="ses",severity="INFO",event_type="ses Notification Service Successfully Sent 1500 Notification Emails To 5 Recipients In The Last 30 Minutes" value 1500 timestamp 1732502299000
system_error_total with labels component="file_storage_handler",technology="nfs",severity="ERROR",event_type="nfs File Storage Handler Exceeded Maximum File System Buffer Size Limit Due To High Concurrent Write Operations" value 46 timestamp 1732502299000
system_critical_total with labels component="database_connection_pool",technology="mysql",severity="CRITICAL",event_type="mysql Database Connection Pool Experienced Unresolved Connection Issues Causing 32 Concurrent Connections To Be Closed Due To Deadlocks" value 12 timestamp 1732502299000
system_warning_total with labels component="cache_manager",technology="ehcache",severity="WARN",event_type="ehcache Cache Manager Failed To Evict 187 Items From The Cache Due To Expiring Time Exceeding The Cache Timeout Value" value 187 timestamp 1732502299000
system_error_total with labels component="database_connection_pool",technology="postgres",severity="ERROR",event_type="postgres Database Connection Pool Encountered 28 Transactions That Failed To Complete Within The Specified Isolation Level Due To Deadlocks" value 28 timestamp 1732502299000
system_info_total with labels component="logging_aggregator",technology="splunk",severity="INFO",event_type="splunk Logger Received 219 Succeeded Event Logs From The Application Through The Splunk Forwarder In The Last 5 Minutes" value 219 timestamp 1732502299000
system_critical_total with labels component="payment_processor",technology="paypal",severity="CRITICAL",event_type="paypal Payment Processor Experienced An Unresolved Payment Processing Error Due To An Unhandled Exception Occurring During The Payment Gateway Redirect" value 7 timestamp 1732502299000
system_error_total with labels component="notification_service",technology="sendgrid",severity="ERROR",event_type="sendgrid Notification Service Failed To Send 35 Notifications Due To Invalid Domain Information In The Sender's Email Configuration" value 35 timestamp 1732502299000
system_warning_total with labels component="message_queue_consumer",technology="aws-sqs",severity="WARN",event_type="aws-sqs Message Queue Consumer Detected 181 Duplicate Requests From The SQS Queue In The Last 10 Minutes Due To An Unhandled Exception Occurring During Message Dequeue" value 181 timestamp 1732502299000
system_critical_total with labels component="container_orchestrator",technology="kubernetes",severity="CRITICAL",event_type="kubernetes Container Orchestrator Experienced A Pod Disruption Due To A Node Becoming Unreachable During The Deployment Of A New Container Version" value 4 timestamp 1732502299000
system_error_total with labels component="authentication_service",technology="auth0",severity="ERROR",event_type="auth0 Authentication Service Failed To Verify 27 User Sessions Due To An Expired Session Token In The User's Session Store" value 27 timestamp 1732502299000
system_info_total with labels component="payment_processor",technology="braintree",severity="INFO",event_type="braintree Payment Processor Completed 412 Payment Transactions Successfully Within The Last 5 Minutes Due To Optimized Payment Processing" value 412 timestamp 1732502299000
system_critical_total with labels component="container_orchestrator",technology="aws-ecs",severity="CRITICAL",event_type="aws-ecs Container Orchestrator Experienced A Task Restart Due To An Insufficient Number Of Running Containers In The Task Definition, Causing A 50% Increase In Task Failures Within The Last 2 Minutes" value 2 timestamp 1732502299000
system_error_total with labels component="session_manager",technology="jwt",severity="ERROR",event_type="jwt Session Manager Failed To Verify 19 User Sessions Due To An Invalid Signature In The JWT Token Issued By The Identity Service" value 19 timestamp 1732502299000
system_warning_total with labels component="metrics_collector",technology="newrelic",severity="WARN",event_type="newrelic Metrics Collector Exceeded The Maximum Number Of 500 Errors Within The Last 10 Minutes Due To A Sudden Increase In Data Retrieval Time" value 181 timestamp 1732502299000
system_critical_total with labels component="database_connection_pool",technology="oracle",severity="CRITICAL",event_type="oracle Database Connection Pool Experienced A 5-Second Delay In Opening A New Connection Due To An Insufficient Number Of Available Connections" value 4 timestamp 1732502299000
system_info_total with labels component="api_gateway",technology="kong",severity="INFO",event_type="kong API Gateway Received 145 Successful Requests From The Load Balancer Within The Last 5 Minutes Due To Optimized Routing Configuration" value 145 timestamp 1732502299000
system_warning_total with labels component="payment_processor",technology="adyen",severity="WARN",event_type="adyen Payment Processor Experienced A 20% Increase In Rejected Payments Within The Last 30 Minutes Due To Insufficient Available Payment Methods" value 112 timestamp 1732502299000
system_error_total with labels component="container_orchestrator",technology="aks",severity="ERROR",event_type="aks Container Orchestrator Failed To Create A New Pod For 27 Concurrent Requests Within The Last 10 Minutes Due To Insufficient Network Address Space" value 27 timestamp 1732502299000
system_critical_total with labels component="authentication_service",technology="auth0",severity="CRITICAL",event_type="auth0 Authentication Service Experienced A 2-Second Delay In Authenticating A User Due To An Expiration Of The Session Token" value 3 timestamp 1732502299000
system_info_total with labels component="api_gateway",technology="traefik",severity="INFO",event_type="traefik API Gateway Received 187 Successful Requests From The Load Balancer Within The Last 2 Minutes Due To Optimized Routing Configuration With Rule Matching" value 187 timestamp 1732502299000
system_error_total with labels component="payment_processor",technology="stripe",severity="ERROR",event_type="stripe Payment Processor Experienced A 50% Failure Rate In Processing Card Payments Within The Last 5 Minutes Due To Insufficient Available Stripe Webhooks Endpoints" value 23 timestamp 1732502299000
system_warning_total with labels component="load_balancer",technology="aws-elb",severity="WARN",event_type="aws-elb Load Balancer Received 100 High CPU Utilization Alerts Within The Last 30 Minutes Due To Increased Request Volume From External Users" value 194 timestamp 1732502299000
system_critical_total with labels component="authentication_service",technology="jwt",severity="CRITICAL",event_type="jwt Authentication Service Experienced A 1-Minute Delay In Token Validation Due To Expiration Of The JWT Token Header" value 2 timestamp 1732502299000
system_error_total with labels component="message_queue_consumer",technology="aws-sqs",severity="ERROR",event_type="aws-sqs Message Queue Consumer Experienced A 20% Failure Rate In Processing SQS Messages Within The Last 10 Minutes Due To Insufficient Available SQS Credit Limits" value 37 timestamp 1732502299000
system_info_total with labels component="notification_service",technology="sendgrid",severity="INFO",event_type="sendgrid Notification Service Successfully Sent 500 Notifications Within The Last 5 Minutes Due To Optimal Configuration Of The Sendgrid API Endpoints" value 500 timestamp 1732502299000
system_critical_total with labels component="payment_processor",technology="square",severity="CRITICAL",event_type="square Payment Processor Experienced A 3-Minute Delay In Processing Payment Requests Due To Network Connectivity Issues With Square's Payment Processing API" value 4 timestamp 1732502299000
system_error_total with labels component="message_queue_consumer",technology="rabbitmq",severity="ERROR",event_type="rabbitmq Message Queue Consumer Experienced A 15% Failure Rate In Consuming RabbitMQ Messages Within The Last 5 Minutes Due To Insufficient Memory Allocation For The RabbitMQ Connection Pool" value 31 timestamp 1732502299000
system_warning_total with labels component="search_indexer",technology="algolia",severity="WARN",event_type="algolia Search Indexer Successfully Indexed 150 Records Within The Last 2 Minutes Due To Optimal Configuration Of The Algolia Search Indexing API Endpoints" value 187 timestamp 1732502299000
system_error_total with labels component="message_queue_consumer",technology="rabbitmq",severity="ERROR",event_type="rabbitmq Message Queue Consumer Experienced A 25% Failure Rate In Consuming RabbitMQ Messages Within The Last 10 Minutes Due To Inconsistent RabbitMQ Message Buffer Sizes" value 48 timestamp 1732502299000
system_critical_total with labels component="metrics_collector",technology="newrelic",severity="CRITICAL",event_type="newrelic Metrics Collector Failed To Collect 30 Metrics Within The Last 2 Minutes Due To A Newrelic API Connection Timeout Error" value 3 timestamp 1732502299000
system_info_total with labels component="api_gateway",technology="envoy",severity="INFO",event_type="envoy API Gateway Successfully Handled 500 HTTP Requests Within The Last 5 Minutes Due To Optimal Configuration Of The Envoy HTTP Proxy Routing Rules" value 542 timestamp 1732502299000
system_error_total with labels component="notification_service",technology="firebase",severity="ERROR",event_type="firebase Notification Service Failed To Send 12 SMS Notifications Within The Last 10 Minutes Due To Inconsistent Firebase Cloud Function Execution Times" value 37 timestamp 1732502299000
system_warning_total with labels component="payment_processor",technology="braintree",severity="WARN",event_type="braintree Payment Processor Failed To Process 100 Payment Transactions Within The Last 20 Minutes Due To High Transaction Volumes Exceeding Braintree's Daily Limits" value 125 timestamp 1732502299000
system_critical_total with labels component="load_balancer",technology="traefik",severity="CRITICAL",event_type="traefik Load Balancer Failed To Establish 25 New TCP Connections Within The Last 5 Minutes Due To Insufficient Available Addresses" value 7 timestamp 1732502299000
system_error_total with labels component="api_gateway",technology="traefik",severity="ERROR",event_type="traefik API Gateway Failed To Handle 18 HTTP Requests Within The Last 10 Minutes Due To Missing Route Configurations" value 46 timestamp 1732502299000
system_warning_total with labels component="search_indexer",technology="opensearch",severity="WARN",event_type="opensearch Search Indexer Faced High CPU Utilization For 30 Minutes Due To Insufficient Index Shard Sizes" value 187 timestamp 1732502299000
system_critical_total with labels component="service_mesh",technology="istio",severity="CRITICAL",event_type="istio Service Mesh Failed To Establish 15 New HTTP Connections Within The Last 3 Minutes Due To Incompatible Protocol Versions" value 3 timestamp 1732502299000
system_error_total with labels component="api_gateway",technology="nginx",severity="ERROR",event_type="nginx API Gateway Faced 50 Invalid Request Headers Within The Last 15 Minutes Due To Incorrectly Configured Config Block" value 32 timestamp 1732502299000
system_info_total with labels component="container_orchestrator",technology="ecs",severity="INFO",event_type="ecs Container Orchestrator Successfully Launched 275 New Tasks Within The Last Hour Using The Latest Available AMI" value 942 timestamp 1732502299000
system_warning_total with labels component="cache_manager",technology="memcached",severity="WARN",event_type="memcached Cache Manager Exceeded The Maximum Number Of Consecutive Expire Times Within The Last 10 Minutes" value 135 timestamp 1732502299000
system_critical_total with labels component="search_indexer",technology="meilisearch",severity="CRITICAL",event_type="meilisearch Search Indexer Encountered A Critical Error In The Query Parser That Affects 10% Of The Index Within The Last 5 Minutes" value 4 timestamp 1732502299000
system_error_total with labels component="cache_manager",technology="hazelcast",severity="ERROR",event_type="hazelcast Cache Manager Faced An Unexpected Network Failure When Attempting To Ping A Member Node Within The Last 2 Minutes" value 46 timestamp 1732502299000
system_critical_total with labels component="payment_processor",technology="paypal",severity="CRITICAL",event_type="paypal Payment Processor Experienced A Critical Error In The Payment Processing Pipeline That Blocked 5 Transactions Within The Last 30 Seconds" value 3 timestamp 1732502299000
system_info_total with labels component="search_indexer",technology="opensearch",severity="INFO",event_type="opensearch Search Indexer Successfully Indexed 817 New Documents In The Last 5 Minutes Using The Latest Available Index Settings" value 817 timestamp 1732502299000
system_error_total with labels component="metrics_collector",technology="grafana",severity="ERROR",event_type="grafana Metrics Collector Failed To Poll The Grafana Dashboard API For 10 Consecutive Minutes Due To An Unexpected Increase In Traffic" value 28 timestamp 1732502299000
system_critical_total with labels component="metrics_collector",technology="prometheus",severity="CRITICAL",event_type="prometheus Metrics Collector Encountered A Critical Error In The Scraping Of The Prometheus Cluster Metrics Within The Last 10 Minutes" value 2 timestamp 1732502299000
system_warning_total with labels component="notification_service",technology="smtp",severity="WARN",event_type="smtp Notification Service Faced A Temporary Connection Issue To The SMTP Server Of The Recipient Company When Sending 150 Notifications Within The Last 10 Minutes" value 187 timestamp 1732502299000
system_error_total with labels component="logging_aggregator",technology="loki",severity="ERROR",event_type="loki Logging Aggregator Encountered An Error In The Configuration Of The Loki Cluster When Indexing 1000 Logs Within The Last 5 Minutes" value 43 timestamp 1732502299000
system_critical_total with labels component="payment_processor",technology="adyen",severity="CRITICAL",event_type="adyen Payment Processor Failed To Process A Payment Of 5000 Due To An Unexpected Increase In Repeated Rejections Within The Last 2 Minutes" value 1 timestamp 1732502299000
system_error_total with labels component="notification_service",technology="smtp",severity="ERROR",event_type="smtp Notification Service Failed To Send 200 Notifications Due To A Temporary DNS Resolution Issue Within The Last 3 Minutes" value 12 timestamp 1732502299000
system_info_total with labels component="message_queue_consumer",technology="rabbitmq",severity="INFO",event_type="rabbitmq Message Queue Consumer Successfully Consumed 800 Messages From The Rabbitmq Cluster Within The Last 5 Minutes" value 421 timestamp 1732502299000
system_warning_total with labels component="message_queue_consumer",technology="kafka",severity="WARN",event_type="kafka Message Queue Consumer Encountered A High Number Of Unacked Messages Due To A Temporary Connection Loss To The Kafka Broker Within The Last 10 Minutes" value 118 timestamp 1732502299000
system_critical_total with labels component="file_storage_handler",technology="minio",severity="CRITICAL",event_type="minio File Storage Handler Failed To Upload A File Of 100MB Due To An Unexpected Server Error Within The Last 2 Minutes" value 4 timestamp 1732502299000
system_error_total with labels component="service_mesh",technology="kuma",severity="ERROR",event_type="kuma Service Mesh Failed To Establish A Secure Connection To The Downstream Service Within The Last 5 Minutes" value 31 timestamp 1732502299000
system_info_total with labels component="payment_processor",technology="square",severity="INFO",event_type="square Payment Processor Successfully Processed 1200 Payment Requests Within The Last 10 Minutes" value 942 timestamp 1732502299000
system_critical_total with labels component="session_manager",technology="hazelcast",severity="CRITICAL",event_type="hazelcast Session Manager Experienced A High Number Of Concurrent Sessions Exceeding The Maximum Allowed Sessions Within The Last 3 Minutes" value 2 timestamp 1732502299000
system_error_total with labels component="search_indexer",technology="algolia",severity="ERROR",event_type="algolia Search Indexer Faced A Temporary Overload Of Queries Due To A High Volume Of Search Requests Within The Last 2 Minutes" value 47 timestamp 1732502299000
system_warning_total with labels component="metrics_collector",technology="datadog",severity="WARN",event_type="datadog Metrics Collector Experienced A Slight Delay In Sending Metrics Data To Datadog Within The Last 5 Minutes" value 118 timestamp 1732502299000
system_critical_total with labels component="session_manager",technology="infinispan",severity="CRITICAL",event_type="infinispan Session Manager Encountered A Persistent Cache Corrupting Issue Causing Inconsistent Data Within The Last 2 Minutes" value 4 timestamp 1732502299000
system_error_total with labels component="service_mesh",technology="envoy",severity="ERROR",event_type="envoy Service Mesh Failed To Establish A Secure Connection With The Downstream Service Due To A Certificate Rotation Issue Within The Last 1 Minute" value 11 timestamp 1732502299000
system_info_total with labels component="container_orchestrator",technology="aks",severity="INFO",event_type="aks Container Orchestrator Successfully Created A New Deployment For The Stateful Application Within The Last 3 Minutes" value 541 timestamp 1732502299000
system_critical_total with labels component="metrics_collector",technology="dynatrace",severity="CRITICAL",event_type="dynatrace Metrics Collector Experiencing A Brief Momentary Loss Of Visibility Into Application Performance Data Within The Last 1 Minute" value 2 timestamp 1732502299000
system_warning_total with labels component="message_queue_consumer",technology="rabbitmq",severity="WARN",event_type="rabbitmq Message Queue Consumer Detected A High Volume Of Unacked Messages Causing A Potential Delayer In Message Processing Time Within The Last 10 Minutes" value 190 timestamp 1732502299000
system_error_total with labels component="file_storage_handler",technology="nfs",severity="ERROR",event_type="nfs File Storage Handler Failed To Establish A Connection To The NFS Server Due To A Network Partition Within The Last 5 Minutes" value 38 timestamp 1732502299000
system_info_total with labels component="message_queue_consumer",technology="azure-servicebus",severity="INFO",event_type="azure-servicebus Message Queue Consumer Successfully Consumed 250 Messages From The Service Bus Topic Within The Last 5 Minutes" value 502 timestamp 1732502299000
system_critical_total with labels component="metrics_collector",technology="dynatrace",severity="CRITICAL",event_type="dynatrace Metrics Collector Experiencing A Temporary Loss Of Visibility Into Application Performance Data Due To High CPU Utilization By The Dynatrace Agent Within The Last 2 Minutes" value 1 timestamp 1732502299000
system_error_total with labels component="load_balancer",technology="aws-elb",severity="ERROR",event_type="aws-elb Load Balancer Failed To Detect A New Connection From A Client Due To An Incorrectly Configured Security Group Rule Within The Last 10 Minutes" value 46 timestamp 1732502299000
system_warning_total with labels component="session_manager",technology="redis",severity="WARN",event_type="redis Session Manager Exceeded Maximum Number Of Concurrent Connections To The Redis Instance Due To High Traffic Within The Last 5 Minutes" value 187 timestamp 1732502299000
system_critical_total with labels component="session_manager",technology="infinispan",severity="CRITICAL",event_type="infinispan Session Manager Experiencing A Data Corruption Issue Due To A Failed Cache Eviction Within The Last 2 Minutes" value 4 timestamp 1732502299000
system_info_total with labels component="container_orchestrator",technology="aws-ecs",severity="INFO",event_type="aws-ecs Container Orchestrator Successfully Launched 250 New Container Instances Within The Last 10 Minutes" value 502 timestamp 1732502299000
system_error_total with labels component="authentication_service",technology="jwt",severity="ERROR",event_type="jwt Authentication Service Failed To Verify A Token Due To An Expired Signature Within The Last 5 Minutes" value 32 timestamp 1732502299000
system_critical_total with labels component="authentication_service",technology="keycloak",severity="CRITICAL",event_type="keycloak Authentication Service Experiencing A User Account Lockout Due To An Excessive Number Of Failed Login Attempts Within The Last 2 Minutes" value 2 timestamp 1732502299000
system_error_total with labels component="service_mesh",technology="kuma",severity="ERROR",event_type="kuma Service Mesh Failed To Establish A Connection With A Downstream Service Within The Last 3 Minutes" value 46 timestamp 1732502299000
system_info_total with labels component="notification_service",technology="firebase",severity="INFO",event_type="firebase Notification Service Successfully Sent 1500 New Device Notifications Within The Last 15 Minutes" value 421 timestamp 1732502299000
system_warning_total with labels component="service_mesh",technology="kuma",severity="WARN",event_type="kuma Service Mesh Detected A Potential Security Vulnerability In A Downstream Service Within The Last 10 Minutes" value 135 timestamp 1732502299000
system_critical_total with labels component="file_storage_handler",technology="nfs",severity="CRITICAL",event_type="nfs File Storage Handler Experiencing A File System Corruption Due To A Write-Heavy Workload Within The Last 5 Minutes" value 3 timestamp 1732502299000
system_error_total with labels component="api_gateway",technology="traefik",severity="ERROR",event_type="traefik API Gateway Failed To Handle A Malformed HTTP Request Within The Last 2 Minutes" value 22 timestamp 1732502299000
system_warning_total with labels component="cache_manager",technology="hazelcast",severity="WARN",event_type="hazelcast Cache Manager Detected A Peak Memory Usage Of 70% Within The Last 5 Minutes" value 184 timestamp 1732502299000
system_info_total with labels component="container_orchestrator",technology="nomad",severity="INFO",event_type="nomad Container Orchestrator Successfully Launched 25 New Tasks Within The Last 15 Minutes" value 234 timestamp 1732502299000
system_error_total with labels component="api_gateway",technology="envoy",severity="ERROR",event_type="envoy API Gateway Failed To Establish A Healthy HTTP Connection To The Target Service Within The Last 1 Minute" value 11 timestamp 1732502299000
system_critical_total with labels component="database_connection_pool",technology="mongodb",severity="CRITICAL",event_type="mongodb Database Connection Pool Experiencing A Blockage Due To A Locked Session" value 2 timestamp 1732502299000
system_critical_total with labels component="payment_processor",technology="adyen",severity="CRITICAL",event_type="adyen Payment Processor Experiencing A Network Error Due To An Unexpected Token In The Request" value 4 timestamp 1732502299000
system_warning_total with labels component="logging_aggregator",technology="splunk",severity="WARN",event_type="splunk Logging Aggregator Detected A Duplicate Event With The Same Event ID In The Last 10 Minutes" value 67 timestamp 1732502299000
system_error_total with labels component="file_storage_handler",technology="nfs",severity="ERROR",event_type="nfs File Storage Handler Experiencing A Timeouts Due To An Insufficient Number Of Available IOPS Within The Last 5 Minutes" value 38 timestamp 1732502299000
system_info_total with labels component="container_orchestrator",technology="nomad",severity="INFO",event_type="nomad Container Orchestrator Successfully Registered A New Job With The Desired State In The Last 2 Minutes" value 421 timestamp 1732502299000
system_critical_total with labels component="metrics_collector",technology="datadog",severity="CRITICAL",event_type="datadog Metrics Collector Failed To Fetch Metrics From A Down Host Due To An HTTP Connection Error" value 1 timestamp 1732502299000
system_error_total with labels component="database_connection_pool",technology="oracle",severity="ERROR",event_type="oracle Database Connection Pool Experiencing A Maximum Number Of Con concurrent Connections Within The Last 3 Minutes" value 23 timestamp 1732502299000
system_warning_total with labels component="file_storage_handler",technology="azure-blob",severity="WARN",event_type="azure-blob File Storage Handler Noticing Excessive Number Of Blob Downloads Within The Last 10 Minutes Due To Insufficient Storage Quotas" value 117 timestamp 1732502299000
system_info_total with labels component="service_mesh",technology="kuma",severity="INFO",event_type="kuma Service Mesh Successfully Established A New Ingress Route In The Last 2 Minutes" value 431 timestamp 1732502299000
system_critical_total with labels component="session_manager",technology="infinispan",severity="CRITICAL",event_type="infinispan Session Manager Experiencing Inconsistent State After A Series Of Consecutive Cache Evictions Within The Last 1 Minute" value 4 timestamp 1732502299000
system_error_total with labels component="search_indexer",technology="algolia",severity="ERROR",event_type="algolia Search Indexer Noticing A Significant Increase In The Number Of Failed Indexing Operations Due To Malformed JSON Payloads Within The Last 5 Minutes" value 41 timestamp 1732502299000
system_critical_total with labels component="metrics_collector",technology="dynatrace",severity="CRITICAL",event_type="dynatrace Metrics Collector Experiencing A High Rate Of Unhandled Exceptions While Processing Monitoring Data From The Last 30 Seconds" value 2 timestamp 1732502299000
system_critical_total with labels component="session_manager",technology="redis",severity="CRITICAL",event_type="redis Session Manager Noticing A High Rate Of Expired Session Keys Due To Inadequate Session Expiration Strategies Within The Last 2 Minutes" value 3 timestamp 1732502299000
system_error_total with labels component="notification_service",technology="smtp",severity="ERROR",event_type="smtp Notification Service Failing To Deliver Emails Due To Invalid SMTP Server Credentials Within The Last 10 Minutes" value 31 timestamp 1732502299000
system_warning_total with labels component="authentication_service",technology="auth0",severity="WARN",event_type="auth0 Authentication Service Noticing A High Rate Of Failed Login Attempts Due To Weak Passwords Within The Last 15 Minutes" value 192 timestamp 1732502299000
system_warning_total with labels component="search_indexer",technology="meilisearch",severity="WARN",event_type="meilisearch Search Indexer Noticing A High Rate Of Duplicate Documents Due To Insufficient Unique Constraints Within The Last 20 Minutes" value 118 timestamp 1732502299000
system_info_total with labels component="service_mesh",technology="consul",severity="INFO",event_type="consul Service Mesh Successfully Registered New Service Instance Within The Last 5 Minutes" value 421 timestamp 1732502299000
system_error_total with labels component="authentication_service",technology="auth0",severity="ERROR",event_type="auth0 Authentication Service Experiencing High Demand Due To Consecutive Successful Login Attempts Within The Last 30 Seconds" value 46 timestamp 1732502299000
system_critical_total with labels component="logging_aggregator",technology="datadog",severity="CRITICAL",event_type="datadog Logging Aggregator Crashed Due To Insufficient Memory Allocation Within The Last 2 Minutes" value 4 timestamp 1732502299000
system_info_total with labels component="cache_manager",technology="hazelcast",severity="INFO",event_type="hazelcast Cache Manager Successfully Evicted Stale Cache Items Within The Last 10 Minutes" value 817 timestamp 1732502299000
system_critical_total with labels component="load_balancer",technology="nginx",severity="CRITICAL",event_type="nginx Load Balancer Failed To Establish Connection With Downstream Service Within The Last 1 Minute" value 2 timestamp 1732502299000
system_warning_total with labels component="notification_service",technology="firebase",severity="WARN",event_type="firebase Notification Service Experienced High Notification Volume Due To Simultaneous Successful Notifications Within The Last 5 Minutes" value 137 timestamp 1732502299000
system_error_total with labels component="metrics_collector",technology="newrelic",severity="ERROR",event_type="newrelic Metrics Collector Failed To Collect Metrics From Downstream Service Within The Last 30 Seconds" value 31 timestamp 1732502299000
system_critical_total with labels component="message_queue_consumer",technology="azure-servicebus",severity="CRITICAL",event_type="azure-servicebus Message Queue Consumer Lost Multiple Messages Due To Exponential Backoff Of Service Within The Last 2 Minutes" value 1 timestamp 1732502299000
system_info_total with labels component="service_mesh",technology="consul",severity="INFO",event_type="consul Service Mesh Failed To Register Service Within The Last 1 Minute Due To Consistent Health Checks" value 851 timestamp 1732502299000
system_error_total with labels component="container_orchestrator",technology="aws-ecs",severity="ERROR",event_type="aws-ecs Container Orchestrator Failed To Schedule Container Within The Last 10 Seconds Due To Insufficient CPU Resources" value 42 timestamp 1732502299000
system_warning_total with labels component="service_mesh",technology="istio",severity="WARN",event_type="istio Service Mesh Failed To Establish Secure Connection Between Services Within The Last 5 Minutes Due To Insecure Certificate" value 117 timestamp 1732502299000
system_critical_total with labels component="container_orchestrator",technology="nomad",severity="CRITICAL",event_type="nomad Container Orchestrator Failed To Start Task Within The Last 1 Minute Due To Insufficient Disk Space" value 3 timestamp 1732502299000
system_error_total with labels component="database_connection_pool",technology="mysql",severity="ERROR",event_type="mysql Database Connection Pool Failed To Establish Connection Within The Last 10 Seconds Due To Host Unreachable" value 19 timestamp 1732502299000
system_critical_total with labels component="payment_processor",technology="paypal",severity="CRITICAL",event_type="paypal Payment Processor Failed To Process Payment Within The Last 30 Seconds Due To Invalid Payment Method" value 4 timestamp 1732502299000
system_info_total with labels component="api_gateway",technology="traefik",severity="INFO",event_type="traefik API Gateway Successfully Received 567 New Requests Within The Last 1 Minute" value 567 timestamp 1732502299000
system_warning_total with labels component="api_gateway",technology="traefik",severity="WARN",event_type="traefik API Gateway Exceeded Maximum Concurrency Limit For A Specific Route Within The Last 5 Minutes" value 142 timestamp 1732502299000
system_error_total with labels component="search_indexer",technology="opensearch",severity="ERROR",event_type="opensearch Search Indexer Failed To Index 150 Documents Within The Last 10 Seconds Due To Elasticsearch Cluster Unavailable" value 37 timestamp 1732502299000
system_critical_total with labels component="api_gateway",technology="traefik",severity="CRITICAL",event_type="traefik API Gateway Failed To Forward Request To Upstream Service Within The Last 5 Seconds Due To Connection Reset" value 2 timestamp 1732502299000
system_info_total with labels component="service_mesh",technology="consul",severity="INFO",event_type="consul Service Mesh Successfully Registered 250 New Services Within The Last 30 Seconds" value 250 timestamp 1732502299000
system_error_total with labels component="database_connection_pool",technology="mysql",severity="ERROR",event_type="mysql Database Connection Pool Experienced A High Rate Of Idle Connections Exceeded Within The Last 5 Minutes" value 49 timestamp 1732502299000
system_warning_total with labels component="session_manager",technology="redis",severity="WARN",event_type="redis Session Manager Expired 150 Session Tokens Within The Last 2 Minutes Due To Idle Timeout" value 145 timestamp 1732502299000
system_critical_total with labels component="load_balancer",technology="azure-lb",severity="CRITICAL",event_type="azure-lb Load Balancer Experienced A High Rate Of Requests Rejected Due To Invalid IP Addresses Within The Last 10 Seconds" value 3 timestamp 1732502299000
system_info_total with labels component="service_mesh",technology="kuma",severity="INFO",event_type="kuma Service Mesh Successfully Enregistered 200 New Services Within The Last 45 Seconds" value 200 timestamp 1732502299000
system_error_total with labels component="message_queue_consumer",technology="kafka",severity="ERROR",event_type="kafka Message Queue Consumer Experienced A High Rate Of Offset Reverts Within The Last 15 Minutes Due To Uncommitted Consumed Messages" value 28 timestamp 1732502299000
system_critical_total with labels component="logging_aggregator",technology="datadog",severity="CRITICAL",event_type="datadog Logging Aggregator Failed To Send 12 Log Events To Datadog Within The Last 30 Seconds" value 2 timestamp 1732502299000
system_warning_total with labels component="service_mesh",technology="linkerd",severity="WARN",event_type="linkerd Service Mesh Identified 98 Hosts Within The Last 2 Minutes With Outdated TLS Certificates That Are No Longer Valid" value 67 timestamp 1732502299000
system_info_total with labels component="notification_service",technology="sendgrid",severity="INFO",event_type="sendgrid Notification Service Successfully Sent 450 Emails To Recipients Within The Last 10 Minutes" value 450 timestamp 1732502299000
system_error_total with labels component="message_queue_consumer",technology="kafka",severity="ERROR",event_type="kafka Message Queue Consumer Experienced A Low Rate Of Successful Consumed Messages Within The Last 5 Minutes Due To Insufficient Broker Connections" value 13 timestamp 1732502299000
system_critical_total with labels component="metrics_collector",technology="dynatrace",severity="CRITICAL",event_type="dynatrace Metrics Collector Failed To Poll 1000 Metrics From Dynatrace Within The Last 2 Minutes" value 4 timestamp 1732502299000
system_error_total with labels component="notification_service",technology="twilio",severity="ERROR",event_type="twilio Notification Service Failed To Send SMS To Recipient Due To Invalid Account Credentials" value 34 timestamp 1732502299000
system_warning_total with labels component="notification_service",technology="twilio",severity="WARN",event_type="twilio Notification Service Exceeded Daily SMS Limit By 500 Messages Within The Last Hour" value 219 timestamp 1732502299000
system_info_total with labels component="cache_manager",technology="ehcache",severity="INFO",event_type="ehcache Cache Manager Successfully Evicted 987 Cache Entries Due To Expiration" value 987 timestamp 1732502299000
system_warning_total with labels component="logging_aggregator",technology="fluentd",severity="WARN",event_type="fluentd Logging Aggregator Failed To Parse Log Record Due To Malformed JSON Format" value 142 timestamp 1732502299000
system_critical_total with labels component="logging_aggregator",technology="splunk",severity="CRITICAL",event_type="splunk Logging Aggregator Experiencing High CPU Utilization Reaching 90% For 5 Minutes Consecutive" value 1 timestamp 1732502299000
system_critical_total with labels component="message_queue_consumer",technology="rabbitmq",severity="CRITICAL",event_type="rabbitmq Message Queue Consumer Experienced A 5 Second Connection Timeout To RabbitMQ Broker" value 3 timestamp 1732502299000
system_error_total with labels component="database_connection_pool",technology="mysql",severity="ERROR",event_type="mysql Database Connection Pool Exceeded Maximum Connection Pool Size By 100% Due To Inadequate Resource Allocation" value 12 timestamp 1732502299000
system_info_total with labels component="logging_aggregator",technology="loki",severity="INFO",event_type="loki Logging Aggregator Successfully Indexing 475 Log Events From The Last 5 Minutes" value 475 timestamp 1732502299000
system_warning_total with labels component="search_indexer",technology="meilisearch",severity="WARN",event_type="meilisearch Search Indexer Exceeded Average Query Latency Threshold By 30% For 10 Consecutive Requests" value 187 timestamp 1732502299000
system_critical_total with labels component="cache_manager",technology="hazelcast",severity="CRITICAL",event_type="hazelcast Cache Manager Encountered A Cluster Connection Failure Causing Loss Of 250 Cache Entries" value 2 timestamp 1732502299000
system_error_total with labels component="cache_manager",technology="redis",severity="ERROR",event_type="redis Cache Manager Failed To Evict 10 High-Value Items Due To Insufficient Memory Available" value 42 timestamp 1732502299000
system_info_total with labels component="logging_aggregator",technology="fluentd",severity="INFO",event_type="fluentd Logging Aggregator Successfully Processed 850 Log Events From The Last 3 Minutes Without Any Buffer Overflows" value 850 timestamp 1732502299000
system_critical_total with labels component="session_manager",technology="jwt",severity="CRITICAL",event_type="jwt Session Manager Encounter Expiration Token Error Causing Session Revocation" value 1 timestamp 1732502299000
system_warning_total with labels component="load_balancer",technology="haproxy",severity="WARN",event_type="haproxy Load Balancer Received A 502 Bad Gateway Response From 3 Of 5 Backend Servers Due To Excessive Requests" value 67 timestamp 1732502299000
system_error_total with labels component="database_connection_pool",technology="mysql",severity="ERROR",event_type="mysql Database Connection Pool Experienced A 1205 Cannot Lock 10 Resources Error Due To Insufficient Lock Timeout Seconds" value 19 timestamp 1732502299000
system_critical_total with labels component="search_indexer",technology="elasticsearch",severity="CRITICAL",event_type="elasticsearch Search Indexer Faced An Indexing Failure Due To Document Size Exceeding 16mb" value 4 timestamp 1732502299000
system_info_total with labels component="service_mesh",technology="consul",severity="INFO",event_type="consul Service Mesh Failed To Resolve 7 Services Within The Last 5 Minutes Due To Insufficient Service Discovery Interval" value 942 timestamp 1732502299000
system_critical_total with labels component="file_storage_handler",technology="gcs",severity="CRITICAL",event_type="gcs Bucket File Download Failed Due To Unauthorized Request" value 2 timestamp 1732502299000
system_error_total with labels component="database_connection_pool",technology="mongodb",severity="ERROR",event_type="mongodb Connection Pool Failed To Acquire A Connection Due To A Network Timeout" value 35 timestamp 1732502299000
system_info_total with labels component="authentication_service",technology="keycloak",severity="INFO",event_type="keycloak Authentication Service Faced A Client Registration Failure Due To Duplicate Client ID" value 517 timestamp 1732502299000
system_critical_total with labels component="service_mesh",technology="istio",severity="CRITICAL",event_type="istio Service Mesh Failed To Encrypt 3 Requests Due To Mismatched Tunnel Configuration" value 1 timestamp 1732502299000
system_warning_total with labels component="authentication_service",technology="okta",severity="WARN",event_type="okta Authentication Service Exceeded Maximum Number Of Login Attempts For A User Within The Last 5 Minutes" value 118 timestamp 1732502299000
system_error_total with labels component="service_mesh",technology="istio",severity="ERROR",event_type="istio Service Mesh Failed To Establish A Secure Tunnel Due To A Peer Identity Discrepancy" value 46 timestamp 1732502299000
system_info_total with labels component="cache_manager",technology="redis",severity="INFO",event_type="redis Cache Manager Failed To Evict 427 Expired Keys From The In-Memory Store" value 341 timestamp 1732502299000
system_warning_total with labels component="container_orchestrator",technology="docker-swarm",severity="WARN",event_type="docker-swarm Container Orchestration Failed To Start 23 Containers Due To Insufficient CPU Resources" value 192 timestamp 1732502299000
system_critical_total with labels component="notification_service",technology="smtp",severity="CRITICAL",event_type="smtp Notification Service Failed To Send 17 Critical Emails Due To A Permanent Forbidden SMTP Error" value 9 timestamp 1732502299000
system_error_total with labels component="service_mesh",technology="kuma",severity="ERROR",event_type="kuma Service Mesh Failed To Establish A Secure Service Proxy Due To A Conflict With The Existing Peer Identity" value 71 timestamp 1732502299000
system_info_total with labels component="cache_manager",technology="redis",severity="INFO",event_type="redis Cache Manager Failed To Refresh 118 Cache Items Due To An Expiration Of The Cache Invalidation Token" value 467 timestamp 1732502299000
system_error_total with labels component="metrics_collector",technology="dynatrace",severity="ERROR",event_type="dynatrace Metrics Collector Failed To Retrieve 32 Monitoring Metrics Due To A Network Connection Timeout" value 46 timestamp 1732502299000
system_warning_total with labels component="logging_aggregator",technology="elasticsearch",severity="WARN",event_type="elasticsearch Logging Aggregator Failed To Index 187 Log Events Due To An Indexing Delay Caused By Insufficient CPU Resources" value 193 timestamp 1732502299000
system_critical_total with labels component="authentication_service",technology="jwt",severity="CRITICAL",event_type="jwt Authentication Service Failed To Verify A Valid JWT Token Due To A Signing Key Expiration" value 2 timestamp 1732502299000
system_critical_total with labels component="container_orchestrator",technology="kubernetes",severity="CRITICAL",event_type="kubernetes Container Orchestrator Failed To Create A New Container Instance Due To A Pod Disruption Caused By Insufficient CPU Resources" value 3 timestamp 1732502299000
system_info_total with labels component="notification_service",technology="firebase",severity="INFO",event_type="firebase Notification Service Failed To Send A Notification To 145 Users Due To A Missing Sender ID In The Firebase Cloud Messaging Configuration" value 421 timestamp 1732502299000
system_error_total with labels component="load_balancer",technology="aws-elb",severity="ERROR",event_type="aws-elb The Load Balancer Was Unable To Establish A Connection To The Target Group Due To A Missing SSL Certificate" value 28 timestamp 1732502299000
system_critical_total with labels component="database_connection_pool",technology="mongodb",severity="CRITICAL",event_type="mongodb The Connection Pool Failed To Establish A New Connection To The Database Due To A Network Connection Error Caused By A DNS Resolution Failure" value 1 timestamp 1732502299000
system_error_total with labels component="api_gateway",technology="kong",severity="ERROR",event_type="kong The API Gateway Failed To Validate The Request Due To An Incorrect API Key Format In The Request Header" value 38 timestamp 1732502299000
system_warning_total with labels component="service_mesh",technology="istio",severity="WARN",event_type="istio The Service Mesh Failed To Inject Sidecar Services Into The Application Due To An Incompatible Service Definition Format" value 187 timestamp 1732502299000
system_info_total with labels component="metrics_collector",technology="prometheus",severity="INFO",event_type="prometheus The Metrics Collector Failed To Write Metrics To The Prometheus Server Due To A Network Connection Error" value 351 timestamp 1732502299000
system_critical_total with labels component="metrics_collector",technology="dynatrace",severity="CRITICAL",event_type="dynatrace The Metrics Collector Failed To Authenticate With The Dynatrace Monitoring Server Due To An Expired API Token" value 5 timestamp 1732502299000
system_error_total with labels component="cache_manager",technology="memcached",severity="ERROR",event_type="memcached The Cache Manager Failed To Evict Expired Cache Items Due To A Memory Leak Caused By An Inadequate Garbage Collection Cycle" value 14 timestamp 1732502299000
system_critical_total with labels component="load_balancer",technology="aws-elb",severity="CRITICAL",event_type="aws-elb The Load Balancer Failed To Detect An HTTP Request Due To A Connection Reset By The Target Instance" value 3 timestamp 1732502299000
system_warning_total with labels component="authentication_service",technology="auth0",severity="WARN",event_type="auth0 The Authentication Service Failed To Validate A User Session Due To A Token Expiration Threshold Being Exceeded" value 91 timestamp 1732502299000
system_error_total with labels component="file_storage_handler",technology="nfs",severity="ERROR",event_type="nfs The File Storage Handler Failed To Mount A File System Due To An Insufficient Number Of Available IOPS On The Target Server" value 34 timestamp 1732502299000
system_info_total with labels component="payment_processor",technology="stripe",severity="INFO",event_type="stripe The Payment Processor Successfully Processed A Payment Using The Stripe API With A Payment Success Rate Of 99.87%" value 817 timestamp 1732502299000
system_critical_total with labels component="logging_aggregator",technology="loki",severity="CRITICAL",event_type="loki The Logging Aggregator Failed To Send A Log Event To Loki Due To A Network Connection Lost With The Loki Service" value 2 timestamp 1732502299000
system_error_total with labels component="authentication_service",technology="jwt",severity="ERROR",event_type="jwt The Authentication Service Failed To Verify A JWT Token Due To An Expired Signature With A Signature Expiration Time Of 1646315200" value 18 timestamp 1732502299000
system_warning_total with labels component="notification_service",technology="smtp",severity="WARN",event_type="smtp The Notification Service Received An Undeliverable Email From The SMTP Server With A Reason Code Of 550 And An Email Address Of user@example.com" value 167 timestamp 1732502299000
system_critical_total with labels component="database_connection_pool",technology="mariadb",severity="CRITICAL",event_type="mariadb The Database Connection Pool Experienced A Connection Leak With A Connection ID Of 123456789 And A Wait Time Of 120000" value 4 timestamp 1732502299000
system_info_total with labels component="container_orchestrator",technology="nomad",severity="INFO",event_type="nomad The Container Orchestrator Successfully Launched 5 New Pods From The Nomad Cluster With A Job ID Of job-123 And A Worker ID Of worker-456" value 219 timestamp 1732502299000
system_error_total with labels component="notification_service",technology="smtp",severity="ERROR",event_type="smtp The Notification Service Failed To Send A Notification Email To user@example.com Due To A SMTP Authentication Failure With A SMTP Error Code Of 534" value 31 timestamp 1732502299000
system_critical_total with labels component="service_mesh",technology="consul",severity="CRITICAL",event_type="consul The Service Mesh Experienced A Consul Service Discovery Failure With A Service Name Of service-abc And A Service ID Of 1234567890" value 2 timestamp 1732502299000
system_warning_total with labels component="api_gateway",technology="traefik",severity="WARN",event_type="traefik The API Gateway Failed To Route 10 Incoming HTTP Requests Due To A Traefik Route Configuration Issue With A Route ID Of route-123" value 191 timestamp 1732502299000
system_error_total with labels component="message_queue_consumer",technology="azure-servicebus",severity="ERROR",event_type="azure-servicebus The Message Queue Consumer Failed To Process 20 Messages From The Service Bus Queue With A Message ID Of 1234567890" value 46 timestamp 1732502299000
system_critical_total with labels component="database_connection_pool",technology="mongodb",severity="CRITICAL",event_type="mongodb The Database Connection Pool Experienced A Connection Refused Error To Establish A Connection To The MongoDB Database With A Hostname Of mongodb-host" value 4 timestamp 1732502299000
system_info_total with labels component="load_balancer",technology="traefik",severity="INFO",event_type="traefik The Load Balancer Successfully Routed 500 Incoming HTTP Requests To The Backend Service With A Service ID Of service-123" value 502 timestamp 1732502299000
system_error_total with labels component="notification_service",technology="ses",severity="ERROR",event_type="ses The Notification Service Failed To Send 15 Email Notifications To The Recipient With A Source Email Address Of notification@example.com" value 28 timestamp 1732502299000
system_error_total with labels component="message_queue_consumer",technology="azure-servicebus",severity="ERROR",event_type="azure-servicebus The Message Queue Consumer Failed To Process 15 Messages From The Service Bus Queue With A Message ID Of 9876543210" value 35 timestamp 1732502299000
system_warning_total with labels component="service_mesh",technology="consul",severity="WARN",event_type="consul The Service Mesh Failed To Establish A Consistent View Of The Service Registry 250 Times In The Last Minute" value 182 timestamp 1732502299000
system_info_total with labels component="search_indexer",technology="meilisearch",severity="INFO",event_type="meilisearch The Search Indexer Successfully Added 420 New Documents To The Search Index With A Total Of 123456 Documents In The Index" value 421 timestamp 1732502299000
system_error_total with labels component="cache_manager",technology="hazelcast",severity="ERROR",event_type="hazelcast The Cache Manager Failed To Evict 17 Expired Items From The In-Memory Cache" value 23 timestamp 1732502299000
system_warning_total with labels component="logging_aggregator",technology="datadog",severity="WARN",event_type="datadog The Logging Aggregator Failed To Send 32 Log Events To Datadog In The Last 60 Seconds Due To Network Connectivity Issues" value 118 timestamp 1732502299000
system_critical_total with labels component="file_storage_handler",technology="gcs",severity="CRITICAL",event_type="gcs The File Storage Handler Failed To Initialize The GCS Client Due To Authentication Issues" value 1 timestamp 1732502299000
system_error_total with labels component="api_gateway",technology="traefik",severity="ERROR",event_type="traefik The API Gateway Failed To Proxy 19 Incoming Requests To The Backend Services In The Last 30 Seconds" value 31 timestamp 1732502299000
system_critical_total with labels component="message_queue_consumer",technology="azure-servicebus",severity="CRITICAL",event_type="azure-servicebus The Message Queue Consumer Failed To Process 2 Critical Messages Due To A Permanent Connection Loss" value 2 timestamp 1732502299000
system_info_total with labels component="file_storage_handler",technology="s3",severity="INFO",event_type="s3 The File Storage Handler Successfully Loaded 187 New Configuration Files From S3 In The Last 10 Minutes" value 187 timestamp 1732502299000
system_warning_total with labels component="logging_aggregator",technology="loki",severity="WARN",event_type="loki The Logging Aggregator Experienced 142 High Memory Usage Events Due To Excessive Loki Log Data In The Last 60 Seconds" value 142 timestamp 1732502299000
system_error_total with labels component="service_mesh",technology="linkerd",severity="ERROR",event_type="linkerd The Service Mesh Failed To Inject 23 Service Credentials To The Target Application Due To An Unrecoverable Network Connection" value 23 timestamp 1732502299000
system_critical_total with labels component="search_indexer",technology="elasticsearch",severity="CRITICAL",event_type="elasticsearch The Search Indexer Experienced A 5x Increase In Unhandled Exceptions Due To Elasticsearch Cluster Unavailability" value 5 timestamp 1732502299000
system_error_total with labels component="service_mesh",technology="linkerd",severity="ERROR",event_type="linkerd The Service Mesh Failed To Authenticate 41 Incoming Requests Due To A Misconfigured Service Mesh Policy" value 41 timestamp 1732502299000
system_critical_total with labels component="logging_aggregator",technology="fluentd",severity="CRITICAL",event_type="fluentd A 2x Increase In Unprocessed Log Events Was Detected In The Last 10 Minutes Due To Insufficient CPU Resources" value 2 timestamp 1732502299000
system_error_total with labels component="authentication_service",technology="jwt",severity="ERROR",event_type="jwt The Authentication Service Failed To Generate 12 Valid JWT Tokens Due To An Expired Secret Key" value 12 timestamp 1732502299000
system_critical_total with labels component="database_connection_pool",technology="oracle",severity="CRITICAL",event_type="oracle The Database Connection Pool Exceeded The Maximum Number Of Concurrency Limits Due To An Unexpected Increase In Concurrent Queries" value 1 timestamp 1732502299000
system_critical_total with labels component="database_connection_pool",technology="oracle",severity="CRITICAL",event_type="oracle The Maximum Allowed Connection Idle Time Exceeded Due To An Inactive Connection That Was Not Closed Properly" value 3 timestamp 1732502299000
system_error_total with labels component="metrics_collector",technology="newrelic",severity="ERROR",event_type="newrelic Failed To Collect 37 Metric Points Within The Specified Time Window Due To Insufficient Network Connectivity" value 37 timestamp 1732502299000
system_error_total with labels component="file_storage_handler",technology="nfs",severity="ERROR",event_type="nfs A Persistent Storage Volume Was Not Found On The File System Due To An Unexpected Root Group Failure" value 10 timestamp 1732502299000
system_critical_total with labels component="file_storage_handler",technology="nfs",severity="CRITICAL",event_type="nfs The File System Returned An Unexpected Invalid Mount Point Error On The Storage Cluster" value 4 timestamp 1732502299000
system_critical_total with labels component="service_mesh",technology="istio",severity="CRITICAL",event_type="istio The Gateway Received A Failed Authentication Request From A Client With An Unrecognized Service Identity" value 2 timestamp 1732502299000
system_error_total with labels component="file_storage_handler",technology="azure-blob",severity="ERROR",event_type="azure-blob The Upload Operation To The Azure Blob Storage Container Failed Due To An Insufficient Storage Account Credit Balance" value 25 timestamp 1732502299000
system_warning_total with labels component="cache_manager",technology="memcached",severity="WARN",event_type="memcached The Cache Eviction Count Exceeded The Threshold For The Service, Causing High Memory Utilization" value 181 timestamp 1732502299000
system_info_total with labels component="cache_manager",technology="memcached",severity="INFO",event_type="memcached The Memcached Cache Was Successfully Rebuilt After A Period Of High Cache Hit Rates" value 542 timestamp 1732502299000
system_error_total with labels component="service_mesh",technology="envoy",severity="ERROR",event_type="envoy The Envoy Service Mesh Failed To Establish A Connection With The Downstream Service Due To A Certificate Validation Error" value 11 timestamp 1732502299000
system_critical_total with labels component="search_indexer",technology="algolia",severity="CRITICAL",event_type="algolia The Algolia Indexer Failed To Create The Search Index Due To A Schema Validation Error" value 4 timestamp 1732502299000
system_critical_total with labels component="database_connection_pool",technology="mariadb",severity="CRITICAL",event_type="mariadb The MariaDB Connection Pool Ran Out Of Available Connections Due To An Excessive Number Of Concurrent Connections" value 2 timestamp 1732502299000
system_error_total with labels component="payment_processor",technology="stripe",severity="ERROR",event_type="stripe The Stripe Payment Processing Attempt Was Rejected Due To An Insufficient Funds Error" value 28 timestamp 1732502299000
system_warning_total with labels component="search_indexer",technology="solr",severity="WARN",event_type="solr The Solr Indexer Exceeded The Maximum Number Of Concurrent Indexing Operations" value 193 timestamp 1732502299000
system_info_total with labels component="search_indexer",technology="elasticsearch",severity="INFO",event_type="elasticsearch The Elasticsearch Indexer Successfully Created A New Index With The Given Mapping Definition" value 542 timestamp 1732502299000
system_critical_total with labels component="service_mesh",technology="linkerd",severity="CRITICAL",event_type="linkerd The Linkerd Service Mesh Failed To Establish A Health Check Connection To The Service" value 1 timestamp 1732502299000
system_error_total with labels component="payment_processor",technology="paypal",severity="ERROR",event_type="paypal The Paypal Payment Processing Attempt Was Rejected Due To An Invalid Request" value 11 timestamp 1732502299000
system_critical_total with labels component="load_balancer",technology="nginx",severity="CRITICAL",event_type="nginx The Nginx Load Balancer Exceeded The Maximum Allowed Connections Per Server" value 4 timestamp 1732502299000
system_warning_total with labels component="container_orchestrator",technology="ecs",severity="WARN",event_type="ecs The ECS Service Controller Detected High CPU Utilization On A Running Task" value 219 timestamp 1732502299000
system_error_total with labels component="payment_processor",technology="stripe",severity="ERROR",event_type="stripe The Stripe Payment Processing Attempt Failed Due To A Card Expiration" value 31 timestamp 1732502299000
system_info_total with labels component="api_gateway",technology="kong",severity="INFO",event_type="kong A New Route Was Successfully Added To The Kong Service Mesh" value 312 timestamp 1732502299000
system_critical_total with labels component="notification_service",technology="twilio",severity="CRITICAL",event_type="twilio The Twilio Notification Service Failed To Send A Critical SMS Due To An Insufficient Account Credit" value 2 timestamp 1732502299000
system_error_total with labels component="service_mesh",technology="consul",severity="ERROR",event_type="consul The Consul Service Mesh Failed To Detect A Service Health Check Failure Due To A Network Connection Issue" value 46 timestamp 1732502299000
system_warning_total with labels component="load_balancer",technology="nginx",severity="WARN",event_type="nginx The Nginx Load Balancer Detected A High Number Of Consecutive Requests With An Average Response Time Above 200ms" value 118 timestamp 1732502299000
system_info_total with labels component="search_indexer",technology="algolia",severity="INFO",event_type="algolia The Algolia Search Indexer Successfully Indexed 5000 New Items Into The Search Index" value 457 timestamp 1732502299000
system_critical_total with labels component="file_storage_handler",technology="s3",severity="CRITICAL",event_type="s3 The S3 File Storage Handler Failed To Handle A Large File Upload Exceeding The Maximum Allowed Size" value 3 timestamp 1732502299000
system_error_total with labels component="file_storage_handler",technology="minio",severity="ERROR",event_type="minio The Minio File Storage Handler Experiencied A Failed To Copy File From Source To Destination Due To Insufficient Disk Space" value 31 timestamp 1732502299000
system_warning_total with labels component="metrics_collector",technology="grafana",severity="WARN",event_type="grafana The Grafana Metrics Collector Failed To Poll The Grafana API Due To A Network Connection Issue" value 191 timestamp 1732502299000
system_critical_total with labels component="database_connection_pool",technology="oracle",severity="CRITICAL",event_type="oracle The Oracle Database Connection Pool Failed To Establish A New Connection Due To A Resource Limitation" value 2 timestamp 1732502299000
system_error_total with labels component="load_balancer",technology="haproxy",severity="ERROR",event_type="haproxy The Haproxy Load Balancer Failed To Handle A Client Request Due To An Invalid Cookie In The Request" value 14 timestamp 1732502299000
system_info_total with labels component="notification_service",technology="firebase",severity="INFO",event_type="firebase The Firebase Notification Service Successfully Sent A Notification To The User With The Message 'Your Package Has Arrived' After A 5 Second Delay" value 187 timestamp 1732502299000
system_critical_total with labels component="logging_aggregator",technology="splunk",severity="CRITICAL",event_type="splunk The Splunk Logging Aggregator Failed To Index The Last 10000 Logs Due To An Insufficient Indexing Capacity" value 4 timestamp 1732502299000
system_error_total with labels component="payment_processor",technology="square",severity="ERROR",event_type="square The Square Payment Processor Failed To Process A Payment Due To An Invalid Card Number" value 38 timestamp 1732502299000
system_critical_total with labels component="notification_service",technology="sendgrid",severity="CRITICAL",event_type="sendgrid The Sendgrid Notification Service Failed To Send An Email To The Recipient Due To An Invalid Email Address" value 3 timestamp 1732502299000
system_warning_total with labels component="session_manager",technology="hazelcast",severity="WARN",event_type="hazelcast The Hazelcast Session Manager Detected A High Concurrency Level Exceeding 3000 Concurrent Sessions" value 189 timestamp 1732502299000
system_error_total with labels component="authentication_service",technology="jwt",severity="ERROR",event_type="jwt The JWT Authentication Service Failed To Validate A Token Due To An Expired Signature" value 46 timestamp 1732502299000
system_info_total with labels component="cache_manager",technology="redis",severity="INFO",event_type="redis The Redis Cache Manager Successfully Evicted 427 Key-Value Pairs From Memory" value 542 timestamp 1732502299000
system_critical_total with labels component="payment_processor",technology="adyen",severity="CRITICAL",event_type="adyen The Adyen Payment Processor Failed To Process A Payment Due To An Insufficient Funds" value 4 timestamp 1732502299000
system_warning_total with labels component="cache_manager",technology="hazelcast",severity="WARN",event_type="hazelcast The Hazelcast Cache Manager Detected A Low Memory Threshold Exceeding 70% Used Memory" value 118 timestamp 1732502299000
system_error_total with labels component="session_manager",technology="jwt",severity="ERROR",event_type="jwt The JWT Session Manager Failed To Validate A Session Token Due To An Invalid Token Signature" value 31 timestamp 1732502299000
system_critical_total with labels component="search_indexer",technology="meilisearch",severity="CRITICAL",event_type="meilisearch The Meilisearch Search Indexer Exceeded The Maximum Number Of Concurrent Indexing Requests (30)" value 2 timestamp 1732502299000
system_error_total with labels component="payment_processor",technology="square",severity="ERROR",event_type="square The Square Payment Processor Failed To Process A Payment Due To A Declined Card Type" value 28 timestamp 1732502299000
system_critical_total with labels component="payment_processor",technology="stripe",severity="CRITICAL",event_type="stripe The Stripe Payment Processor Encountered An Unexpected Network Error (503 Service Unavailable)" value 3 timestamp 1732502299000
system_info_total with labels component="container_orchestrator",technology="aks",severity="INFO",event_type="aks The AKS Container Orchestrator Successfully Created A New Pod" value 512 timestamp 1732502299000
system_warning_total with labels component="file_storage_handler",technology="minio",severity="WARN",event_type="minio The Minio File Storage Handler Exceeded The Maximum Number Of Concurrent Bucket Operations (20)" value 118 timestamp 1732502299000
system_critical_total with labels component="database_connection_pool",technology="oracle",severity="CRITICAL",event_type="oracle The Oracle Database Connection Pool Failed To Establish A New Connection Due To A Insufficient Number Of Available Memory" value 1 timestamp 1732502299000
system_error_total with labels component="api_gateway",technology="nginx",severity="ERROR",event_type="nginx The Nginx API Gateway Failed To Validate The Request Due To A Malformed Json Payload" value 46 timestamp 1732502299000
system_warning_total with labels component="cache_manager",technology="hazelcast",severity="WARN",event_type="hazelcast The Hazelcast Cache Manager Exceeded The Maximum Number Of Concurrent Cache Updates (55)" value 192 timestamp 1732502299000
system_critical_total with labels component="session_manager",technology="hazelcast",severity="CRITICAL",event_type="hazelcast The Hazelcast Session Manager Failed To Find An Active Session Due To A Stale Token" value 4 timestamp 1732502299000
system_error_total with labels component="api_gateway",technology="traefik",severity="ERROR",event_type="traefik The Traefik API Gateway Failed To Handle The Request Due To A Route Configuration Error" value 13 timestamp 1732502299000
system_info_total with labels component="metrics_collector",technology="datadog",severity="INFO",event_type="datadog The Datadog Metrics Collector Successfully Imported 817 New Metrics From The Application" value 817 timestamp 1732502299000
system_warning_total with labels component="search_indexer",technology="elasticsearch",severity="WARN",event_type="elasticsearch The Elasticsearch Search Indexer Experienced A High Number Of Concurrency Errors Due To Insufficient CPU Resources" value 118 timestamp 1732502299000
system_critical_total with labels component="logging_aggregator",technology="loki",severity="CRITICAL",event_type="loki The Loki Logging Aggregator Failed To Parse 23 Log Events Due To A Syntax Error In The Log Data" value 2 timestamp 1732502299000
system_error_total with labels component="service_mesh",technology="kuma",severity="ERROR",event_type="kuma The Kuma Service Mesh Failed To Establish A Secure Connection With The Downstream Service Due To A Certificate Rotation Issue" value 32 timestamp 1732502299000
system_info_total with labels component="logging_aggregator",technology="datadog",severity="INFO",event_type="datadog The Datadog Logging Aggregator Successfully Retrieved 654 New Log Events From The Application Without Any Errors" value 654 timestamp 1732502299000
system_critical_total with labels component="payment_processor",technology="paypal",severity="CRITICAL",event_type="paypal The PayPal Payment Processor Experienced A Critical Failure Due To A Forbidden Request From The Sandbox Environment" value 1 timestamp 1732502299000
system_error_total with labels component="cache_manager",technology="ehcache",severity="ERROR",event_type="ehcache The Ehcache Cache Manager Failed To Evict 117 Expired Cache Entries Due To Insufficient Heap Space" value 41 timestamp 1732502299000
system_warning_total with labels component="session_manager",technology="jwt",severity="WARN",event_type="jwt The Jwt Session Manager Issued 193 Expiring Session Tokens In A Short Period Of Time Indicating High Token Expiration Rate" value 193 timestamp 1732502299000
system_critical_total with labels component="authentication_service",technology="auth0",severity="CRITICAL",event_type="auth0 An Unexpected Authentication Error Occurred When Verifying The User Credentials Using Auth0" value 2 timestamp 1732502299000
system_error_total with labels component="load_balancer",technology="azure-lb",severity="ERROR",event_type="azure-lb The Azure LB Service Failed To Forward 28 Incoming Traffic Requests To The Backend Servers Due To A Connection Reset" value 28 timestamp 1732502299000
system_info_total with labels component="file_storage_handler",technology="gcs",severity="INFO",event_type="gcs The GCS Bucket 1234567890 Was Successfully Updated With New Metadata And The File Download Count Increased To 1024" value 1024 timestamp 1732502299000
system_critical_total with labels component="payment_processor",technology="stripe",severity="CRITICAL",event_type="stripe The Stripe Payment Gateway Failed To Process 2 Payment Transactions Due To Insufficient Funds" value 2 timestamp 1732502299000
system_error_total with labels component="database_connection_pool",technology="mongodb",severity="ERROR",event_type="mongodb The MongoDB Server Failed To Establish A Connection With The Client For 12 Timeouts Within The Last 5 Minutes" value 12 timestamp 1732502299000
system_warning_total with labels component="container_orchestrator",technology="ecs",severity="WARN",event_type="ecs The ECS Cluster Experienced 187 Slow Container Startups Within The Last 10 Minutes" value 187 timestamp 1732502299000
system_critical_total with labels component="file_storage_handler",technology="gcs",severity="CRITICAL",event_type="gcs The GCS Bucket 1234567890 Exceeded The Maximum Number Of Concurrent Requests From The File Storage Handler" value 5 timestamp 1732502299000
system_info_total with labels component="service_mesh",technology="istio",severity="INFO",event_type="istio The Istio Service Mesh Successfully Registered 542 New Service Instances Within The Last 5 Minutes" value 542 timestamp 1732502299000
system_error_total with labels component="api_gateway",technology="traefik",severity="ERROR",event_type="traefik The Traefik API Gateway Failed To Validate 23 Invalid Client Certificates Within The Last 10 Minutes" value 23 timestamp 1732502299000
system_critical_total with labels component="container_orchestrator",technology="ecs",severity="CRITICAL",event_type="ecs The ECS Cluster Experienced A Total Of 8 Container Crashes Within The Last 5 Minutes Due To Insufficient Cpu Resources" value 8 timestamp 1732502299000
system_warning_total with labels component="authentication_service",technology="auth0",severity="WARN",event_type="auth0 142 Failed Login Attempts With Invalid Credentials From The Authentication Service Within The Last Hour" value 142 timestamp 1732502299000
system_error_total with labels component="message_queue_consumer",technology="azure-servicebus",severity="ERROR",event_type="azure-servicebus The Azure Service Bus Message Queue Consumer Failed To Process 17 Messages Due To A Permanent Loss Of Session State Within The Last 30 Minutes" value 17 timestamp 1732502299000
system_info_total with labels component="logging_aggregator",technology="splunk",severity="INFO",event_type="splunk The Splunk Logging Aggregator Successfully Indexed 351 Log Events From The System Within The Last 20 Minutes" value 351 timestamp 1732502299000
system_warning_total with labels component="database_connection_pool",technology="mysql",severity="WARN",event_type="mysql The MySQL Database Connection Pool Experienced 98 Connections With Idle Timeout Within The Last 15 Minutes" value 98 timestamp 1732502299000
system_critical_total with labels component="file_storage_handler",technology="gcs",severity="CRITICAL",event_type="gcs The Google Cloud Storage File Storage Handler Experienced A Data Corruption Event With 4 Corrupted Files Stored In The Last 10 Minutes" value 4 timestamp 1732502299000
system_error_total with labels component="notification_service",technology="sendgrid",severity="ERROR",event_type="sendgrid The SendGrid Notification Service Failed To Send 42 Notifications Due To Invalid From Email Address Within The Last 45 Minutes" value 42 timestamp 1732502299000
system_warning_total with labels component="notification_service",technology="twilio",severity="WARN",event_type="twilio The Twilio Notification Service Received 125 Invalid SMS Requests Within The Last 30 Minutes Due To Missed Calls" value 125 timestamp 1732502299000
system_info_total with labels component="message_queue_consumer",technology="aws-sqs",severity="INFO",event_type="aws-sqs The AWS SQS Message Queue Consumer Successfully Processed 817 Messages From The Last 20 Minutes" value 817 timestamp 1732502299000
system_error_total with labels component="payment_processor",technology="paypal",severity="ERROR",event_type="paypal The PayPal Payment Processor Failed To Process 32 Payment Requests Due To Insufficient Funds Within The Last 50 Minutes" value 32 timestamp 1732502299000
system_warning_total with labels component="logging_aggregator",technology="splunk",severity="WARN",event_type="splunk The Splunk Logging Aggregator Received 187 High Log Levels Within The Last 40 Minutes Due To Unhandled Exceptions" value 187 timestamp 1732502299000
system_critical_total with labels component="metrics_collector",technology="datadog",severity="CRITICAL",event_type="datadog The Datadog Metrics Collector Experiencied A 7-Minute Delay In Sending 99% Of Metrics Due To Network Connectivity Issues" value 7 timestamp 1732502299000
system_critical_total with labels component="authentication_service",technology="auth0",severity="CRITICAL",event_type="auth0 The Auth0 Authentication Service Failed To Validate 4 User Credentials Within The Last 10 Minutes Due To A Token Expiration" value 4 timestamp 1732502299000
system_warning_total with labels component="cache_manager",technology="redis",severity="WARN",event_type="redis The Redis Cache Manager Expired 152 Cache Entries Due To Inactivity Within The Last 25 Minutes" value 152 timestamp 1732502299000
system_info_total with labels component="load_balancer",technology="haproxy",severity="INFO",event_type="haproxy The Haproxy Load Balancer Received 654 New Connections Within The Last 10 Minutes" value 654 timestamp 1732502299000
system_error_total with labels component="cache_manager",technology="redis",severity="ERROR",event_type="redis The Redis Cache Manager Failed To Refresh 27 Cache Entries Due To A Connection Timeout" value 27 timestamp 1732502299000
system_critical_total with labels component="database_connection_pool",technology="mariadb",severity="CRITICAL",event_type="mariadb The MariaDB Database Connection Pool Experienced A 2-Minute Delay In Acquiring 5 Database Connections Due To A High Number Of Concurrent Connections" value 5 timestamp 1732502299000
system_info_total with labels component="metrics_collector",technology="datadog",severity="INFO",event_type="datadog The Datadog Metrics Collector Successfully Retrieved 817 New Metrics From 3 Applications Within The Last 5 Minutes" value 817 timestamp 1732502299000
system_error_total with labels component="logging_aggregator",technology="elasticsearch",severity="ERROR",event_type="elasticsearch The Elasticsearch Logging Aggregator Failed To Index 42 Log Entries Due To A Validation Error In The Index Template" value 42 timestamp 1732502299000
system_critical_total with labels component="payment_processor",technology="square",severity="CRITICAL",event_type="square The Square Payment Processor Experienced A 3-Minute Delay In Processing 9 Payment Transactions Due To A High Volume Of Credit Card Transactions" value 9 timestamp 1732502299000
system_warn with labels component="notification_service",technology="twilio",severity="WARN",event_type="twilio The Twilio Notification Service Successfully Sent 123 SMS Notifications To 97 Recipients Within The Last 10 Minutes But 5 Notifications Were Marked As Unsuccessful Due To Insufficient Funds" value 123 timestamp 1732502299000
system_error_total with labels component="api_gateway",technology="kong",severity="ERROR",event_type="kong The Kong API Gateway Failed To Proxy 27 Incoming Requests To 10 Service Applications Within The Last 5 Minutes Due To A Service Unavailability" value 27 timestamp 1732502299000
system_info_total with labels component="api_gateway",technology="nginx",severity="INFO",event_type="nginx The Nginx API Gateway Successfully Handled 1024 Incoming Requests From 500 Clients Within The Last 10 Minutes And 12 Of Those Requests Were Aborted Due To The Timeout Configuration" value 1024 timestamp 1732502299000
system_warning with labels component="load_balancer",technology="azure-lb",severity="WARN",event_type="azure-lb The Azure Load Balancer Exceeded Its Session Limit By 150 Sessions Within The Last 5 Minutes Due To An Increase In Client Activity" value 150 timestamp 1732502299000
system_critical_total with labels component="api_gateway",technology="nginx",severity="CRITICAL",event_type="nginx An Unexpected Error Occurred While Processing Incoming Requests To Nginx API Gateway: A Permanent Redirect Loop Was Detected For 8 Requests Within The Last 3 Minutes" value 8 timestamp 1732502299000
system_error_total with labels component="notification_service",technology="ses",severity="ERROR",event_type="ses The SES Notification Service Failed To Deliver 25 Critical Notifications Due To An Invalid SourceArn Error" value 25 timestamp 1732502299000
system_critical_total with labels component="search_indexer",technology="solr",severity="CRITICAL",event_type="solr A Core Temporarily Became Unresponsive Due To An OutOfMemoryError After Indexing 5 Documents Within The Last 2 Minutes" value 5 timestamp 1732502299000
system_error_total with labels component="payment_processor",technology="stripe",severity="ERROR",event_type="stripe The Stripe Payment Gateway Failed To Process 32 Transactions Due To A CardExpirationError" value 32 timestamp 1732502299000
system_info_total with labels component="logging_aggregator",technology="fluentd",severity="INFO",event_type="fluentd A New Log Source Was Successfully Added To The Aggregator" value 142 timestamp 1732502299000
system_error_total with labels component="message_queue_consumer",technology="azure-servicebus",severity="ERROR",event_type="azure-servicebus The Service Bus Message Queue Failed To Process 19 Messages Due To A DeadLetterQueueError" value 19 timestamp 1732502299000
system_warning_total with labels component="api_gateway",technology="envoy",severity="WARN",event_type="envoy The Envoy Proxy Received 187 High-Traffic Requests Within The Last 60 Seconds" value 187 timestamp 1732502299000
system_critical_total with labels component="search_indexer",technology="elasticsearch",severity="CRITICAL",event_type="elasticsearch The Elasticsearch Cluster Experienced A 30-Second Interval Without Any New Indexing Events Due To Insufficient Resources" value 2 timestamp 1732502299000
system_info_total with labels component="metrics_collector",technology="dynatrace",severity="INFO",event_type="dynatrace The Dynatrace Monitoring Agent Successfully Collected 101 Metrics From The Application" value 101 timestamp 1732502299000
system_error_total with labels component="authentication_service",technology="oauth2",severity="ERROR",event_type="oauth2 The OAuth2 Authentication Server Experienced A 10-Minute Period With No Successful Authentication Attempts Due To Expiring Client Credentials" value 7 timestamp 1732502299000
system_warning_total with labels component="notification_service",technology="smtp",severity="WARN",event_type="smtp The SMTP Notification Service Received 43 High-Priority Emails Within The Last 30 Minutes Due To An Overwhelming Volume Of Messages" value 43 timestamp 1732502299000
system_critical_total with labels component="service_mesh",technology="linkerd",severity="CRITICAL",event_type="linkerd The Linkerd Service Mesh Experienced A 5-Minute Period With No Established Connections Due To An Insufficient Number Of Proxy Nodes" value 1 timestamp 1732502299000
system_error_total with labels component="api_gateway",technology="kong",severity="ERROR",event_type="kong The Kong API Gateway Failed To Process 12 Requests Within The Last 10 Minutes Due To A Resource Limitation On The Proxy" value 12 timestamp 1732502299000
system_critical_total with labels component="search_indexer",technology="solr",severity="CRITICAL",event_type="solr The Solr Search Indexer Experienced A 3-Minute Period With No Successful Indexing Operations Due To A Permanent Index Corruption" value 2 timestamp 1732502299000
system_info_total with labels component="logging_aggregator",technology="elasticsearch",severity="INFO",event_type="elasticsearch The Elasticsearch Logging Aggregator Successfully Loaded 187 New Log Messages From The Past 5 Minutes" value 187 timestamp 1732502299000
system_warning_total with labels component="logging_aggregator",technology="datadog",severity="WARN",event_type="datadog The Datadog Logging Aggregator Recorded 245 New Log Events In The Past 10 Minutes Due To An Excessive Amount Of Logs From The Frontend Application" value 245 timestamp 1732502299000
system_error_total with labels component="search_indexer",technology="elasticsearch",severity="ERROR",event_type="elasticsearch The Elasticsearch Search Indexer Failed To Index 42 Documents Within The Last 2 Minutes Due To A Timeout Error" value 42 timestamp 1732502299000
system_critical_total with labels component="metrics_collector",technology="grafana",severity="CRITICAL",event_type="grafana The Grafana Metrics Collector Experienced A 1-Minute Period With No Successful Data Retrieval Operations Due To A Missing Configuration File" value 1 timestamp 1732502299000
system_info_total with labels component="file_storage_handler",technology="azure-blob",severity="INFO",event_type="azure-blob The Azure Blob File Storage Handler Successfully Uploaded 105 New Files In The Past 7 Minutes With A Total Size Of 1.2 GB" value 105 timestamp 1732502299000
system_critical_total with labels component="search_indexer",technology="opensearch",severity="CRITICAL",event_type="opensearch The OpenSearch Search Indexer Experienced A 2-Minute Period With No Successful Indexing Operations Due To A Disk Space Limitation" value 2 timestamp 1732502299000
system_error_total with labels component="message_queue_consumer",technology="rabbitmq",severity="ERROR",event_type="rabbitmq The RabbitMQ Message Queue Consumer Experienced 38 Consecutive Rejections Within The Last 5 Minutes Due To Insufficient Consumer Connections" value 38 timestamp 1732502299000
system_warning_total with labels component="session_manager",technology="jwt",severity="WARN",event_type="jwt The JWT Session Manager Generated 187 Expiring Session Tokens Within The Last 10 Minutes Due To Increasing Authentication Traffic" value 187 timestamp 1732502299000
system_info_total with labels component="service_mesh",technology="envoy",severity="INFO",event_type="envoy The Envoy Service Mesh Successfully Established 542 New Service Connections Within The Past 5 Minutes" value 542 timestamp 1732502299000
system_critical_total with labels component="notification_service",technology="firebase",severity="CRITICAL",event_type="firebase The Firebase Notification Service Experiencd 3 Consecutive Failures Sending Push Notifications To 10000 Recipients Within The Last 2 Minutes Due To Insufficient Credentials" value 3 timestamp 1732502299000
system_error_total with labels component="search_indexer",technology="solr",severity="ERROR",event_type="solr The Solr Search Indexer Experienced 23 Failures Indexing 500 Documents Within The Last 5 Minutes Due To Malformed JSON Payloads" value 23 timestamp 1732502299000
system_critical_total with labels component="search_indexer",technology="meilisearch",severity="CRITICAL",event_type="meilisearch The Meilisearch Search Indexer Experiencd 2 Consecutive Failures Creating 1000 Indexes Within The Last 2 Minutes Due To Index Size Limitations" value 2 timestamp 1732502299000
system_info_total with labels component="notification_service",technology="sendgrid",severity="INFO",event_type="sendgrid The SendGrid Notification Service Successfully Sent 421 Email Notifications To 100 Recipients Within The Past 10 Minutes Without Any Delivery Failures" value 421 timestamp 1732502299000
system_error_total with labels component="load_balancer",technology="aws-elb",severity="ERROR",event_type="aws-elb The AWS Elastic Load Balancer Experiencd 37 Failures Updating The Session Timeout Value Within The Last 30 Minutes Due To Insufficient Security Group Rules" value 37 timestamp 1732502299000
system_warning_total with labels component="authentication_service",technology="oauth2",severity="WARN",event_type="oauth2 The OAuth2 Authentication Service Experienced 185 Failures Authenticating 500 Users Within The Last 20 Minutes Due To Invalid Client Credentials" value 185 timestamp 1732502299000
system_critical_total with labels component="search_indexer",technology="algolia",severity="CRITICAL",event_type="algolia The Algolia Search Indexer Failed To Reindex 500 Documents Within The Last 5 Minutes Due To Index Size Limitations Exceeding The Daily Limit" value 3 timestamp 1732502299000
system_info_total with labels component="session_manager",technology="infinispan",severity="INFO",event_type="infinispan The Infinispan Session Manager Successfully Expired 427 Session Objects Within The Past 15 Minutes Due To Expiration Time Configured To 30 Minutes" value 427 timestamp 1732502299000
system_error_total with labels component="file_storage_handler",technology="gcs",severity="ERROR",event_type="gcs The Google Cloud Storage File Handler Failed To Upload 32 Files With A Total Size Of 1024MB Within The Last 10 Minutes Due To Insufficient Quota For The Bucket" value 32 timestamp 1732502299000
system_warning_total with labels component="session_manager",technology="memcached",severity="WARN",event_type="memcached The Memcached Session Manager Experienced 147 Cache Misses Within The Last 25 Minutes Due To Inadequate Cache Expiration Time Configured" value 147 timestamp 1732502299000
system_critical_total with labels component="authentication_service",technology="oauth2",severity="CRITICAL",event_type="oauth2 The OAuth2 Authentication Service Experienced 12 Failures Authenticating 100 Users Within The Last 2 Minutes Due To Invalid Refresh Token Signatures" value 12 timestamp 1732502299000
system_error_total with labels component="database_connection_pool",technology="mysql",severity="ERROR",event_type="mysql The MySQL Database Connection Pool Experienced 35 Failed Establishments Within The Last 20 Minutes Due To Inadequate Server Configuration" value 35 timestamp 1732502299000
system_info_total with labels component="metrics_collector",technology="prometheus",severity="INFO",event_type="prometheus The Prometheus Metrics Collector Successfully Scraped 512 Metrics From 25 Targets Within The Last 15 Minutes At A Rate Of 30 Scrapes Per Minute" value 512 timestamp 1732502299000
system_warning_total with labels component="logging_aggregator",technology="splunk",severity="WARN",event_type="splunk The Splunk Logging Aggregator Experienced 125 Duplicate Logs Within The Last 10 Minutes Due To Inadequate Index Configuration" value 125 timestamp 1732502299000
system_critical_total with labels component="notification_service",technology="twilio",severity="CRITICAL",event_type="twilio The Twilio Notification Service Experienced 8 Failed SMS Deliveries Within The Last 5 Minutes Due To Invalid Sender ID Configuration" value 8 timestamp 1732502299000
system_error_total with labels component="api_gateway",technology="nginx",severity="ERROR",event_type="nginx The Nginx API Gateway Experienced 42 Rate Limit Exceeded Errors Within The Last 30 Minutes Due To Excessive Incoming Requests" value 42 timestamp 1732502299000
system_warning_total with labels component="cache_manager",technology="redis",severity="WARN",event_type="redis The Redis Cache Manager Experienced 187 Timeouts Within The Last 20 Minutes Due To Inadequate Cache Expiration Configuration" value 187 timestamp 1732502299000
system_critical_total with labels component="search_indexer",technology="opensearch",severity="CRITICAL",event_type="opensearch The OpenSearch Indexer Experienced 3 Cluster Unavailable Conditions Within The Last 2 Minutes Due To Insufficient Disk Space" value 3 timestamp 1732502299000
system_info_total with labels component="logging_aggregator",technology="loki",severity="INFO",event_type="loki The Loki Logging Aggregator Experienced 542 Successful Log Entries Within The Last 10 Minutes Due To Improved Data Compression Algorithm" value 542 timestamp 1732502299000
system_error_total with labels component="database_connection_pool",technology="mariadb",severity="ERROR",event_type="mariadb The MariaDB Connection Pool Experienced 13 Connection Timeouts Within The Last 5 Minutes Due To Inadequate Server Configuration" value 13 timestamp 1732502299000
system_critical_total with labels component="session_manager",technology="memcached",severity="CRITICAL",event_type="memcached The Memcached Session Manager Experienced 2 Cache Expiration Failures Within The Last 1 Minute Due To Incorrect Eviction Policy" value 2 timestamp 1732502299000
system_error_total with labels component="file_storage_handler",technology="s3",severity="ERROR",event_type="s3 The S3 File Storage Handler Experienced 41 Bucket Policy Denials Within The Last 10 Minutes Due To Inconsistent Access Control" value 41 timestamp 1732502299000
system_warning_total with labels component="api_gateway",technology="envoy",severity="WARN",event_type="envoy The Envoy API Gateway Experienced 187 Hosted Service Unavailability Notifications Within The Last 15 Minutes Due To Insufficient Load Balancer Resources" value 187 timestamp 1732502299000
system_info_total with labels component="cache_manager",technology="redis",severity="INFO",event_type="redis The Redis Cache Manager Experienced 817 Cache Renewal Operations Within The Last 5 Minutes Due To Increased Cache Hit Ratio" value 817 timestamp 1732502299000
system_critical_total with labels component="database_connection_pool",technology="mysql",severity="CRITICAL",event_type="mysql The MySQL Database Connection Pool Experienced 3 Connection Timeouts Within The Last 2 Minutes Due To Inadequate Server Configuration" value 3 timestamp 1732502299000
system_error_total with labels component="api_gateway",technology="apache",severity="ERROR",event_type="apache The Apache HTTP Server Gateway Experienced 32 Request Timeouts Within The Last 10 Minutes Due To Insufficient Worker Threads" value 32 timestamp 1732502299000
system_warning_total with labels component="cache_manager",technology="redis",severity="WARN",event_type="redis The Redis Cache Manager Experienced 93 Cache Evictions Within The Last 5 Minutes Due To High Memory Utilization" value 93 timestamp 1732502299000
system_critical_total with labels component="file_storage_handler",technology="minio",severity="CRITICAL",event_type="minio The Minio File Storage Handler Experienced 2 Permanent Replication Failures Within The Last 2 Minutes Due To Disk Space Constraints" value 2 timestamp 1732502299000
system_error_total with labels component="payment_processor",technology="braintree",severity="ERROR",event_type="braintree The Braintree Payment Processor Experienced 46 Invalid Payment Method Errors Within The Last 15 Minutes Due To Network Connectivity Issues" value 46 timestamp 1732502299000
system_warning_total with labels component="message_queue_consumer",technology="rabbitmq",severity="WARN",event_type="rabbitmq The RabbitMQ Message Queue Consumer Experienced 117 Message Acknowledgment Failures Within The Last 7 Minutes Due To Inconsistent Message Queue Configurations" value 117 timestamp 1732502299000
system_info_total with labels component="search_indexer",technology="algolia",severity="INFO",event_type="algolia The Algolia Search Indexer Experienced 542 New Index Entry Updates Within The Last 12 Hours Due To High Index Growth Rates" value 542 timestamp 1732502299000
system_critical_total with labels component="service_mesh",technology="linkerd",severity="CRITICAL",event_type="linkerd The Linkerd Service Mesh Experienced 3 Service Discovery Failures Within The Last 2 Minutes Due To Insufficient DNS Configuration" value 3 timestamp 1732502299000
system_error_total with labels component="service_mesh",technology="envoy",severity="ERROR",event_type="envoy The Envoy Service Mesh Experienced 32 Route Configuration Failures Within The Last 10 Minutes Due To Inconsistent Service Definitions" value 32 timestamp 1732502299000
system_critical_total with labels component="container_orchestrator",technology="kubernetes",severity="CRITICAL",event_type="kubernetes The Kubernetes Container Orchestrator Experienced 2 Pod Creation Failures Within The Last 5 Minutes Due To Insufficient CPU Resources" value 2 timestamp 1732502299000
system_warning_total with labels component="database_connection_pool",technology="mysql",severity="WARN",event_type="mysql The MySQL Database Connection Pool Experienced 192 Connection Timeout Errors Within The Last 15 Minutes Due To High Network Latency" value 192 timestamp 1732502299000
system_error_total with labels component="database_connection_pool",technology="mongodb",severity="ERROR",event_type="mongodb The MongoDB Database Connection Pool Experienced 43 Connection Refusal Errors Within The Last 10 Minutes Due To Flaky Network Connections" value 43 timestamp 1732502299000
system_info_total with labels component="api_gateway",technology="envoy",severity="INFO",event_type="envoy The Envoy API Gateway Experienced 819 Successful API Requests Within The Last 20 Minutes Due To Optimized Service Routing" value 819 timestamp 1732502299000
system_error_total with labels component="payment_processor",technology="paypal",severity="ERROR",event_type="paypal The PayPal Payment Processor Experienced 56 Invalid Payment Token Errors Within The Last 15 Minutes Due To Expired Credit Cards" value 56 timestamp 1732502299000
system_critical_total with labels component="api_gateway",technology="apache",severity="CRITICAL",event_type="apache The Apache API Gateway Experienced 12 Service Unavailable Errors Within The Last 5 Minutes Due To High CPU Load From Multiple Concurrent Requests" value 12 timestamp 1732502299000
system_critical_total with labels component="payment_processor",technology="braintree",severity="CRITICAL",event_type="braintree The Braintree Payment Processor Experienced 3 Invalid Payment Methods Errors Within The Last 2 Minutes Due To Malformed Payment Card Information" value 3 timestamp 1732502299000
system_warning_total with labels component="service_mesh",technology="kuma",severity="WARN",event_type="kuma The Kuma Service Mesh Experienced 187 High Latency Errors Within The Last 10 Minutes Due To Inconsistent Service Visibility Across Mesh Nodes" value 187 timestamp 1732502299000
system_info_total with labels component="file_storage_handler",technology="nfs",severity="INFO",event_type="nfs The NFS File Storage Handler Experienced 542 Successful File Transfers Within The Last 20 Minutes Due To Optimized File System Caching" value 542 timestamp 1732502299000
system_error_total with labels component="file_storage_handler",technology="minio",severity="ERROR",event_type="minio The Minio File Storage Handler Experienced 14 Object Corrupted Errors Within The Last 5 Minutes Due To Insufficient Disk Space" value 14 timestamp 1732502299000
system_critical_total with labels component="payment_processor",technology="square",severity="CRITICAL",event_type="square The Square Payment Processor Experienced 8 Invalid Payment Card Information Errors Within The Last 3 Minutes Due To Unrecognized Card Verification Codes" value 8 timestamp 1732502299000
system_info_total with labels component="service_mesh",technology="kuma",severity="INFO",event_type="kuma The Kuma Service Mesh Experienced 982 Service Instances Registered Successfully Across 15 Mesh Nodes Within The Last 15 Minutes" value 982 timestamp 1732502299000
system_warning_total with labels component="authentication_service",technology="okta",severity="WARN",event_type="okta The Okta Authentication Service Experienced 123 Unvalidated Session Tokens Within The Last 10 Minutes Due To Weak Password Hashing" value 123 timestamp 1732502299000
system_error_total with labels component="payment_processor",technology="braintree",severity="ERROR",event_type="braintree The Braintree Payment Processor Experienced 37 Payment Processing Failures Within The Last 5 Minutes Due To Insufficient Funds In The Customer's Account" value 37 timestamp 1732502299000
system_warning_total with labels component="notification_service",technology="smtp",severity="WARN",event_type="smtp The SMTP Notification Service Experienced 187 Mail Sending Failures Within The Last 20 Minutes Due To DNS Resolution Errors" value 187 timestamp 1732502299000
system_critical_total with labels component="file_storage_handler",technology="gcs",severity="CRITICAL",event_type="gcs A Critical Storage Bucket was Found to Be Insufficiently Quota-Compliant, Potentially Causing Future Service Disruptions" value 4 timestamp 1732502299000
system_error_total with labels component="metrics_collector",technology="datadog",severity="ERROR",event_type="datadog The Datadog Metrics Collector Experienced 31 Retention Period Exceedances Within The Last 10 Minutes Due To Inadequate Cleanup Procedures" value 31 timestamp 1732502299000
system_info_total with labels component="logging_aggregator",technology="datadog",severity="INFO",event_type="datadog The Datadog Logging Aggregator Successfully Processed 642 Log Entries from 5 Differently-Sourced Systems in the Last 5 Minutes" value 642 timestamp 1732502299000
system_critical_total with labels component="session_manager",technology="redis",severity="CRITICAL",event_type="redis The Redis Session Store Experienced 3 Consecutive Timeouts of 30 Seconds or More Within the Last 2 Minutes, Potentially Causing User Sessions to Expire" value 3 timestamp 1732502299000
system_error_total with labels component="service_mesh",technology="consul",severity="ERROR",event_type="consul The Consul Service Mesh Failed to Resolve 47 of the 120 Registered Service Instances Within the Last 5 Minutes Due to Insufficient Service Discovery" value 47 timestamp 1732502299000
system_warning_total with labels component="payment_processor",technology="adyen",severity="WARN",event_type="adyen The Adyen Payment Processor Experienced 187 Rejected Transactions Within the Last 10 Minutes Due to Insufficient Card Validation Procedures, Affecting 3.8% of Total Transactions" value 187 timestamp 1732502299000
system_critical_total with labels component="message_queue_consumer",technology="rabbitmq",severity="CRITICAL",event_type="rabbitmq The RabbitMQ Message Queue Consumer Experienced 10 Consecutive Errors in Consume Messages from the Default Exchange Within the Last 2 Minutes, Causing Data Loss and Service Downtime" value 10 timestamp 1732502299000
system_error_total with labels component="payment_processor",technology="square",severity="ERROR",event_type="square The Square Payment Processor Failed to Process 32 of 120 Payment Requests Within the Last 5 Minutes Due to Insufficient Available Funding, Resulting in 27 Rejected Transactions" value 32 timestamp 1732502299000
system_info_total with labels component="notification_service",technology="sendgrid",severity="INFO",event_type="sendgrid The SendGrid Notification Service Successfully Sent 943 Email Notifications to 85 Recipients Within the Last 20 Minutes, Out of a Total of 1050 Notifications Scheduled" value 943 timestamp 1732502299000
system_warning_total with labels component="search_indexer",technology="meilisearch",severity="WARN",event_type="meilisearch The Meilisearch Search Indexer Experienced 75 High-Priority Errors in Indexing and Retrieval of Documents Within the Last 15 Minutes, But Did Not Affect Service Availability" value 75 timestamp 1732502299000
system_critical_total with labels component="notification_service",technology="firebase",severity="CRITICAL",event_type="firebase The Firebase Notification Service Experienced 5 Consecutive Errors in Sending Push Notifications to 10 Devices Within the Last 3 Minutes, Causing Loss of Important Security Updates and Notifications" value 5 timestamp 1732502299000
system_error_total with labels component="metrics_collector",technology="newrelic",severity="ERROR",event_type="newrelic The New Relic Metrics Collector Experienced 23 Errors in Collecting Application Metrics Within the Last 10 Minutes, Causing Service Downtime and Data Loss" value 23 timestamp 1732502299000
system_info_total with labels component="notification_service",technology="smtp",severity="INFO",event_type="smtp The SMTP Notification Service Successfully Sent 527 Email Notifications to 100 Recipients Within the Last 30 Minutes, With an Average Delivery Rate of 99.1%" value 527 timestamp 1732502299000
system_critical_total with labels component="authentication_service",technology="okta",severity="CRITICAL",event_type="okta The Okta Authentication Service Experienced 4 Consecutive Errors in Authenticating 50 Users Within the Last 2 Minutes, Causing Locked-Out User Accounts and Service Disruption" value 4 timestamp 1732502299000
system_error_total with labels component="load_balancer",technology="nginx",severity="ERROR",event_type="nginx The Nginx Load Balancer Experienced 47 Errors in Handling 200 Requests Within the Last 5 Minutes, Causing Delayed Responses and Increased CPU Utilization" value 47 timestamp 1732502299000
system_warning_total with labels component="load_balancer",technology="haproxy",severity="WARN",event_type="haproxy The Haproxy Load Balancer Detected High CPU Utilization (30%) and Experienced 123 Errors in Handling 500 Requests Within the Last 10 Minutes, Causing Potential Performance Issues" value 123 timestamp 1732502299000
system_info_total with labels component="authentication_service",technology="oauth2",severity="INFO",event_type="oauth2 The OAuth2 Authentication Service Successfully Issued 219 Access Tokens Within the Last 20 Minutes, With an Average Token Validity of 80.5 Minutes" value 219 timestamp 1732502299000
system_error_total with labels component="file_storage_handler",technology="nfs",severity="ERROR",event_type="nfs The NFS File Storage Handler Experienced 32 Errors in Accessing 75 Files Within the Last 15 Minutes, Causing File Corruption and Data Loss" value 32 timestamp 1732502299000
system_critical_total with labels component="session_manager",technology="memcached",severity="CRITICAL",event_type="memcached The Memcached Session Manager Failed to Evict 56 Expired Sessions in the Last 5 Minutes, Causing Session Lockout Issues" value 1 timestamp 1732502299000
system_info_total with labels component="payment_processor",technology="braintree",severity="INFO",event_type="braintree The Braintree Payment Processor Successfully Processed 142 Payments Within the Last 30 Minutes, With an Average Processing Time of 2.5 Seconds" value 142 timestamp 1732502299000
system_warning_total with labels component="service_mesh",technology="kuma",severity="WARN",event_type="kuma The Kuma Service Mesh Detected 187 Unsecured API Calls in the Last 10 Minutes, Causing Potential Security Risks" value 187 timestamp 1732502299000
system_error_total with labels component="session_manager",technology="jwt",severity="ERROR",event_type="jwt The JWT Session Manager Failed to Validate 23 Tokens in the Last 5 Minutes, Causing Session Unauthorized Issues" value 23 timestamp 1732502299000
system_critical_total with labels component="service_mesh",technology="istio",severity="CRITICAL",event_type="istio The Istio Service Mesh Experienced 13 Service Misconfigurations in the Last 10 Minutes, Causing Service Disruptions" value 4 timestamp 1732502299000
system_critical_total with labels component="container_orchestrator",technology="kubernetes",severity="CRITICAL",event_type="kubernetes The Kubernetes Container Orchestrator Experienced 9 Node Failure in the Last 5 Minutes, Causing Deployment Failures" value 3 timestamp 1732502299000
system_error_total with labels component="service_mesh",technology="kuma",severity="ERROR",event_type="kuma The Kuma Service Mesh Failed to Proxy 41 Requests in the Last 10 Minutes, Causing Unhandled Requests" value 41 timestamp 1732502299000
system_critical_total with labels component="logging_aggregator",technology="splunk",severity="CRITICAL",event_type="splunk The Splunk Logging Aggregator Experienced 7 Data Corruption Issues in the Last 5 Minutes, Causing Log Data Loss" value 2 timestamp 1732502299000
system_error_total with labels component="api_gateway",technology="envoy",severity="ERROR",event_type="envoy The Envoy API Gateway Failed to Route 75 Requests in the Last 10 Minutes, Causing Unhandled Requests" value 75 timestamp 1732502299000
system_warning_total with labels component="session_manager",technology="hazelcast",severity="WARN",event_type="hazelcast The Hazelcast Session Manager Experienced 123 High Memory Usage in the Last 5 Minutes, Requiring Heap Reduction" value 134 timestamp 1732502299000
system_info_total with labels component="cache_manager",technology="redis",severity="INFO",event_type="redis The Redis Cache Manager Successfully Evicted 542 Cache Items in the Last 5 Minutes, Reducing Memory Usage" value 542 timestamp 1732502299000
system_critical_total with labels component="authentication_service",technology="auth0",severity="CRITICAL",event_type="auth0 The Auth0 Authentication Service Failed to Validate 4 User Credentials in the Last 5 Minutes, Causing Identity Issues" value 4 timestamp 1732502299000
system_error_total with labels component="notification_service",technology="twilio",severity="ERROR",event_type="twilio The Twilio Notification Service Experienced 28 Failed SMS Send Attempts in the Last 10 Minutes, Due to Invalid Phone Numbers" value 28 timestamp 1732502299000
system_critical_total with labels component="session_manager",technology="infinispan",severity="CRITICAL",event_type="infinispan The Infinispan Session Manager Failed to Cache 2 User Sessions in the Last 5 Minutes, Causing Authentication Issues" value 2 timestamp 1732502299000
system_warning_total with labels component="logging_aggregator",technology="elasticsearch",severity="WARN",event_type="elasticsearch The Elasticsearch Logging Aggregator Experienced 181 High CPU Usage in the Last 10 Minutes, Due to Indexing Overload" value 181 timestamp 1732502299000
system_error_total with labels component="message_queue_consumer",technology="activemq",severity="ERROR",event_type="activemq The ActiveMQ Message Queue Consumer Experienced 46 Dead Letter Queue Entries in the Last 15 Minutes, Causing Message Delivery Failures" value 46 timestamp 1732502299000
system_info_total with labels component="load_balancer",technology="aws-elb",severity="INFO",event_type="aws-elb The AWS Elastic Load Balancer Successfully Routed 542 New Requests in the Last 5 Minutes" value 542 timestamp 1732502299000
system_critical_total with labels component="file_storage_handler",technology="s3",severity="CRITICAL",event_type="s3 The S3 File Storage Handler Experiences 3 Permanent Failures in the Last 2 Minutes, Causing File Uploads to Time Out" value 3 timestamp 1732502299000
system_error_total with labels component="cache_manager",technology="ehcache",severity="ERROR",event_type="ehcache The EhCache Cache Manager Experiences 29 Expiration Failures in the Last 10 Minutes, Causing Cache Invalidation Issues" value 29 timestamp 1732502299000
system_info_total with labels component="notification_service",technology="firebase",severity="INFO",event_type="firebase The Firebase Notification Service Successfully Sent 814 New Notifications in the Last 7 Minutes" value 814 timestamp 1732502299000
system_warning_total with labels component="logging_aggregator",technology="splunk",severity="WARN",event_type="splunk The Splunk Logging Aggregator Experiences 187 High Memory Usage Alerts in the Last 5 Minutes, Causing Slowed Indexing Performance" value 187 timestamp 1732502299000
system_error_total with labels component="session_manager",technology="hazelcast",severity="ERROR",event_type="hazelcast The Hazelcast Session Manager Experiences 43 Session Corruption Failures in the Last 10 Minutes, Causing User Authentication Issues" value 43 timestamp 1732502299000
system_critical_total with labels component="logging_aggregator",technology="fluentd",severity="CRITICAL",event_type="fluentd The Fluentd Logging Aggregator Experiences 2 Network Connection Drops in the Last 2 Minutes, Causing Log Delivery Failures" value 2 timestamp 1732502299000
system_info_total with labels component="notification_service",technology="aws_ses",severity="INFO",event_type="aws_ses The AWS SES Notification Service Successfully Sent 421 New Notifications in the Last 8 Minutes" value 421 timestamp 1732502299000
system_critical_total with labels component="database_connection_pool",technology="mariadb",severity="CRITICAL",event_type="mariadb The MariaDB Database Connection Pool Experiences 1 Connection Leak Due to Insufficient Pooling" value 1 timestamp 1732502299000
system_error_total with labels component="metrics_collector",technology="datadog",severity="ERROR",event_type="datadog The Datadog Metrics Collector Experiences 12 5-Minute Interval Failures Due to Inconsistent Health Checks" value 12 timestamp 1732502299000
system_warning_total with labels component="search_indexer",technology="meilisearch",severity="WARN",event_type="meilisearch The Meilisearch Search Indexer Experiences 75 High CPU Utilization Due to Indexing Overload" value 75 timestamp 1732502299000
system_info_total with labels component="message_queue_consumer",technology="aws-sqs",severity="INFO",event_type="aws-sqs The AWS SQS Message Queue Consumer Successfully Processed 8500 Messages in the Last 15 Minutes" value 8500 timestamp 1732502299000
system_critical_total with labels component="session_manager",technology="jwt",severity="CRITICAL",event_type="jwt The JWT Session Manager Experiences 2 Invalid Token Signatures Due to Expiration" value 2 timestamp 1732502299000
system_error_total with labels component="session_manager",technology="infinispan",severity="ERROR",event_type="infinispan The Infinispan Session Manager Experiences 8 Cache Configuration Issues Due to Missing Data" value 8 timestamp 1732502299000
system_critical_total with labels component="search_indexer",technology="meilisearch",severity="CRITICAL",event_type="meilisearch The Meilisearch Search Indexer Fails to Rebuild Index Due to Corruption" value 3 timestamp 1732502299000
system_error_total with labels component="database_connection_pool",technology="mongodb",severity="ERROR",event_type="mongodb The MongoDB Database Connection Pool Experiences 22 Connection Timeouts Due to Network Congestion" value 22 timestamp 1732502299000
system_warning_total with labels component="file_storage_handler",technology="minio",severity="WARN",event_type="minio The Minio File Storage Handler Experiences 187 High CPU Utilization Due to Excessive Object Uploads" value 187 timestamp 1732502299000
system_info_total with labels component="authentication_service",technology="keycloak",severity="INFO",event_type="keycloak The Keycloak Authentication Service Completes Successful Login Sequence" value 541 timestamp 1732502299000
system_critical_total with labels component="cache_manager",technology="hazelcast",severity="CRITICAL",event_type="hazelcast The Hazelcast Cache Manager Fails to Evict Cache Items Due to Memory Exhaustion" value 4 timestamp 1732502299000
system_error_total with labels component="file_storage_handler",technology="gcs",severity="ERROR",event_type="gcs The GCS File Storage Handler Experiences 8 Null Pointer Exceptions When Attempting to Upload File Metadata" value 8 timestamp 1732502299000
system_warning_total with labels component="payment_processor",technology="stripe",severity="WARN",event_type="stripe The Stripe Payment Processor Fails to Process 132 Payment Transactions Due to Insufficient Funds" value 132 timestamp 1732502299000
system_critical_total with labels component="api_gateway",technology="envoy",severity="CRITICAL",event_type="envoy The Envoy API Gateway Crashes Due to Insecure WebSocket Connections" value 2 timestamp 1732502299000
system_error_total with labels component="notification_service",technology="smtp",severity="ERROR",event_type="smtp The SMTP Notification Service Fails to Send 219 Mail Notifications Due to DNS Resolution Errors" value 219 timestamp 1732502299000
system_info_total with labels component="cache_manager",technology="ehcache",severity="INFO",event_type="ehcache The EhCache Cache Manager Loads 943 Cache Entries Due to Eviction of Expired Cache Items" value 943 timestamp 1732502299000
system_critical_total with labels component="database_connection_pool",technology="mariadb",severity="CRITICAL",event_type="mariadb The MariaDB Database Connection Pool Experiences 4 Deadlocks Due to Lock Contention" value 4 timestamp 1732502299000
system_error_total with labels component="notification_service",technology="smtp",severity="ERROR",event_type="smtp The SMTP Notification Service Experiences 13 Connection Refuses Due to Authentication Errors" value 13 timestamp 1732502299000
system_info_total with labels component="payment_processor",technology="stripe",severity="INFO",event_type="stripe The Stripe Payment Processor Processes 627 Successful Transactions and 23 Chargebacks Due to Invalid Credit Card Numbers" value 627 timestamp 1732502299000
system_critical_total with labels component="payment_processor",technology="paypal",severity="CRITICAL",event_type="paypal The PayPal Payment Processor Suffers 2 Massively Large Transactions That Exceed the Allowed Limits" value 2 timestamp 1732502299000
system_error_total with labels component="container_orchestrator",technology="nomad",severity="ERROR",event_type="nomad The Nomad Container Orchestrator Experiences 36 Reboots of Failed Jobs Due to Insufficient CPU Resources" value 36 timestamp 1732502299000
system_warning_total with labels component="cache_manager",technology="hazelcast",severity="WARN",event_type="hazelcast The Hazelcast Cache Manager Notifies 91 Evictions Due to Expiring Entries After 10 Minutes of Inactivity" value 91 timestamp 1732502299000
system_critical_total with labels component="notification_service",technology="twilio",severity="CRITICAL",event_type="twilio The Twilio Notification Service Suffers 4 Failed SMS Deliveries Due to Invalid recipient Phone Numbers" value 4 timestamp 1732502299000
system_info_total with labels component="cache_manager",technology="memcached",severity="INFO",event_type="memcached The Memcached Cache Manager Notifies 852 Successful Cache Evictions Due to Expired Keys" value 852 timestamp 1732502299000
system_error_total with labels component="cache_manager",technology="redis",severity="ERROR",event_type="redis The Redis Cache Manager Experiences 27 Connection Refused Errors Due to Inadequate Connection Pooling" value 27 timestamp 1732502299000
system_critical_total with labels component="logging_aggregator",technology="datadog",severity="CRITICAL",event_type="datadog The Datadog Logging Aggregator Fails to Send 3 Log Events to Service Due to Invalid API Key" value 3 timestamp 1732502299000
system_error_total with labels component="message_queue_consumer",technology="azure-servicebus",severity="ERROR",event_type="azure-servicebus The Azure Service Bus Message Queue Consumer Experiences 42 Dead Letter Queue Events Due to Invalid Message Deserialization" value 42 timestamp 1732502299000
system_warning_total with labels component="cache_manager",technology="hazelcast",severity="WARN",event_type="hazelcast The Hazelcast Cache Manager Notifies 117 Inconsistent Cache Entry Values Due to Incorrect Data Serialization" value 117 timestamp 1732502299000
system_critical_total with labels component="authentication_service",technology="okta",severity="CRITICAL",event_type="okta The Okta Authentication Service Fails to Validate 4 User Credentials Due to Expired Access Tokens" value 4 timestamp 1732502299000
system_info_total with labels component="api_gateway",technology="traefik",severity="INFO",event_type="traefik The Traefik API Gateway Notifies 823 New Inbound Route Definitions Due to Updated Configuration" value 823 timestamp 1732502299000
system_error_total with labels component="file_storage_handler",technology="nfs",severity="ERROR",event_type="nfs The NFS File Storage Handler Experiences 27 Failed Mount Attempts Due to Insufficient File System Space" value 27 timestamp 1732502299000
system_critical_total with labels component="database_connection_pool",technology="mongodb",severity="CRITICAL",event_type="mongodb The MongoDB Database Connection Pool Fails to Establish 2 Connections Due to Network Partition" value 2 timestamp 1732502299000
system_warning_total with labels component="file_storage_handler",technology="azure-blob",severity="WARN",event_type="azure-blob The Azure Blob Storage Handler Notifies 145 Failed Upload Operations Due to Exceeded Request Limit" value 145 timestamp 1732502299000
system_info_total with labels component="logging_aggregator",technology="splunk",severity="INFO",event_type="splunk The Splunk Logging Aggregator Successfully Indexed 523 Events from the Past Hour" value 523 timestamp 1732502299000
system_error_total with labels component="container_orchestrator",technology="nomad",severity="ERROR",event_type="nomad The Nomad Container Orchestrator Experiences 27 Failed Job Launches Due to Insufficient Resources" value 27 timestamp 1732502299000
system_warning_total with labels component="logging_aggregator",technology="fluentd",severity="WARN",event_type="fluentd The Fluentd Logging Aggregator Notifies 145 High Buffer Sizes Due to Insufficient Buffer Capacity" value 145 timestamp 1732502299000
system_critical_total with labels component="search_indexer",technology="elasticsearch",severity="CRITICAL",event_type="elasticsearch The Elasticsearch Search Indexer Experiences 3 Consecutive Failures to Establish a Connection to the Elasticsearch Cluster Due to Network Downtime" value 3 timestamp 1732502299000
system_error_total with labels component="service_mesh",technology="envoy",severity="ERROR",event_type="envoy The Envoy Service Mesh Proxy Experiences 27 Failed DNS Lookups for Service Instances Due to DNS Configuration Issues" value 27 timestamp 1732502299000
system_critical_total with labels component="message_queue_consumer",technology="azure-servicebus",severity="CRITICAL",event_type="azure-servicebus The Azure Service Bus Message Queue Consumer Fails to Process 5 Consecutive Messages Due to Dead Letter Queue Expiration" value 5 timestamp 1732502299000
system_info_total with labels component="cache_manager",technology="ehcache",severity="INFO",event_type="ehcache The Ehcache Cache Manager Successfully Evicts 1000 Expired Cache Entries Due to Increased Cache Size Threshold" value 1000 timestamp 1732502299000
system_error_total with labels component="payment_processor",technology="square",severity="ERROR",event_type="square The Square Payment Processor Fails to Process 37 Payments Due to Insufficient Available Balance in Customer Account" value 37 timestamp 1732502299000
system_warning_total with labels component="session_manager",technology="redis",severity="WARN",event_type="redis The Redis Session Manager Detects 145 High Memory Usage Due to Excessively Stored User Sessions, Requiring Immediate Cleanup to Prevent Memory Overflow" value 145 timestamp 1732502299000
system_critical_total with labels component="notification_service",technology="sendgrid",severity="CRITICAL",event_type="sendgrid The SendGrid Notification Service Experiences 3 Consecutive Failed Email Deliveries Due to Invalid Email Address Format" value 3 timestamp 1732502299000
system_info_total with labels component="load_balancer",technology="haproxy",severity="INFO",event_type="haproxy The Haproxy Load Balancer Successfully Receives 523 New Connection Requests Without Dropped Connections Due to Insufficient CPU Resources" value 523 timestamp 1732502299000
system_error_total with labels component="metrics_collector",technology="datadog",severity="ERROR",event_type="datadog The Datadog Metrics Collector Fails to Collect 27 Metric Updates Due to Network Disconnection from Datadog Host" value 27 timestamp 1732502299000
system_critical_total with labels component="payment_processor",technology="adyen",severity="CRITICAL",event_type="adyen The Adyen Payment Processor Fails to Process 4 Payments Due to High Risk of Card Expiration" value 4 timestamp 1732502299000
system_info_total with labels component="message_queue_consumer",technology="rabbitmq",severity="INFO",event_type="rabbitmq The RabbitMQ Message Queue Consumer Successfully Consumes 201 New Messages Without Any Errors or Re-Queuing Requests Due to Optimized Message Handling" value 201 timestamp 1732502299000
system_warning_total with labels component="file_storage_handler",technology="s3",severity="WARN",event_type="s3 The S3 File Storage Handler Fails to Upload 118 Files Due to High CPU Usage Caused by Unoptimized File Compression Algorithm" value 118 timestamp 1732502299000
system_error_total with labels component="message_queue_consumer",technology="rabbitmq",severity="ERROR",event_type="rabbitmq The RabbitMQ Message Queue Consumer Fails to Consume 42 Messages Due to Insufficient Queue Space and Queue Overflow Error Caused by High Load" value 42 timestamp 1732502299000
system_critical_total with labels component="database_connection_pool",technology="mysql",severity="CRITICAL",event_type="mysql The MySQL Database Connection Pool Fails to Establish 2 New Connections Due to High Network Latency and Connection Time-Out Error Caused by Poor Database Server Configuration" value 2 timestamp 1732502299000
system_critical_total with labels component="database_connection_pool",technology="oracle",severity="CRITICAL",event_type="oracle The Oracle Database Connection Pool Experiences 1 Critical Failure Due to Connection Time-Out Error Caused by Insufficient Network Bandwidth and High Server Load" value 1 timestamp 1732502299000
system_error_total with labels component="api_gateway",technology="apache",severity="ERROR",event_type="apache The Apache API Gateway Fails to Handle 19 HTTP Requests Due to Incompatible Content-Type Header and Failed to Send Response to Client" value 19 timestamp 1732502299000
system_error_total with labels component="database_connection_pool",technology="postgres",severity="ERROR",event_type="postgres The Postgres Database Connection Pool Fails to Acquire 7 New Connections Due to Insufficient Available Resource and Connection Pool Lock Contention" value 7 timestamp 1732502299000
system_critical_total with labels component="authentication_service",technology="keycloak",severity="CRITICAL",event_type="keycloak The Keycloak Authentication Service Fails to Authenticate 4 Users Due to Invalid Credentials and Token Signing Verification Error Caused by Outdated Server Configuration" value 4 timestamp 1732502299000
system_warning_total with labels component="session_manager",technology="redis",severity="WARN",event_type="redis The Redis Session Manager Experiences 187 High Memory Usage Due to Inadequate Garbage Collection and Failed to Clear 10 Expired Session Keys" value 187 timestamp 1732502299000
system_error_total with labels component="database_connection_pool",technology="mysql",severity="ERROR",event_type="mysql The Mysql Database Connection Pool Fails to Reconnect 23 Connections Due to Persistent Network Connection Loss and Failed to Acquire New Connections" value 23 timestamp 1732502299000
system_critical_total with labels component="service_mesh",technology="consul",severity="CRITICAL",event_type="consul The Consul Service Mesh Fails to Register 5 Services Due to Service Discovery Consistency Issue and Failed to Detect 2 Healthy Service Instances" value 5 timestamp 1732502299000
system_info_total with labels component="message_queue_consumer",technology="rabbitmq",severity="INFO",event_type="rabbitmq The RabbitMQ Message Queue Consumer Successfully Consumed 542 Messages in the Last 5 Minutes and Successfully Acknowledged 350 Messages from the Queue" value 542 timestamp 1732502299000
system_warning_total with labels component="logging_aggregator",technology="loki",severity="WARN",event_type="loki The Loki Logging Aggregator Experiences 145 High CPU Utilization Due to Inefficient Indexing and Failed to Process 30 Log Events in Real-Time" value 145 timestamp 1732502299000
system_error_total with labels component="payment_processor",technology="square",severity="ERROR",event_type="square The Square Payment Processor Experiences 27 Failed Payment Attempts Due to Insufficient Funds in Customer Account and Failed to Process 12 Payment Requests" value 27 timestamp 1732502299000
system_critical_total with labels component="search_indexer",technology="elasticsearch",severity="CRITICAL",event_type="elasticsearch The Elasticsearch Search Indexer Experiences 3 Indexing Failures Due to Index Size Exceeding 100GB and Failed to Write 2 Document Updates to the Index" value 3 timestamp 1732502299000
system_critical_total with labels component="authentication_service",technology="jwt",severity="CRITICAL",event_type="jwt The JWT Authentication Service Experiences 5 Expired Tokens Due to Token Rotation Issue and Failed to Verify 2 User Sessions" value 5 timestamp 1732502299000
system_error_total with labels component="file_storage_handler",technology="azure-blob",severity="ERROR",event_type="azure-blob The Azure Blob Storage File Handler Experiences 32 File Download Failures Due to Insufficient Storage Quota and Failed to Upload 15 Files to Blob Container" value 32 timestamp 1732502299000
system_info_total with labels component="metrics_collector",technology="newrelic",severity="INFO",event_type="newrelic The New Relic Metrics Collector Experiences 523 Successful Metrics Reporting and Sent 1200 Metric Data Points to New Relic Platform" value 523 timestamp 1732502299000
system_warning_total with labels component="service_mesh",technology="istio",severity="WARN",event_type="istio The Istio Service Mesh Detects 145 Mismatches in Sidecar Traffic Routing and Identified 100 Potential Security Vulnerabilities in Service Connections" value 145 timestamp 1732502299000
system_error_total with labels component="message_queue_consumer",technology="azure-servicebus",severity="ERROR",event_type="azure-servicebus The Azure Service Bus Message Queue Consumer Experiences 27 Dead Letter Queue Entries Due to Unhandled Exceptions and Failed to Process 50 Messages in Time Windows" value 27 timestamp 1732502299000
system_critical_total with labels component="payment_processor",technology="paypal",severity="CRITICAL",event_type="paypal The PayPal Payment Processor Experiences 5 Payment Reversals Due to Insufficient Funds and Failed to Process 2 Transactions with Incorrect Credit Card Expiration Dates" value 5 timestamp 1732502299000
system_info_total with labels component="search_indexer",technology="algolia",severity="INFO",event_type="algolia The Algolia Search Indexer Successfully Indexed 1000 New Product Documents and Resolved 120 Stale Queries with a Total Search Time of 3000ms" value 1000 timestamp 1732502299000
system_error_total with labels component="authentication_service",technology="jwt",severity="ERROR",event_type="jwt The JWT Authentication Service Experiences 27 Invalid Tokens Due to Expiration and Failed to Verify 50 User Credentials with Incorrect Passwords" value 27 timestamp 1732502299000
system_critical_total with labels component="notification_service",technology="twilio",severity="CRITICAL",event_type="twilio The Twilio Notification Service Experiences 3 Failed SMS Send Attempts Due to Network Connectivity Issues and Failed to Send 2 Important Notifications to 1000 Recipients" value 3 timestamp 1732502299000
system_warning_total with labels component="cache_manager",technology="hazelcast",severity="WARN",event_type="hazelcast The Hazelcast Cache Manager Experiences 145 High Memory Usage on the In-Memory Data Store and Resolved 20 Stale Cache Items with a Total Memory Usage of 400MB" value 145 timestamp 1732502299000
system_info_total with labels component="cache_manager",technology="memcached",severity="INFO",event_type="memcached The Memcached Cache Manager Successfully Evicted 1000 Expired Keys and Resolved 500 Stale Cache Items with a Total Memory Usage of 100MB" value 100 timestamp 1732502299000
system_error_total with labels component="authentication_service",technology="okta",severity="ERROR",event_type="okta The Okta Authentication Service Experiences 27 Failed SSO Authentication Attempts Due to Incorrect Credentials and Failed to Verify 50 User Credentials with Incorrect Passwords" value 27 timestamp 1732502299000
system_critical_total with labels component="session_manager",technology="redis",severity="CRITICAL",event_type="redis The Redis Session Manager Experiences 3 Failed Expired Session Detection and Failed to Revive 2 Critical Sessions with a Session ID of 12345" value 3 timestamp 1732502299000
system_critical_total with labels component="search_indexer",technology="elasticsearch",severity="CRITICAL",event_type="elasticsearch The Elasticsearch Search Indexer Experiences 5 Failed Indexing Attempts Due to Index Not Found and Failed to Update 2 Critical Indexes with a Total Indexing Time of 30 Seconds" value 5 timestamp 1732502299000
system_error_total with labels component="cache_manager",technology="memcached",severity="ERROR",event_type="memcached The Memcached Cache Manager Experiences 45 Failed Cache Hits Due to Expired Cache Items and Failed to Retrieve 30 Stale Cache Items with a Total Memory Usage of 150MB" value 45 timestamp 1732502299000
system_critical_total with labels component="message_queue_consumer",technology="aws-sqs",severity="CRITICAL",event_type="aws-sqs The AWS SQS Message Queue Consumer Experiences 2 Failed Message Processing Attempts Due to Invalid Message Format and Failed to Process 12 Critical Messages with a Total Processing Time of 10 Minutes" value 2 timestamp 1732502299000
system_error_total with labels component="authentication_service",technology="auth0",severity="ERROR",event_type="auth0 The Auth0 Authentication Service Experiences 32 Failed Login Attempts Due to Incorrect Credentials and Failed to Verify 18 User Credentials with Incorrect Passwords" value 32 timestamp 1732502299000
system_info_total with labels component="metrics_collector",technology="datadog",severity="INFO",event_type="datadog The Datadog Metrics Collector Starts 125 New Metrics for 7 New Applications and Collects 5000 System Metrics with a Total Collection Time of 10 Minutes" value 125 timestamp 1732502299000
system_warning_total with labels component="load_balancer",technology="azure-lb",severity="WARN",event_type="azure-lb The Azure LB Load Balancer Experiences 145 High Concurrency Levels Due to Increased Traffic and Failed to Rebalance 1200 Requests with a Total Rebalance Time of 5 Minutes" value 145 timestamp 1732502299000
system_error_total with labels component="authentication_service",technology="jwt",severity="ERROR",event_type="jwt The JWT Authentication Service Experiences 18 Failed Token Validations Due to Expiring Tokens and Failed to Validate 72 User Tokens with Incorrect Expiration Times" value 18 timestamp 1732502299000
system_critical_total with labels component="metrics_collector",technology="datadog",severity="CRITICAL",event_type="datadog The Datadog Metrics Collector Fails to Connect to The Datadog API for 30 Seconds Due to Network Connection Errors" value 1 timestamp 1732502299000
system_warning_total with labels component="session_manager",technology="memcached",severity="WARN",event_type="memcached The Memcached Session Manager Experiences 187 Failed Expire Times Due to Missed Expiration Events and Failed to Evict 850 Expired Session Items with a Total Eviction Time of 2 Minutes" value 187 timestamp 1732502299000
system_error_total with labels component="load_balancer",technology="traefik",severity="ERROR",event_type="traefik The Traefik Load Balancer Experiences 12 Failed Service Updates Due to Incompatible Route Configurations and Failed to Update 50 Service Routes with Incorrect Configuration Times" value 12 timestamp 1732502299000
system_critical_total with labels component="session_manager",technology="jwt",severity="CRITICAL",event_type="jwt The JWT Session Manager Fails to Validate 4 User Tokens Due to Expired Tokens and Failed to Revoke 12 Expired Session Tokens with a Total Validation Time of 45 Seconds" value 4 timestamp 1732502299000
system_warning_total with labels component="session_manager",technology="redis",severity="WARN",event_type="redis The Redis Session Manager Experiences 95 Failed Cache Hits Due to Expired Keys and Failed to Evict 320 Expired Session Items with a Total Eviction Time of 10 Minutes" value 95 timestamp 1732502299000
system_error_total with labels component="file_storage_handler",technology="minio",severity="ERROR",event_type="minio The Minio File Storage Handler Experiences 28 Failed Object Uploads Due to Insufficient Storage Space and Failed to Upload 75 Object Batches with Incorrect Bucket Names Times" value 28 timestamp 1732502299000
system_critical_total with labels component="message_queue_consumer",technology="activemq",severity="CRITICAL",event_type="activemq The ActiveMQ Message Queue Consumer Fails to Process 3 High-Priority Messages Due to Connection Losses and Failed to Reconnect 8 Times with a Total Connection Loss Time of 30 Seconds" value 3 timestamp 1732502299000
system_info_total with labels component="api_gateway",technology="envoy",severity="INFO",event_type="envoy The Envoy API Gateway Experiences 812 Successful Route Matching Requests and Successfully Route 5000 Requests with a Total Matching Time of 5 Minutes" value 812 timestamp 1732502299000
system_error_total with labels component="payment_processor",technology="adyen",severity="ERROR",event_type="adyen The Adyen Payment Processor Experiences 32 Failed Payment Transactions Due to Insufficient Funds and Failed to Process 67 Payment Requests with Incorrect Card Expiration Dates" value 32 timestamp 1732502299000
system_warning_total with labels component="load_balancer",technology="traefik",severity="WARN",event_type="traefik The Traefik Load Balancer Experiences 142 High-Priority Connections with High Latency and Failed to Process 35 Connections with Incorrect Hostnames" value 142 timestamp 1732502299000
system_critical_total with labels component="file_storage_handler",technology="azure-blob",severity="CRITICAL",event_type="azure-blob The Azure Blob File Storage Handler Fails to Upload 7 Large Files Due to Insufficient Storage Space and Failed to Upload 23 Files with Incorrect Storage Accounts" value 7 timestamp 1732502299000
system_error_total with labels component="session_manager",technology="hazelcast",severity="ERROR",event_type="hazelcast The Hazelcast Session Manager Experiences 53 Failed Session Renewals Due to Inconsistent Session States and Failed to Renew 27 Sessions with Expired Sessions" value 53 timestamp 1732502299000
system_info_total with labels component="container_orchestrator",technology="docker-swarm",severity="INFO",event_type="docker-swarm The Docker Swarm Container Orchestrator Successfully Launched 482 New Container Groups from 12 Registered Services and Successfully Launched 67 New Containers with a Total Launch Time of 4 Minutes" value 482 timestamp 1732502299000
system_warning_total with labels component="api_gateway",technology="nginx",severity="WARN",event_type="nginx The Nginx API Gateway Experiences 219 Failed API Requests Due to Invalid Authentication and Failed to Process 56 API Requests with Incorrect Content Types" value 219 timestamp 1732502299000
system_error_total with labels component="session_manager",technology="infinispan",severity="ERROR",event_type="infinispan The Infinispan Session Manager Experiences 32 Failed Session Expirations Due to Inconsistent Session States and Failed to Expire 19 Sessions with Expired Sessions" value 32 timestamp 1732502299000
system_critical_total with labels component="database_connection_pool",technology="mariadb",severity="CRITICAL",event_type="mariadb The MariaDB Database Connection Pool Experiences 4 Failed Connections Due to Deadlocks and Failed to Establish 12 New Connections with an Unreachable Server" value 4 timestamp 1732502299000
system_warning_total with labels component="payment_processor",technology="adyen",severity="WARN",event_type="adyen The Adyen Payment Processor Experiences 187 Failed Payment Requests Due to Insufficient Funds and Failed to Process 53 Payment Requests with Invalid Payment Methods" value 187 timestamp 1732502299000
system_info_total with labels component="metrics_collector",technology="dynatrace",severity="INFO",event_type="dynatrace The Dynatrace Metrics Collector Successfully Gathers 421 Metrics from 12 Hosts and Successfully Sends 67 Metric Updates to the Dynatrace Platform" value 421 timestamp 1732502299000
system_error_total with labels component="container_orchestrator",technology="nomad",severity="ERROR",event_type="nomad The Nomad Container Orchestrator Experiences 9 Failed Job Launches Due to Insufficient Resources and Failed to Launch 27 New Jobs with a Error in Job Deployment" value 9 timestamp 1732502299000
system_critical_total with labels component="cache_manager",technology="redis",severity="CRITICAL",event_type="redis The Redis Cache Manager Experiences 2 Cache Evictions Due to High Memory Usage and Failed to Evict 15 Cache Entries with Expired Cache Keys" value 2 timestamp 1732502299000
system_error_total with labels component="cache_manager",technology="hazelcast",severity="ERROR",event_type="hazelcast The Hazelcast Cache Manager Experiences 23 Cache Evictions Due to Cluster Unreached Nodes and Failed to Evict 17 Cache Entries with Invalid Cache Expirations" value 23 timestamp 1732502299000
system_info_total with labels component="logging_aggregator",technology="elasticsearch",severity="INFO",event_type="elasticsearch The Elasticsearch Logging Aggregator Successfully Indexes 342 Log Events from 12 Hosts with an Average Indexing Time of 250ms and Successfully Sends 87 Log Updates to the Elasticsearch Platform" value 342 timestamp 1732502299000
system_critical_total with labels component="notification_service",technology="twilio",severity="CRITICAL",event_type="twilio The Twilio Notification Service Experiences 1 Failed SMS Send Due to Insufficient Credit and Failed to Send 6 SMS Messages with Expired Account Credentials" value 1 timestamp 1732502299000
system_error_total with labels component="metrics_collector",technology="grafana",severity="ERROR",event_type="grafana The Grafana Metrics Collector Experiences 18 Cache Misses Due to Inconsistent Data and Failed to Retrieve 12 Metrics Data Points from the Grafana Platform" value 18 timestamp 1732502299000
system_critical_total with labels component="database_connection_pool",technology="mysql",severity="CRITICAL",event_type="mysql The MySQL Database Connection Pool Experiences 4 Connection Refused Errors Due to High Network Latency and Failed to Establish 15 Database Connections with Successful Authentication" value 4 timestamp 1732502299000
system_warning_total with labels component="load_balancer",technology="azure-lb",severity="WARN",event_type="azure-lb The Azure Load Balancer Experiences 80 Increased Connection Requests Due to High Traffic and Failed to Handle 5% of Incoming Connection Requests with High Latency" value 80 timestamp 1732502299000
system_error_total with labels component="notification_service",technology="sendgrid",severity="ERROR",event_type="sendgrid The SendGrid Notification Service Experiences 27 Authentication Failed Errors Due to Expired API Key Credentials and Failed to Send 19 SMS Messages with Successful Authentication" value 27 timestamp 1732502299000
system_critical_total with labels component="payment_processor",technology="braintree",severity="CRITICAL",event_type="braintree The Braintree Payment Processor Experiences 2 Payment Rejection Errors Due to Insufficient Funds and Failed to Process 12 Payment Transactions with Successful Payment Authentication" value 2 timestamp 1732502299000
system_info_total with labels component="file_storage_handler",technology="s3",severity="INFO",event_type="s3 The S3 File Storage Handler Experiences 500 Successful Object Uploads and Successfully Stored 420 File Objects in the S3 Bucket with High Storage Utilization" value 500 timestamp 1732502299000
system_error_total with labels component="authentication_service",technology="auth0",severity="ERROR",event_type="auth0 The Auth0 Authentication Service Experiences 32 Login Failed Errors Due to Weak Passwords and Failed to Authenticate 17 Users with Successful Login Authentication" value 32 timestamp 1732502299000
system_warning_total with labels component="container_orchestrator",technology="docker-swarm",severity="WARN",event_type="docker-swarm The Docker Swarm Container Orchestrator Experiences 143 High CPU Utilization Errors Due to Excessive Container Resource Usage and Successfully Restarted 67 Containers with Normal CPU Utilization" value 143 timestamp 1732502299000
system_critical_total with labels component="authentication_service",technology="auth0",severity="CRITICAL",event_type="auth0 The Auth0 Authentication Service Experiences 9 Authentication Failed Errors Due to Malformed JSON Web Tokens and Failed to Authenticate 43 Users with Successful Login Authentication" value 9 timestamp 1732502299000
system_info_total with labels component="search_indexer",technology="meilisearch",severity="INFO",event_type="meilisearch The Meilisearch Search Indexer Successfully Indexed 850 Document Objects and Successfully Retrieved 600 Search Results with High Search Query Accuracy" value 850 timestamp 1732502299000
system_error_total with labels component="message_queue_consumer",technology="azure-servicebus",severity="ERROR",event_type="azure-servicebus The Azure Service Bus Message Queue Consumer Experiences 46 Connection Refused Errors Due to Failed Service Bus Connection Establishments and Successfully Received 123 Messages with Normal Message Payloads" value 46 timestamp 1732502299000
system_critical_total with labels component="authentication_service",technology="auth0",severity="CRITICAL",event_type="auth0 The Auth0 Authentication Service Experiences 22 Authentication Failed Errors Due to Missing API Keys and Failed to Authenticate 56 Users with Successful Login Authentication" value 22 timestamp 1732502299000
system_warning_total with labels component="session_manager",technology="memcached",severity="WARN",event_type="memcached The Memcached Session Manager Experiences 187 High Memory Utilization Errors Due to Inadequate Memory Configuration and Successfully Retrieved 542 Sessions with Normal Session Data" value 187 timestamp 1732502299000
system_error_total with labels component="api_gateway",technology="traefik",severity="ERROR",event_type="traefik The Traefik API Gateway Experiences 32 Routing Configuration Errors Due to Inconsistent Route Definitions and Successfully Retrieved 145 API Requests with Normal Response Payloads" value 32 timestamp 1732502299000
system_info_total with labels component="logging_aggregator",technology="fluentd",severity="INFO",event_type="fluentd The Fluentd Logging Aggregator Successfully Rotated 219 Log Files and Successfully Processed 817 Log Events with Normal Log Data" value 219 timestamp 1732502299000
system_warning_total with labels component="cache_manager",technology="hazelcast",severity="WARN",event_type="hazelcast The Hazelcast Cache Manager Experiences 141 Cache Data Loss Errors Due to Insufficient Cache Replication and Successfully Evicted 527 Cache Entries with Normal Cache Data" value 141 timestamp 1732502299000
system_error_total with labels component="authentication_service",technology="okta",severity="ERROR",event_type="okta The Okta Authentication Service Experiences 43 Authentication Token Expiration Errors Due to Inadequate Token Refresh Rates and Successfully Authenticated 186 Users with Normal Authentication Tokens" value 43 timestamp 1732502299000
system_critical_total with labels component="file_storage_handler",technology="minio",severity="CRITICAL",event_type="minio The Minio File Storage Handler Experiences 7 Unexpected Bucket Access Errors Due to Unsanctioned Bucket Access Attempts and Successfully Handled 314 Bucket Access Requests with Normal Bucket Data" value 7 timestamp 1732502299000
system_critical_total with labels component="session_manager",technology="hazelcast",severity="CRITICAL",event_type="hazelcast The Hazelcast Session Manager Experiences 9 Session Serialization Errors Due to Incompatible Session Data Formats and Successfully Managed 219 Active Sessions with Normal Session Data" value 9 timestamp 1732502299000
system_error_total with labels component="message_queue_consumer",technology="aws-sqs",severity="ERROR",event_type="aws-sqs The AWS SQS Message Queue Consumer Experiences 27 Message Dequeue Errors Due to Insufficient Message Availability and Successfully Dequeued 145 Messages with Normal Message Data" value 27 timestamp 1732502299000
system_error_total with labels component="payment_processor",technology="stripe",severity="ERROR",event_type="stripe The Stripe Payment Processor Experiences 31 Card Validation Errors Due to Incomplete Card Information and Successfully Processed 149 Payments with Normal Payment Data" value 31 timestamp 1732502299000
system_critical_total with labels component="container_orchestrator",technology="aks",severity="CRITICAL",event_type="aks The Aks Container Orchestrator Experiences 5 Pod Creation Errors Due to Insufficient Network Configuration and Successfully Launched 217 Pods with Normal Container Configuration" value 5 timestamp 1732502299000
system_warning_total with labels component="cache_manager",technology="memcached",severity="WARN",event_type="memcached The Memcached Cache Manager Experiences 145 Cache Expiration Errors Due to Incorrect Ttl Settings and Successfully Evicted 278 Cache Items with Normal Cache State" value 145 timestamp 1732502299000
system_info_total with labels component="authentication_service",technology="jwt",severity="INFO",event_type="jwt The JWT Authentication Service Experiences 523 Token Validation Successes Due to Correct Issuer Claims and Successfully Authenticated 219 Users with Valid Tokens" value 523 timestamp 1732502299000
system_critical_total with labels component="service_mesh",technology="consul",severity="CRITICAL",event_type="consul The Consul Service Mesh Experiences 2 Service Discovery Failures Due to Incorrect Service Registration and Successfully Registered 142 Services with Normal Service Discovery Configuration" value 2 timestamp 1732502299000
system_error_total with labels component="file_storage_handler",technology="nfs",severity="ERROR",event_type="nfs The NFS File Storage Handler Experiences 41 File System Mount Errors Due to Incompatible File System Versions and Successfully Mounted 59 File Systems with Normal File System Compatibility" value 41 timestamp 1732502299000
system_info_total with labels component="search_indexer",technology="algolia",severity="INFO",event_type="algolia The Algolia Search Indexer Experiences 982 Index Update Successes Due to Correct Index Data and Successfully Updated 475 Indices with Normal Index Data" value 982 timestamp 1732502299000
system_critical_total with labels component="message_queue_consumer",technology="rabbitmq",severity="CRITICAL",event_type="rabbitmq The RabbitMQ Message Queue Consumer Experiences 3 Concurrency Errors Due to Insufficient Queue Credit and Successfully Consume 142 Messages with Normal Message Queue Credit" value 3 timestamp 1732502299000
system_error_total with labels component="authentication_service",technology="keycloak",severity="ERROR",event_type="keycloak The Keycloak Authentication Service Experiences 32 Authentication Token Renewal Errors Due to Inconsistent Token Expiration Times and Successfully Renewed 78 Authentication Tokens with Normal Token Expiration Times" value 32 timestamp 1732502299000
system_warning_total with labels component="payment_processor",technology="square",severity="WARN",event_type="square The Square Payment Processor Experiences 187 High Processing Latency Due to Increased Payment Volume and Successfully Processed 432 Payments with Normal Processing Latency" value 187 timestamp 1732502299000
system_info_total with labels component="container_orchestrator",technology="aks",severity="INFO",event_type="aks The AKS Container Orchestrator Successfully Launched 1020 New Containers Due to Correct Kubernetes Pod Configuration and Successfully Launched 821 Containers with Normal Kubernetes Pod Configuration" value 1020 timestamp 1732502299000
system_critical_total with labels component="file_storage_handler",technology="nfs",severity="CRITICAL",event_type="nfs The NFS File Storage Handler Experiences 5 Data Corruption Errors Due to Inconsistent File System Checksums and Successfully Corrected 2 Data Corruption Errors with Normal File System Checksums" value 5 timestamp 1732502299000
system_critical_total with labels component="message_queue_consumer",technology="rabbitmq",severity="CRITICAL",event_type="rabbitmq The RabbitMQ Message Queue Consumer Experiences 7 Dead Message Detection Failures Due to Missing RabbitMQ Heartbeats and Successfully Detected 4 Dead Message Failures with Normal RabbitMQ Heartbeats" value 7 timestamp 1732502299000
system_error_total with labels component="notification_service",technology="twilio",severity="ERROR",event_type="twilio The Twilio Notification Service Experiences 13 Failed SMS Delivery Due to Incorrect Twilio Account Credentials and Successfully Delivered 87 SMS Messages with Normal Twilio Account Credentials" value 13 timestamp 1732502299000
system_warning_total with labels component="cache_manager",technology="ehcache",severity="WARN",event_type="ehcache The Ehcache Cache Manager Experiences 75 High Memory Usage Due to Inefficient Cache Data and Successfully Removed 350 Cache Items with Normal Memory Usage" value 75 timestamp 1732502299000
system_error_total with labels component="authentication_service",technology="auth0",severity="ERROR",event_type="auth0 The Auth0 Authentication Service Experiences 32 Failed Login Attempts Due to Incorrect Auth0 App Credentials and Successfully Authenticated 658 Users with Normal App Credentials" value 32 timestamp 1732502299000
system_info_total with labels component="database_connection_pool",technology="mongodb",severity="INFO",event_type="mongodb The MongoDB Database Connection Pool Experiences 1200 Successful Connection Establishments Due to Optimized Connection Pooling and Successfully Established 9000 New Connections with Normal Pooling Configuration" value 1200 timestamp 1732502299000
system_critical_total with labels component="notification_service",technology="ses",severity="CRITICAL",event_type="ses The SES Notification Service Experiences 9 Failed Delivery Attempts Due to Incorrect SES Sender Credentials and Successfully Delivered 3420 SMS Messages with Normal Sender Credentials" value 9 timestamp 1732502299000
system_error_total with labels component="logging_aggregator",technology="splunk",severity="ERROR",event_type="splunk The Splunk Logging Aggregator Experiences 27 Failed Indexing Operations Due to Insufficient Splunk Indexing Capacity and Successfully Indexed 850 Events with Normal Capacity Configuration" value 27 timestamp 1732502299000
system_critical_total with labels component="authentication_service",technology="keycloak",severity="CRITICAL",event_type="keycloak The Keycloak Authentication Service Experiences 4 Failed Login Attempts Due to Expired Keycloak Access Tokens and Successfully Authenticated 118 Users with Normal Token Expiration Time" value 4 timestamp 1732502299000
system_warning_total with labels component="logging_aggregator",technology="splunk",severity="WARN",event_type="splunk The Splunk Logging Aggregator Experiences 147 Failed Indexing Operations Due to Insufficient Disk Space on Splunk Indexing Servers and Successfully Indexed 7500 Events with Normal Disk Space Configuration" value 147 timestamp 1732502299000
system_info_total with labels component="load_balancer",technology="haproxy",severity="INFO",event_type="haproxy The HAPROXY Load Balancer Successfully Established 823 Connection Handshakes with Normal Session Timeout Configuration and Detected 1200 Total Incoming Requests" value 1200 timestamp 1732502299000
system_error_total with labels component="logging_aggregator",technology="splunk",severity="ERROR",event_type="splunk The Splunk Logging Aggregator Experiences 32 Failed Indexing Operations Due to Incorrect Splunk Data Format and Successfully Indexed 600 Events with Normal Data Format Configuration" value 32 timestamp 1732502299000
system_critical_total with labels component="load_balancer",technology="haproxy",severity="CRITICAL",event_type="haproxy The HAPROXY Load Balancer Experiences 9 Concurrent Connection Refusals Due to Insufficient Available Frontend Resources and Successfully Handled 8900 Incoming Requests with Normal Resources Allocation" value 9 timestamp 1732502299000
system_info_total with labels component="metrics_collector",technology="dynatrace",severity="INFO",event_type="dynatrace The Dynatrace Metrics Collector Successfully Retrieved 1050 Performance Data Points from 20 Monitoring Hosts with Normal Data Collection Configuration" value 1050 timestamp 1732502299000
system_error_total with labels component="database_connection_pool",technology="mysql",severity="ERROR",event_type="mysql The MySQL Database Connection Pool Experiences 11 Failed Reconnections Due to Inconsistent Connection Pool Configuration and Successfully Reconnected 750 Database Connections with Normal Configuration Reboot" value 11 timestamp 1732502299000
system_critical_total with labels component="cache_manager",technology="hazelcast",severity="CRITICAL",event_type="hazelcast The Hazelcast Cache Manager Experiences 7 Concurrent Cache Evictions Due to Overloaded Cache Configuration and Successfully Evicted 2500 Cache Entries with Normal Eviction Policy Configuration" value 7 timestamp 1732502299000
system_critical_total with labels component="database_connection_pool",technology="mongodb",severity="CRITICAL",event_type="mongodb The MongoDB Database Connection Pool Experiences 4 Failed Attempts to Establish New Connections Due to Insufficient Available Network Bandwidth and Successfully Established 950 Connections with Normal Connection Retry Policies" value 4 timestamp 1732502299000
system_error_total with labels component="message_queue_consumer",technology="rabbitmq",severity="ERROR",event_type="rabbitmq The RabbitMQ Message Queue Consumer Experiences 23 Rejected Messages Due to Insufficient Available Memory Allocation and Successfully Processed 850 Messages with Normal Message Memory Configuration Reboot" value 23 timestamp 1732502299000
system_warning_total with labels component="payment_processor",technology="paypal",severity="WARN",event_type="paypal The PayPal Payment Processor Experiences 162 High-Quality Connection Errors Due to Timeouts and Successfully Processed 4500 Payment Requests with Normal Connection Timeouts Configuration Reboot" value 162 timestamp 1732502299000
system_info_total with labels component="cache_manager",technology="redis",severity="INFO",event_type="redis The Redis Cache Manager Successfully Reloaded 850 Cache Entries from a Valid Configuration File and Evicted 4500 Cache Entries with Normal Configuration File Reboot" value 850 timestamp 1732502299000
system_warning_total with labels component="session_manager",technology="infinispan",severity="WARN",event_type="infinispan The Infinispan Session Manager Experiences 187 High Memory Utilization Thresholds Due to Insufficient Available Memory Allocation and Successfully Evicted 3500 Session Cache Entries with Normal Memory Configuration Reboot" value 187 timestamp 1732502299000
system_critical_total with labels component="search_indexer",technology="elasticsearch",severity="CRITICAL",event_type="elasticsearch The Elasticsearch Search Indexer Experiences 7 Severe Indexing Failures Due to Disk Space Insufficiency and Successfully Indexed 3200 New Documents with Normal Disk Space Configuration Reboot" value 7 timestamp 1732502299000
system_error_total with labels component="cache_manager",technology="redis",severity="ERROR",event_type="redis The Redis Cache Manager Fails to Evict 275 Cache Entries Due to Incorrect Expiration Configuration and Successfully Evicted 4500 Cache Entries with Normal Expiration Configuration Reboot" value 275 timestamp 1732502299000
system_critical_total with labels component="search_indexer",technology="elasticsearch",severity="CRITICAL",event_type="elasticsearch The Elasticsearch Search Indexer Experiences 12 Severe Query Failures Due to Network Disconnection and Successfully Indexed 1500 New Documents with Normal Network Configuration Reboot" value 12 timestamp 1732502299000
system_error_total with labels component="authentication_service",technology="okta",severity="ERROR",event_type="okta The Okta Authentication Service Fails to Validate 62 User Credentials Due to Incorrect Username Configuration and Successfully Validated 1000 User Credentials with Normal Username Configuration Reboot" value 62 timestamp 1732502299000
system_critical_total with labels component="authentication_service",technology="oauth2",severity="CRITICAL",event_type="oauth2 The OAuth2 Authentication Service Experiences 9 Severe Token Revocation Failures Due to Incorrect Client Configuration and Successfully Authenticated 300 Users with Normal Client Configuration Reboot" value 9 timestamp 1732502299000
system_error_total with labels component="payment_processor",technology="adyen",severity="ERROR",event_type="adyen The Adyen Payment Processor Fails to Process 118 Payment Transactions Due to Insufficient Funds in the Payment Gateway Account and Successfully Processed 500 Payment Transactions with Normal Funds Configuration Reboot" value 118 timestamp 1732502299000
system_critical_total with labels component="container_orchestrator",technology="docker-swarm",severity="CRITICAL",event_type="docker-swarm The Docker Swarm Container Orchestrator Experiences 7 Severe Service Discovery Failures Due to Incorrect Load Balancer Configuration and Successfully Registered 200 Containers with Normal Load Balancer Configuration Reboot" value 7 timestamp 1732502299000
system_error_total with labels component="logging_aggregator",technology="datadog",severity="ERROR",event_type="datadog The Datadog Logging Aggregator Fails to Send 41 Log Data Points to the Datadog API Due to Incorrect API Key Configuration and Successfully Sent 800 Log Data Points with Normal API Key Configuration Reboot" value 41 timestamp 1732502299000
system_critical_total with labels component="cache_manager",technology="memcached",severity="CRITICAL",event_type="memcached The Memcached Cache Manager Experiences 3 Severe Cache Invalidation Failures Due to Incorrect Cache Expiration Time Configuration and Successfully Evicted 500 Caches with Normal Expiration Time Configuration Reboot" value 3 timestamp 1732502299000
system_error_total with labels component="service_mesh",technology="envoy",severity="ERROR",event_type="envoy The Envoy Service Mesh Fails to Establish 27 HTTP Connections to the Service Mesh Proxy Due to Incorrect TLS Certificate Configuration and Successfully Established 1200 HTTP Connections with Normal TLS Certificate Configuration Reboot" value 27 timestamp 1732502299000
system_warning_total with labels component="search_indexer",technology="solr",severity="WARN",event_type="solr The Solr Search Indexer Experiences 143 High Memory Usage Events Due to Incorrect JVM Heap Size Configuration and Successfully Indexed 800 Documents with Normal JVM Heap Size Configuration Reboot" value 143 timestamp 1732502299000
system_critical_total with labels component="database_connection_pool",technology="oracle",severity="CRITICAL",event_type="oracle The Oracle Database Connection Pool Experiences 9 Severe Connection Timeout Failures Due to Incorrect TNS Configuration and Successfully Established 200 Database Connections with Normal TNS Configuration Reboot" value 9 timestamp 1732502299000
system_error_total with labels component="message_queue_consumer",technology="activemq",severity="ERROR",event_type="activemq The ActiveMQ Message Queue Consumer Fails to Process 32 Messages from the Message Queue Due to Incorrect Queue Configuration and Successfully Processed 500 Messages with Normal Queue Configuration Reboot" value 32 timestamp 1732502299000
system_info_total with labels component="notification_service",technology="smtp",severity="INFO",event_type="smtp The SMTP Notification Service Successfully Sent 512 Notification Emails to Recipients with Valid Email Addresses and Successfully Received 2000 Notification Emails from Recipients with Invalid Email Addresses Reboot" value 512 timestamp 1732502299000
system_critical_total with labels component="service_mesh",technology="consul",severity="CRITICAL",event_type="consul The Consul Service Mesh Experiences 7 Severe Service Unavailable Failures Due to Incorrect Service Discovery Configuration and Successfully Registered 150 Services with Normal Service Discovery Configuration Reboot" value 7 timestamp 1732502299000
system_error_total with labels component="metrics_collector",technology="newrelic",severity="ERROR",event_type="newrelic The New Relic Metrics Collector Experiences 48 Errors Due to Incorrect Agent Configuration and Successfully Collected 1000 Metrics with Normal Agent Configuration Reboot" value 48 timestamp 1732502299000
system_warning_total with labels component="payment_processor",technology="stripe",severity="WARN",event_type="stripe The Stripe Payment Processor Experiences 175 High Memory Usage Due to Inefficient Payment Processing Algorithm and Successfully Processed 200 Payments with Normal Payment Processing Algorithm Reboot" value 175 timestamp 1732502299000
system_critical_total with labels component="database_connection_pool",technology="oracle",severity="CRITICAL",event_type="oracle The Oracle Database Connection Pool Experiences 3 Data Corruption Failures Due to Inadequate Connection Pool Configuration and Successfully Created 500 Database Connections with Normal Connection Pool Configuration Reboot" value 3 timestamp 1732502299000
system_error_total with labels component="cache_manager",technology="hazelcast",severity="ERROR",event_type="hazelcast The Hazelcast Cache Manager Experiences 23 Connection Timeout Failures Due to Inconsistent Cache Node Configuration and Successfully Evicted 800 Cache Entries with Normal Cache Configuration Reboot" value 23 timestamp 1732502299000
system_critical_total with labels component="message_queue_consumer",technology="azure-servicebus",severity="CRITICAL",event_type="azure-servicebus The Azure ServiceBus Message Queue Consumer Experiences 5 Security Breach Attempts Due to Inadequate Access Control and Successfully Processed 1200 Messages with Normal Access Control Reboot" value 5 timestamp 1732502299000
system_error_total with labels component="api_gateway",technology="kong",severity="ERROR",event_type="kong The Kong API Gateway Experiences 37 Authentication Failed Requests Due to Inconsistent API Keys and Successfully Authenticated 850 API Requests with Normal API Keys Reboot" value 37 timestamp 1732502299000
system_info_total with labels component="cache_manager",technology="redis",severity="INFO",event_type="redis The Redis Cache Manager Successfully Cleared 542 Cache Entries with Normal Cache Expiration Configuration and Maintained 1200 Active Cache Connections Reboot" value 542 timestamp 1732502299000
system_critical_total with labels component="authentication_service",technology="auth0",severity="CRITICAL",event_type="auth0 The Auth0 Authentication Service Experiences 9 Null Pointer Exceptions Due to Inadequate User Profile Configuration and Successfully Authenticated 2500 Users with Normal User Profile Configuration Reboot" value 9 timestamp 1732502299000
system_warning_total with labels component="session_manager",technology="hazelcast",severity="WARN",event_type="hazelcast The Hazelcast Session Manager Experiences 118 High Memory Usage Issues Due to Inadequate Disk Configuration and Successfully Recovered 300 Sessions with Normal Disk Configuration Reboot" value 118 timestamp 1732502299000
system_error_total with labels component="load_balancer",technology="aws-elb",severity="ERROR",event_type="aws-elb The AWS Elastic Load Balancer Experiences 62 Slow Connection Issues Due to Inadequate Instance Configuration and Successfully Distributed 1400 Requests with Normal Instance Configuration Reboot" value 62 timestamp 1732502299000
system_info_total with labels component="notification_service",technology="firebase",severity="INFO",event_type="firebase The Firebase Notification Service Successfully Sent 820 Notification Requests with Normal Notification Configuration and Maintained 400 Active Notification Subscriptions Reboot" value 820 timestamp 1732502299000
system_critical_total with labels component="container_orchestrator",technology="aks",severity="CRITICAL",event_type="aks The AKS Container Orchestrator Experiences 3 Security Breach Events Due to Inadequate Network Configuration and Successfully Rebooted 100 Pods with Normal Network Configuration Reboot" value 3 timestamp 1732502299000
system_warning_total with labels component="cache_manager",technology="redis",severity="WARN",event_type="redis The Redis Cache Manager Experiences 27 High Memory Usage Issues Due to Inadequate Memory Configuration and Successfully Evicted 1500 Keys with Normal Memory Configuration Reboot" value 27 timestamp 1732502299000
system_error_total with labels component="service_mesh",technology="linkerd",severity="ERROR",event_type="linkerd The Linkerd Service Mesh Experiences 43 Connection Timeout Issues Due to Inadequate Certificate Configuration and Successfully Reconfigured 1200 Services with Normal Certificate Configuration Reboot" value 43 timestamp 1732502299000
system_info_total with labels component="file_storage_handler",technology="s3",severity="INFO",event_type="s3 The S3 File Storage Handler Successfully Loaded 418 New Files from Bucket with Normal Configuration and Maintained 950 Active File Uploads Reboot" value 418 timestamp 1732502299000
system_critical_total with labels component="message_queue_consumer",technology="aws-sqs",severity="CRITICAL",event_type="aws-sqs The AWS SQS Message Queue Consumer Experiences 5 Data Corruption Issues Due to Inadequate Queue Configuration and Successfully Rebooted 50 Consume Groups with Normal Queue Configuration Reboot" value 5 timestamp 1732502299000
system_warning_total with labels component="api_gateway",technology="apache",severity="WARN",event_type="apache The Apache API Gateway Experiences 187 High Memory Usage Issues Due to Inadequate Configuration and Successfully Evicted 8500 Concurrency Levels with Normal Configuration Reboot" value 187 timestamp 1732502299000
system_error_total with labels component="database_connection_pool",technology="mariadb",severity="ERROR",event_type="mariadb The MariaDB Database Connection Pool Experiences 32 Connection Timeout Issues Due to Inadequate Configuration and Successfully Reconfigured 1100 Database Sessions with Normal Configuration Reboot" value 32 timestamp 1732502299000
system_critical_total with labels component="database_connection_pool",technology="mysql",severity="CRITICAL",event_type="mysql The MySQL Database Connection Pool Experiences 9 Data Corruption Issues Due to Inadequate Lock Configuration and Successfully Rebooted 45 Database Connections with Normal Lock Configuration Reboot" value 9 timestamp 1732502299000
system_info_total with labels component="session_manager",technology="redis",severity="INFO",event_type="redis The Redis Session Manager Successfully Loaded 654 New Sessions from Redis with Normal Configuration and Maintained 275 Active Session Queries Reboot" value 654 timestamp 1732502299000
system_warning_total with labels component="cache_manager",technology="hazelcast",severity="WARN",event_type="hazelcast The Hazelcast Cache Manager Experiences 145 High Memory Usage Issues Due to Inadequate Heap Configuration and Successfully Evicted 820 Concurrency Levels with Normal Heap Configuration Reboot" value 145 timestamp 1732502299000
system_critical_total with labels component="service_mesh",technology="istio",severity="CRITICAL",event_type="istio The Istio Service Mesh Experiences 3 Security Breach Issues Due to Inadequate Identity Configuration and Successfully Updated 99 Service Mesh Policies with Normal Configuration Reboot" value 3 timestamp 1732502299000
system_error_total with labels component="logging_aggregator",technology="fluentd",severity="ERROR",event_type="fluentd The Fluentd Logging Aggregator Fails to Process 47 Log Events from 2 Output Formats within 5 Minutes and Successfully Processed 1300 Log Events in Total Reboot" value 47 timestamp 1732502299000
system_info_total with labels component="container_orchestrator",technology="docker-swarm",severity="INFO",event_type="docker-swarm The Docker Swarm Container Orchestrator Successfully Launched 654 New Services in 3 Minutes and Maintained 275 Active Services Reboot" value 654 timestamp 1732502299000
system_critical_total with labels component="notification_service",technology="twilio",severity="CRITICAL",event_type="twilio The Twilio Notification Service Experiences 4 SMS Notification Errors Due to Inadequate Account Configuration and Successfully Sent 99 SMS Notifications in Total Reboot" value 4 timestamp 1732502299000
system_warning_total with labels component="logging_aggregator",technology="loki",severity="WARN",event_type="loki The Loki Logging Aggregator Experiences 128 High Memory Usage Issues Due to Inadequate Storage Configuration and Successfully Evicted 420 Concurrency Levels with Normal Heap Configuration Reboot" value 128 timestamp 1732502299000
system_error_total with labels component="logging_aggregator",technology="elasticsearch",severity="ERROR",event_type="elasticsearch The Elasticsearch Logging Aggregator Fails to Index 32 Log Events from 2 Output Formats within 5 Minutes and Successfully Indexed 1350 Log Events in Total Reboot" value 32 timestamp 1732502299000
system_critical_total with labels component="api_gateway",technology="apache",severity="CRITICAL",event_type="apache The Apache API Gateway Experiences 3 HTTP Connection Drops Due to Unstable Server Configuration and Successfully Handled 99 HTTP Requests in Total Reboot" value 3 timestamp 1732502299000
system_warning_total with labels component="authentication_service",technology="keycloak",severity="WARN",event_type="keycloak The Keycloak Authentication Service Fails to Authenticate 45 Users within 10 Minutes due to Configuration Issues but Successfully Authenticated 1275 Users in Total Reboot" value 45 timestamp 1732502299000
system_error_total with labels component="notification_service",technology="firebase",severity="ERROR",event_type="firebase The Firebase Notification Service Experiences 12 SMS Delays due to Network Congestion and Successfully Delivered 98 SMS Notifications in Total Reboot" value 12 timestamp 1732502299000
system_info_total with labels component="authentication_service",technology="oauth2",severity="INFO",event_type="oauth2 The OAuth2 Authentication Service Fails to Handle 150 Authentication Requests within 5 Minutes due to High Load but Successfully Handled 7500 Authentication Requests in Total Reboot" value 150 timestamp 1732502299000
system_critical_total with labels component="metrics_collector",technology="dynatrace",severity="CRITICAL",event_type="dynatrace The Dynatrace Metrics Collector Experiences 5 Data Retention Issues within 2 Minutes due to Disk Space Limitations and Successfully Collected 2500 Metric Points in Total Reboot" value 5 timestamp 1732502299000
system_error_total with labels component="logging_aggregator",technology="elasticsearch",severity="ERROR",event_type="elasticsearch The Elasticsearch Logging Aggregator Fails to Index 23 Logs within 1 Minute due to Indexing Timeout and Successfully Indexed 1000 Logs in Total Reboot" value 23 timestamp 1732502299000
system_warning_total with labels component="cache_manager",technology="redis",severity="WARN",event_type="redis The Redis Cache Manager Experiences 85 Cache Expiration Events within 3 Minutes due to Eviction Policy but Successfully Expired 200 Cache Entries in Total Reboot" value 85 timestamp 1732502299000
system_critical_total with labels component="search_indexer",technology="meilisearch",severity="CRITICAL",event_type="meilisearch The MeiliSearch Indexer Fails to Reindex 7 Documents within 2 Minutes due to Data Consistency Issue and Successfully Reindexed 500 Documents in Total Reboot" value 7 timestamp 1732502299000
system_error_total with labels component="logging_aggregator",technology="splunk",severity="ERROR",event_type="splunk The Splunk Logging Aggregator Fails to Send 19 Logs to Indexing Server within 1 Minute due to Network Connectivity Issue and Successfully Sent 1000 Logs in Total Reboot" value 19 timestamp 1732502299000
system_info_total with labels component="load_balancer",technology="haproxy",severity="INFO",event_type="haproxy The Haproxy Load Balancer Successfully Handled 542 New Connections within 2 Minutes and Exceeded Maximum Concurrent Connections by 10" value 542 timestamp 1732502299000
system_critical_total with labels component="logging_aggregator",technology="fluentd",severity="CRITICAL",event_type="fluentd The Fluentd Logging Aggregator Experiences 4 Data Loss Events within 1 Minute due to Disk Space Issue and Successfully Processed 1500 Logs in Total Reboot" value 4 timestamp 1732502299000
system_warning_total with labels component="notification_service",technology="sendgrid",severity="WARN",event_type="sendgrid The SendGrid Notification Service Experiences 120 Mail Sending Failures within 3 Minutes due to Invalid Email Addresses and Successfully Sent 12000 Emails in Total Reboot" value 120 timestamp 1732502299000
system_error_total with labels component="notification_service",technology="ses",severity="ERROR",event_type="ses The Amazon SES Notification Service Fails to Send 32 Emails within 2 Minutes due to Verification Failure and Successfully Sent 5000 Emails in Total Reboot" value 32 timestamp 1732502299000
system_critical_total with labels component="load_balancer",technology="haproxy",severity="CRITICAL",event_type="haproxy The Haproxy Load Balancer Experiences 7 Connection Droppings within 1 Minute due to Server Crashing and Successfully Handled 450 New Connections in Total Reboot" value 7 timestamp 1732502299000
system_info_total with labels component="logging_aggregator",technology="loki",severity="INFO",event_type="loki The Loki Logging Aggregator Successfully Indexes 1000 Logs within 2 Minutes and Stores 5000 Event Records in Total Reboot" value 1000 timestamp 1732502299000
system_warning_total with labels component="load_balancer",technology="nginx",severity="WARN",event_type="nginx The Nginx Load Balancer Experiences 80 Slow Connections within 5 Minutes due to High Request Volume and Successfully Handled 3000 New Connections in Total Reboot" value 80 timestamp 1732502299000
system_error_total with labels component="database_connection_pool",technology="mongodb",severity="ERROR",event_type="mongodb The MongoDB Database Connection Pool Fails to Reconnect 43 Connections within 3 Minutes due to Server Disconnection and Successfully Reconnected 1500 Connections in Total Reboot" value 43 timestamp 1732502299000
system_critical_total with labels component="session_manager",technology="jwt",severity="CRITICAL",event_type="jwt The JWT Session Manager Fails to Validate 9 Tokens within 1 Minute due to Signature Mismatch and Successfully Validated 4000 Tokens in Total Reboot" value 9 timestamp 1732502299000
system_warning_total with labels component="notification_service",technology="sendgrid",severity="WARN",event_type="sendgrid The SendGrid Notification Service Experiences 120 Failed Notifications within 6 Minutes due to Invalid Email Addresses and Successfully Notified 8000 Users in Total Reboot" value 120 timestamp 1732502299000
system_info_total with labels component="search_indexer",technology="opensearch",severity="INFO",event_type="opensearch The OpenSearch Search Indexer Successfully Indexes 1200 Documents within 2 Minutes and Stores 5000 Event Records in Total Reindexing" value 1200 timestamp 1732502299000
system_error_total with labels component="session_manager",technology="hazelcast",severity="ERROR",event_type="hazelcast The Hazelcast Session Manager Fails to Renew 17 Sessions within 4 Minutes due to Expiration and Successfully Renewed 7000 Sessions in Total Reboot" value 17 timestamp 1732502299000
system_critical_total with labels component="message_queue_consumer",technology="aws-sqs",severity="CRITICAL",event_type="aws-sqs The AWS SQS Message Queue Consumer Fails to Process 12 Messages within 2 Minutes due to Queue Deletion and Successfully Processed 5000 Messages in Total Reboot" value 12 timestamp 1732502299000
system_critical_total with labels component="api_gateway",technology="envoy",severity="CRITICAL",event_type="envoy The Envoy API Gateway Experiences 8 Route Service Disconnections within 1 Minute due to Inconsistent Configuration and Successfully Established 1200 Routes in Total Reboot" value 8 timestamp 1732502299000
system_error_total with labels component="cache_manager",technology="memcached",severity="ERROR",event_type="memcached The Memcached Cache Manager Fails to Evict 28 Items within 5 Minutes due to Cache Expiration and Successfully Evicted 8000 Items in Total Reboot" value 28 timestamp 1732502299000
system_warning_total with labels component="metrics_collector",technology="dynatrace",severity="WARN",event_type="dynatrace The Dynatrace Metrics Collector Experiences 150 High Memory Usage Events within 10 Minutes due to Insufficient Resource Allocation and Successfully Collected 5000 Metrics in Total Reboot" value 150 timestamp 1732502299000
system_info_total with labels component="search_indexer",technology="meilisearch",severity="INFO",event_type="meilisearch The Meilisearch Search Indexer Successfully Indexed 800 Documents within 2 Minutes due to Improved Query Performance and Successfully Stored 3000 Documents in Total Reboot" value 800 timestamp 1732502299000
system_error_total with labels component="payment_processor",technology="paypal",severity="ERROR",event_type="paypal The PayPal Payment Processor Fails to Process 23 Payment Transactions within 5 Minutes due to Invalid Credit Card Information and Successfully Processed 1200 Payment Transactions in Total Reboot" value 23 timestamp 1732502299000
system_critical_total with labels component="container_orchestrator",technology="ecs",severity="CRITICAL",event_type="ecs The ECS Container Orchestrator Experiences 9 Service Crashes within 1 Minute due to Insufficient Container Resources and Successfully Launched 800 Containers in Total Reboot" value 9 timestamp 1732502299000
system_warning_total with labels component="metrics_collector",technology="grafana",severity="WARN",event_type="grafana The Grafana Metrics Collector Experiences 70 High Query Latency Events within 10 Minutes due to Network Congestion and Successfully Queryed 2000 Metrics in Total Reboot" value 70 timestamp 1732502299000
system_info_total with labels component="session_manager",technology="infinispan",severity="INFO",event_type="infinispan The Infinispan Session Manager Successfully Evicted 1200 Cache Entries within 2 Minutes due to Expiring Cache Expiration Policy and Successfully Stored 6000 Cache Entries in Total Reboot" value 1200 timestamp 1732502299000
system_error_total with labels component="message_queue_consumer",technology="aws-sqs",severity="ERROR",event_type="aws-sqs The AWS SQS Message Queue Consumer Fails to Process 35 Message Events within 5 Minutes due to Dead Letter Queue Overflow and Successfully Processed 2500 Message Events in Total Reboot" value 35 timestamp 1732502299000
system_critical_total with labels component="search_indexer",technology="solr",severity="CRITICAL",event_type="solr The Solr Search Indexer Experiences 4 Indexing Fails within 1 Minute due to Lost Documents in the Index and Successfully Indexed 7000 Documents in Total Reboot" value 4 timestamp 1732502299000
system_error_total with labels component="database_connection_pool",technology="mysql",severity="ERROR",event_type="mysql The MySQL Database Connection Pool Fails to Establish 23 Connection Attempts within 10 Minutes due to Network Connection Errors and Successfully Established 500 Connection Attempts in Total Reboot" value 23 timestamp 1732502299000
system_info_total with labels component="file_storage_handler",technology="gcs",severity="INFO",event_type="gcs The Google Cloud Storage File Storage Handler Successfully Stored 8000 Files within 2 Minutes due to High Storage Class Conversion Rate and Successfully Retrieved 3000 Files in Total Reboot" value 8000 timestamp 1732502299000
system_warning_total with labels component="load_balancer",technology="azure-lb",severity="WARN",event_type="azure-lb The Azure Load Balancer Experiences 187 High CPU Utilization Events within 15 Minutes due to Unexpected Increase in Traffic and Successfully Processed 5000 Requests in Total Reboot" value 187 timestamp 1732502299000
system_critical_total with labels component="payment_processor",technology="square",severity="CRITICAL",event_type="square The Square Payment Processor Experiences 9 Payment Processing Fails within 5 Minutes due to Invalid Payment Method and Successfully Processed 750 Payments in Total Reboot" value 9 timestamp 1732502299000
system_error_total with labels component="payment_processor",technology="adyen",severity="ERROR",event_type="adyen The Adyen Payment Processor Fails to Process 42 Payment Requests within 10 Minutes due to Insufficient Funds and Successfully Processed 1200 Payments in Total Reboot" value 42 timestamp 1732502299000
system_info_total with labels component="api_gateway",technology="kong",severity="INFO",event_type="kong The Kong API Gateway Successfully Handles 1200 API Requests within 2 Minutes due to High Traffic and Successfully Routes 5000 API Calls in Total Reboot" value 1200 timestamp 1732502299000
system_warning_total with labels component="metrics_collector",technology="datadog",severity="WARN",event_type="datadog The Datadog Metrics Collector Experiences 78 High CPU Utilization Events within 15 Minutes due to Unexpected Increase in Query Volume and Successfully Sent 3000 Metric Points in Total Reboot" value 78 timestamp 1732502299000
system_critical_total with labels component="logging_aggregator",technology="datadog",severity="CRITICAL",event_type="datadog The Datadog Logging Aggregator Experiences 3 Log Processing Fails within 5 Minutes due to Disk Space Limitation and Successfully Processed 800 Logs in Total Reboot" value 3 timestamp 1732502299000
system_error_total with labels component="notification_service",technology="firebase",severity="ERROR",event_type="firebase The Firebase Notification Service Fails to Send 12 Push Notifications within 10 Minutes due to Connection Loss and Successfully Sent 300 Push Notifications in Total Reboot" value 12 timestamp 1732502299000
system_warning_total with labels component="authentication_service",technology="jwt",severity="WARN",event_type="jwt The JWT Authentication Service Experiences 25 Invalid Token Signatures within 20 Minutes due to Configuration Issues and Successfully Validated 1000 Tokens in Total Reboot" value 25 timestamp 1732502299000
system_critical_total with labels component="container_orchestrator",technology="nomad",severity="CRITICAL",event_type="nomad The Nomad Container Orchestrator Fails to Launch 2 Tasks within 5 Minutes due to Insufficient Resources and Successfully Launched 20 Tasks in Total Reboot" value 2 timestamp 1732502299000
system_error_total with labels component="service_mesh",technology="linkerd",severity="ERROR",event_type="linkerd The Linkerd Service Mesh Fails to Establish 8 Secure Connections within 15 Minutes due to Certificate Renewal Issues and Successfully Established 100 Secure Connections in Total Reboot" value 8 timestamp 1732502299000
system_info_total with labels component="load_balancer",technology="aws-elb",severity="INFO",event_type="aws-elb The AWS Elastic Load Balancer Successfully Distributed 1200 Requests across 10 Backend Servers within the Last 5 Minutes" value 1200 timestamp 1732502299000
system_critical_total with labels component="message_queue_consumer",technology="aws-sqs",severity="CRITICAL",event_type="aws-sqs The AWS SQS Message Queue Consumer Experiences 3 Message Deadletters within 2 Minutes due to Inadequate Durable Queue Configuration and Successfully Processed 1000 Messages in Total Reboot" value 3 timestamp 1732502299000
system_error_total with labels component="service_mesh",technology="linkerd",severity="ERROR",event_type="linkerd The Linkerd Service Mesh Fails to Handle 12 Service Connections within 10 Minutes due to Incompatible API Version Issues and Successfully Handled 500 Service Connections in Total Reboot" value 12 timestamp 1732502299000
system_warning_total with labels component="authentication_service",technology="okta",severity="WARN",event_type="okta The Okta Authentication Service Experiences 187 Authentication Failures within 5 Minutes due to Inconsistent Session Expiration Times and Successfully Authenticated 5000 Users in Total Reboot" value 187 timestamp 1732502299000
system_critical_total with labels component="load_balancer",technology="nginx",severity="CRITICAL",event_type="nginx The Nginx Load Balancer Experiences 4 Server Crashes within 1 Minute due to Incompatible Web Server Configuration and Successfully Handled 1000 Connections in Total Reboot" value 4 timestamp 1732502299000
system_error_total with labels component="load_balancer",technology="aws-elb",severity="ERROR",event_type="aws-elb The AWS Elastic Load Balancer Fails to Handle 23 Connection Rejections within 3 Minutes due to Inadequate Security Group Rules and Successfully Handled 500 Connections in Total Reboot" value 23 timestamp 1732502299000
system_info_total with labels component="container_orchestrator",technology="kubernetes",severity="INFO",event_type="kubernetes The Kubernetes Container Orchestrator Successfully Created 219 Pods within 10 Minutes due to Consistent Configuration Changes and Successfully Restarted 500 Pods in Total Reboot" value 219 timestamp 1732502299000
system_warning_total with labels component="logging_aggregator",technology="loki",severity="WARN",event_type="loki The Loki Logging Aggregator Experiences 135 Error Parsing Log Files within 5 Minutes due to Inconsistent Log Format and Successfully Handled 10000 Log Events in Total Reboot" value 135 timestamp 1732502299000
system_critical_total with labels component="container_orchestrator",technology="kubernetes",severity="CRITICAL",event_type="kubernetes The Kubernetes Container Orchestrator Fails to Restart 7 Pods within 2 Minutes due to Insufficient CPU Resources and Successfully Handled 1200 Pods in Total Reboot" value 7 timestamp 1732502299000
system_error_total with labels component="authentication_service",technology="keycloak",severity="ERROR",event_type="keycloak The Keycloak Authentication Service Experiences 42 Authentication Failures within 1 Minute due to Inconsistent User Credentials and Successfully Authenticated 800 Users in Total Reboot" value 42 timestamp 1732502299000
system_info_total with labels component="search_indexer",technology="meilisearch",severity="INFO",event_type="meilisearch The Meilisearch Search Indexer Successfully Indexed 310 Documents within 4 Minutes due to Consistent Search Queries and Successfully Retrieved 500 Search Results in Total Reboot" value 310 timestamp 1732502299000
system_critical_total with labels component="session_manager",technology="redis",severity="CRITICAL",event_type="redis The Redis Session Manager Fails to Store 12 Session Tokens within 30 Seconds due to Expiring Session Tokens and Successfully Handled 800 Session Tokens in Total Reboot" value 12 timestamp 1732502299000
system_error_total with labels component="load_balancer",technology="traefik",severity="ERROR",event_type="traefik The Traefik Load Balancer Experiences 23 Connection Drops within 45 Seconds due to Inconsistent Server Configurations and Successfully Handled 1000 Incoming Requests in Total Reboot" value 23 timestamp 1732502299000
system_warning_total with labels component="metrics_collector",technology="dynatrace",severity="WARN",event_type="dynatrace The Dynatrace Metrics Collector Notifies 157 High Memory Usage Cases within 5 Minutes due to Inefficient Data Aggregation and Successfully Monitored 2000 Metric Points in Total Reboot" value 157 timestamp 1732502299000
system_critical_total with labels component="payment_processor",technology="adyen",severity="CRITICAL",event_type="adyen The Adyen Payment Processor Experiences 3 Payment Rejections within 10 Minutes due to Insufficient Funds and Successfully Processed 800 Payment Transactions in Total Reboot" value 3 timestamp 1732502299000
system_error_total with labels component="service_mesh",technology="istio",severity="ERROR",event_type="istio The Istio Service Mesh Experiences 42 Failed Authentication Requests within 20 Minutes due to Misconfigured Service Identity and Successfully Established 1000 Service Connections in Total Reboot" value 42 timestamp 1732502299000
system_info_total with labels component="notification_service",technology="ses",severity="INFO",event_type="ses The SES Notification Service Sends 892 Email Notifications within 30 Minutes due to Successfully Received 1000 New Email Notifications and Successfully Processed 500 Email Notifications in Total Reboot" value 892 timestamp 1732502299000
system_critical_total with labels component="file_storage_handler",technology="azure-blob",severity="CRITICAL",event_type="azure-blob The Azure Blob File Storage Handler Experiences 4 Storage Account Throttling Errors within 10 Minutes due to High Concurrent Request Rates and Successfully Stored 900 Files in Total Reboot" value 4 timestamp 1732502299000
system_error_total with labels component="service_mesh",technology="envoy",severity="ERROR",event_type="envoy The Envoy Service Mesh Experiences 38 Failed DNS Resolution Requests within 15 Minutes due to Misconfigured DNS Configuration and Successfully Established 950 Service Connections in Total Reboot" value 38 timestamp 1732502299000
system_warning_total with labels component="metrics_collector",technology="grafana",severity="WARN",event_type="grafana The Grafana Metrics Collector Experiences 167 High-Priority Log Errors within 40 Minutes due to Unresolved Alerting Configurations and Successfully Monitored 1058 Metrics in Total Reboot" value 167 timestamp 1732502299000
system_info_total with labels component="container_orchestrator",technology="aks",severity="INFO",event_type="aks The AKS Container Orchestrator Successfully Spawns 1200 New Docker Containers within 45 Minutes due to Improved CPU Resource Allocation and Successfully Terminated 850 Running Containers in Total Reboot" value 1200 timestamp 1732502299000
system_critical_total with labels component="authentication_service",technology="auth0",severity="CRITICAL",event_type="auth0 The Auth0 Authentication Service Experiences 7 Failed Login Attempts within 10 Minutes due to Weak Password Hashing and Successfully Authenticated 920 Users in Total Reboot" value 7 timestamp 1732502299000
system_error_total with labels component="notification_service",technology="sendgrid",severity="ERROR",event_type="sendgrid The SendGrid Notification Service Experiences 32 Invalid Email Address Notifications within 20 Minutes due to Misconfigured Email Destination Addresses and Successfully Delivered 900 Notifications in Total Reboot" value 32 timestamp 1732502299000
system_info_total with labels component="cache_manager",technology="hazelcast",severity="INFO",event_type="hazelcast The Hazelcast Cache Manager Successfully Evicted 2500 Expired Cache Items within 30 Minutes due to Improved Disk Space Utilization and Successfully Maintained 9000 Cache Entries in Total Reboot" value 2500 timestamp 1732502299000
system_critical_total with labels component="metrics_collector",technology="prometheus",severity="CRITICAL",event_type="prometheus The Prometheus Metrics Collector Experiences 3 Unregistered Scraped Metrics within 15 Minutes due to Incompatible Scrape Interval Configuration and Successfully Monitored 1024 Metrics in Total Reboot" value 3 timestamp 1732502299000
system_error_total with labels component="file_storage_handler",technology="gcs",severity="ERROR",event_type="gcs The Google Cloud Storage File Handler Experiences 18 Partially Successful File Uploads within 25 Minutes due to Network Connection Drops and Successfully Stored 900 Files in Total Reboot" value 18 timestamp 1732502299000
system_warning_total with labels component="container_orchestrator",technology="docker-swarm",severity="WARN",event_type="docker-swarm The Docker Swarm Container Orchestrator Experiences 187 Unresponsive Service Tasks within 40 Minutes due to High CPU Utilization and Successfully Managed 2000 Containers in Total Reboot" value 187 timestamp 1732502299000
system_critical_total with labels component="notification_service",technology="twilio",severity="CRITICAL",event_type="twilio The Twilio Notification Service Experiences 2 Failed SMS Deliveries within 15 Minutes due to Incorrect Phone Number Formatting and Successfully Sent 900 SMS Notifications in Total Reboot" value 2 timestamp 1732502299000
system_error_total with labels component="api_gateway",technology="nginx",severity="ERROR",event_type="nginx The NGINX API Gateway Experiences 42 Invalid Request Headers within 20 Minutes due to Malformed JSON Payloads and Successfully Handled 1500 API Requests in Total Reboot" value 42 timestamp 1732502299000
system_critical_total with labels component="file_storage_handler",technology="minio",severity="CRITICAL",event_type="minio The Minio File Storage Handler Experiences 7 Insufficient Storage Space Errors within 12 Minutes due to Exceeding Maximum Bucket Size and Successfully Stored 500 Files in Total Reboot" value 7 timestamp 1732502299000
system_error_total with labels component="message_queue_consumer",technology="kafka",severity="ERROR",event_type="kafka The Kafka Message Queue Consumer Experiences 67 Failed Deserialization Attempts within 25 Minutes due to Invalid JSON Formats and Successfully Processed 8000 Messages in Total Reboot" value 67 timestamp 1732502299000
system_warning_total with labels component="metrics_collector",technology="dynatrace",severity="WARN",event_type="dynatrace The Dynatrace Metrics Collector Experiences 118 High CPU Utilization Alerts within 40 Minutes due to High Query Load and Successfully Monitored 2000 Service Instances in Total Reboot" value 118 timestamp 1732502299000
system_info_total with labels component="notification_service",technology="ses",severity="INFO",event_type="ses The SES Notification Service Successfully Sent 1200 Text Messages to 1000 Recipients within 30 Minutes due to Correct Amazon SES Settings and 500 Invalid Messages Were Discarded" value 1200 timestamp 1732502299000
system_error_total with labels component="search_indexer",technology="elasticsearch",severity="ERROR",event_type="elasticsearch The Elasticsearch Search Indexer Experiences 23 Failed Indexing Attempts within 20 Minutes due to Incorrect Document Formats and Successfully Indexed 8000 Documents in Total Reboot" value 23 timestamp 1732502299000
system_critical_total with labels component="message_queue_consumer",technology="aws-sqs",severity="CRITICAL",event_type="aws-sqs The AWS-SQS Message Queue Consumer Experiences 9 Unexpected Dead Letter Queue Entries within 5 Minutes due to Corrupt Request Payloads and Successfully Processed 9000 Messages in Total Reboot" value 9 timestamp 1732502299000
system_warning_total with labels component="notification_service",technology="ses",severity="WARN",event_type="ses The SES Notification Service Experiences 250 High Bounce Rates within 40 Minutes due to Misspelled Recipient Email Addresses and Successfully Delivered 9500 Messages in Total Reboot" value 250 timestamp 1732502299000
system_critical_total with labels component="metrics_collector",technology="newrelic",severity="CRITICAL",event_type="newrelic The New Relic Metrics Collector Experiences 7 Unexpected API Errors within 3 Minutes due to Incorrect Credentials and Successfully Monitored 8500 Service Instances in Total Reboot" value 7 timestamp 1732502299000
system_error_total with labels component="load_balancer",technology="nginx",severity="ERROR",event_type="nginx The Nginx Load Balancer Experiences 32 Client Aborted Connections within 10 Minutes due to Incompatible Browser Support and Successfully Handled 9200 Requests in Total Reboot" value 32 timestamp 1732502299000
system_warning_total with labels component="session_manager",technology="jwt",severity="WARN",event_type="jwt The JWT Session Manager Experiences 150 Expired Tokens within 20 Minutes due to Incorrect Token Expiration Timeouts and Successfully Authenticated 9600 Users in Total Reboot" value 150 timestamp 1732502299000
system_error_total with labels component="load_balancer",technology="nginx",severity="ERROR",event_type="nginx The Nginx Load Balancer Experiences 43 Server Rejected Requests within 15 Minutes due to Invalid SSL Certificates and Successfully Handled 9000 Requests in Total Reboot" value 43 timestamp 1732502299000
system_critical_total with labels component="api_gateway",technology="kong",severity="CRITICAL",event_type="kong The Kong API Gateway Experiences 9 Rate Limit Exceeded Errors within 5 Minutes due to Aggressive API Usage and Successfully Route 9800 Requests in Total Reboot" value 9 timestamp 1732502299000
system_error_total with labels component="load_balancer",technology="nginx",severity="ERROR",event_type="nginx The Nginx Load Balancer Experiences 56 DNS Resolution Errors within 30 Minutes due to Inaccurate DNS Entries and Successfully Handled 8000 Requests in Total Reboot" value 56 timestamp 1732502299000
system_info_total with labels component="cache_manager",technology="hazelcast",severity="INFO",event_type="hazelcast The Hazelcast Cache Manager Successfully Initialized 1800 Cache Clusters within 20 Minutes and Evicted 8000 Expired Items in Total Reboot" value 1800 timestamp 1732502299000
system_warning_total with labels component="notification_service",technology="sendgrid",severity="WARN",event_type="sendgrid The SendGrid Notification Service Experiences 123 Failed Email Deliveries within 10 Minutes due to Incorrect Email Addresses and Successfully Sent 8500 Emails in Total Reboot" value 123 timestamp 1732502299000
system_critical_total with labels component="container_orchestrator",technology="ecs",severity="CRITICAL",event_type="ecs The ECS Container Orchestrator Experiences 7 Dead Container Launches within 5 Minutes due to Inadequate Instance Type and Successfully Launched 1200 Containers in Total Reboot" value 7 timestamp 1732502299000
system_error_total with labels component="session_manager",technology="jwt",severity="ERROR",event_type="jwt The JWT Session Manager Experiences 37 Expired Tokens within 20 Minutes due to Inaccurate Token Expiration Times and Successfully Issued 5000 Tokens in Total Reboot" value 37 timestamp 1732502299000
system_critical_total with labels component="authentication_service",technology="keycloak",severity="CRITICAL",event_type="keycloak The Keycloak Authentication Service Experiences 3 Concurrent Authentication Failures within 2 Minutes due to Insecure Credentials and Successfully Authenticated 1500 Users in Total Reboot" value 3 timestamp 1732502299000
system_error_total with labels component="file_storage_handler",technology="minio",severity="ERROR",event_type="minio The Minio File Storage Handler Experiences 28 File System Errors within 15 Minutes due to Incorrect Bucket Permissions and Successfully Stored 6000 Files in Total Reboot" value 28 timestamp 1732502299000
system_warning_total with labels component="authentication_service",technology="oauth2",severity="WARN",event_type="oauth2 The OAuth2 Authentication Service Experiences 145 Unauthorized Redirects within 10 Minutes due to Insecure Client Configuration and Successfully Authenticated 8000 Users in Total Reboot" value 145 timestamp 1732502299000
system_critical_total with labels component="container_orchestrator",technology="kubernetes",severity="CRITICAL",event_type="kubernetes The Kubernetes Container Orchestrator Experiences 2 Pod Disconnections within 5 Minutes due to Insufficient Resource Allocation and Successfully Launched 12000 Pods in Total Reboot" value 2 timestamp 1732502299000
system_info_total with labels component="container_orchestrator",technology="nomad",severity="INFO",event_type="nomad The Nomad Container Orchestrator Successfully Launched 800 Pods within the Last 10 Minutes and is Currently Running 2500 Pods" value 800 timestamp 1732502299000
system_warning_total with labels component="cache_manager",technology="redis",severity="WARN",event_type="redis The Redis Cache Manager Experiences 120 High Memory Utilization Errors within 20 Minutes due to Incorrect Cache Expiration and Successfully Stored 4000 Cache Items in Total Reboot" value 120 timestamp 1732502299000
system_error_total with labels component="authentication_service",technology="oauth2",severity="ERROR",event_type="oauth2 The OAuth2 Authentication Service Experiences 37 Authentication Failed due to Expired Client Credentials and Successfully Authenticated 5000 Users in Total Reboot" value 37 timestamp 1732502299000
system_critical_total with labels component="payment_processor",technology="paypal",severity="CRITICAL",event_type="paypal The PayPal Payment Processor Experiences 1 Payment Gateway Failure due to Insufficient Funds and Successfully Processed 15000 Payments in Total Reboot" value 1 timestamp 1732502299000
system_info_total with labels component="payment_processor",technology="braintree",severity="INFO",event_type="braintree The Braintree Payment Processor Successfully Processed 25000 Payments within the Last 10 Minutes and is Currently Processing 8000 Payment Requests" value 25000 timestamp 1732502299000
system_error_total with labels component="authentication_service",technology="keycloak",severity="ERROR",event_type="keycloak The Keycloak Authentication Service Experiences 23 Authentication Failed due to Expired Refresh Tokens and Successfully Authenticated 6000 Users in Total Reboot" value 23 timestamp 1732502299000
system_critical_total with labels component="logging_aggregator",technology="elasticsearch",severity="CRITICAL",event_type="elasticsearch The Elasticsearch Logging Aggregator Experiences 2 Indexing Failures due to Disk Space Constraints and Successfully Indexed 10000 Log Events in Total Reboot" value 2 timestamp 1732502299000
system_warning_total with labels component="cache_manager",technology="redis",severity="WARN",event_type="redis The Redis Cache Manager Experiences 120 Memory Usage Exceeding the Threshold and Successfully Evicted 50000 Keys from the Cache in Total Reboot" value 120 timestamp 1732502299000
system_info_total with labels component="load_balancer",technology="traefik",severity="INFO",event_type="traefik The Traefik Load Balancer Successfully Forwarded 30000 Requests within the Last 10 Minutes and Currently Listening on 4 Ports" value 30000 timestamp 1732502299000
system_error_total with labels component="api_gateway",technology="apache",severity="ERROR",event_type="apache The Apache APACHE Gateway Service Experiences 10 Connection Refused due to Server Not Found and Successfully Authenticated 40000 Users in Total Reboot" value 10 timestamp 1732502299000
system_critical_total with labels component="api_gateway",technology="traefik",severity="CRITICAL",event_type="traefik The Traefik API Gateway Experiences 1 Route Configuration Error due to Inconsistent SSL/TLS Certificates and Successfully Authenticated 10000 Users in Total Reboot" value 1 timestamp 1732502299000
system_error_total with labels component="message_queue_consumer",technology="aws-sqs",severity="ERROR",event_type="aws-sqs The AWS-SQS Message Queue Consumer Experiences 25 Decerialization Errors due to Missing or Invalid JSON Payloads and Successfully Consumed 10000 Messages in Total Reboot" value 25 timestamp 1732502299000
system_info_total with labels component="authentication_service",technology="okta",severity="INFO",event_type="okta The Okta Authentication Service Successfully Authenticated 15000 Users within the Last 10 Minutes and Currently Authenticating 10000 Users in Parallel" value 15000 timestamp 1732502299000
system_critical_total with labels component="database_connection_pool",technology="mongodb",severity="CRITICAL",event_type="mongodb The MongoDB Database Connection Pool Experiences 3 Connection Dropped Due to Insufficient Available Memory and Successfully Connected 20000 Clients in Total Reboot" value 3 timestamp 1732502299000
system_warning_total with labels component="service_mesh",technology="envoy",severity="WARN",event_type="envoy The Envoy Service Mesh Experiences 50 Increased Latency Due to High CPU Usage and Successfully Routed 100000 API Calls in Total Reboot" value 50 timestamp 1732502299000
system_error_total with labels component="database_connection_pool",technology="oracle",severity="ERROR",event_type="oracle The Oracle Database Connection Pool Experiences 23 Connection Refused Due to Insufficient Available Network Bandwidth and Successfully Connected 15000 Clients in Total Reboot" value 23 timestamp 1732502299000
system_info_total with labels component="session_manager",technology="memcached",severity="INFO",event_type="memcached The Memcached Session Manager Successfully Evicted 12000 Expired Sessions and Currently Serving 8000 Active Sessions in Parallel" value 12000 timestamp 1732502299000
system_critical_total with labels component="api_gateway",technology="traefik",severity="CRITICAL",event_type="traefik The Traefik API Gateway Experiences 4 Route Not Found Due to Invalid URL and Successfully Routed 25000 API Calls in Total Reboot" value 4 timestamp 1732502299000
system_error_total with labels component="message_queue_consumer",technology="kafka",severity="ERROR",event_type="kafka The Kafka Message Queue Consumer Experiences 19 Deserialization Errors Due to Outdated Deserializer Version and Successfully Consumed 15000 Messages in Total Reboot" value 19 timestamp 1732502299000
system_info_total with labels component="logging_aggregator",technology="elasticsearch",severity="INFO",event_type="elasticsearch The Elasticsearch Logging Aggregator Successfully Indexed 18000 Log Events and Currently Processing 6000 New Events in Parallel" value 18000 timestamp 1732502299000
system_critical_total with labels component="session_manager",technology="memcached",severity="CRITICAL",event_type="memcached The Memcached Session Manager Experiences 2 Connection Refused Due to Insufficient Available Network Bandwidth and Successfully Connected 9500 Clients in Total Reboot" value 2 timestamp 1732502299000
system_error_total with labels component="file_storage_handler",technology="s3",severity="ERROR",event_type="s3 The S3 File Storage Handler Experiences 32 File Not Found Due to Temporary Object Retention Policy and Successfully Stored 13000 Files in Total Reboot" value 32 timestamp 1732502299000
system_warning_total with labels component="notification_service",technology="sendgrid",severity="WARN",event_type="sendgrid The SendGrid Notification Service Experiences 145 Invalid Email Addresses Due to Address Not Verified and Successfully Sent 5000 Emails in Total Reboot" value 145 timestamp 1732502299000
system_critical_total with labels component="authentication_service",technology="okta",severity="CRITICAL",event_type="okta The Okta Authentication Service Experiences 4 Unexpected Authentication Failed Due to Incompatible Session Tokens and Successfully Authenticated 8000 Users in Total Reboot" value 4 timestamp 1732502299000
system_error_total with labels component="file_storage_handler",technology="gcs",severity="ERROR",event_type="gcs The GCS File Storage Handler Experiences 27 Insufficient Storage Space Due to Large Binary Files and Successfully Stored 15000 Files in Total Reboot" value 27 timestamp 1732502299000
system_info_total with labels component="session_manager",technology="memcached",severity="INFO",event_type="memcached The Memcached Session Manager Successfully Loaded 1024 Session Objects in Total Reboot" value 1024 timestamp 1732502299000
system_warning_total with labels component="metrics_collector",technology="prometheus",severity="WARN",event_type="prometheus The Prometheus Metrics Collector Experiences 187 Scraping Delay Due to High CPU Load and Successfully Scraped 8000 Metrics in Total Reboot" value 187 timestamp 1732502299000
system_critical_total with labels component="database_connection_pool",technology="postgres",severity="CRITICAL",event_type="postgres The Postgres Database Connection Pool Experiences 3 Maximum Connection Pool Exceeded Due to High Concurrent Queries and Successfully Established 5000 Connections in Total Reboot" value 3 timestamp 1732502299000
system_error_total with labels component="database_connection_pool",technology="mariadb",severity="ERROR",event_type="mariadb The MariaDB Database Connection Pool Experiences 27 Timeouts Due to Network Disconnection and Successfully Established 12000 Connections in Total Reboot" value 27 timestamp 1732502299000
system_info_total with labels component="file_storage_handler",technology="gcs",severity="INFO",event_type="gcs The GCS File Storage Handler Successfully Stored 15000 Binary Files in Total and Had 1024 File Uploads with Average Upload Speed 500Kb/s" value 15000 timestamp 1732502299000
system_critical_total with labels component="container_orchestrator",technology="aks",severity="CRITICAL",event_type="aks The AKS Container Orchestrator Experiences 5 Pod Crashes Due to Insufficient Resources and Successfully Deployed 2500 Pods in Total Reboot" value 5 timestamp 1732502299000
system_error_total with labels component="load_balancer",technology="haproxy",severity="ERROR",event_type="haproxy The Haproxy Load Balancer Experiences 32 Connection Resets Due to Inbound Traffic Overload and Successfully Handled 8000 Incoming Connections in Total Reboot" value 32 timestamp 1732502299000
system_critical_total with labels component="database_connection_pool",technology="mariadb",severity="CRITICAL",event_type="mariadb The MariaDB Database Connection Pool Experiences 4 Maximum Connection Pool Exceeded Due to High Concurrent Queries and Successfully Established 5000 Connections in Total Reboot" value 4 timestamp 1732502299000
system_warning_total with labels component="load_balancer",technology="aws-elb",severity="WARN",event_type="aws-elb The AWS ELB Load Balancer Experiences 140 High CPU Utilization Due to Increased Incoming Traffic and Successfully Handled 9000 Incoming Requests in Total Reboot" value 140 timestamp 1732502299000
system_error_total with labels component="api_gateway",technology="kong",severity="ERROR",event_type="kong The Kong API Gateway Experiences 17 Rate Limit Exceeded Due to High API Traffic and Successfully Handled 12000 Incoming API Requests in Total Reboot" value 17 timestamp 1732502299000
system_info_total with labels component="cache_manager",technology="ehcache",severity="INFO",event_type="ehcache The EhCache Cache Manager Successfully Expired 812 Cache Entries Due to High Memory Usage and Successfully Stored 2500 Cache Entries in Total Reboot" value 812 timestamp 1732502299000
system_warning_total with labels component="cache_manager",technology="hazelcast",severity="WARN",event_type="hazelcast The Hazelcast Cache Manager Experiences 187 Cache Entries Expired Due to Inactivity and Successfully Stored 3000 Cache Entries in Total Reboot" value 187 timestamp 1732502299000
system_error_total with labels component="payment_processor",technology="stripe",severity="ERROR",event_type="stripe The Stripe Payment Processor Experiences 29 Payment Processing Errors Due to Insufficient Funds and Successfully Processed 1000 Payment Requests in Total Reboot" value 29 timestamp 1732502299000
system_critical_total with labels component="message_queue_consumer",technology="aws-sqs",severity="CRITICAL",event_type="aws-sqs The AWS SQS Message Queue Consumer Experiences 2 Message Delivery Failures Due to Invalid Message Formats and Successfully Consumed 5000 Messages in Total Reboot" value 2 timestamp 1732502299000
system_warning_total with labels component="metrics_collector",technology="dynatrace",severity="WARN",event_type="dynatrace The Dynatrace Metrics Collector Experiences 142 Metric Sampling Failures Due to Unavailable Monitors and Successfully Scanned 2000 Monitors in Total Reboot" value 142 timestamp 1732502299000
system_error_total with labels component="message_queue_consumer",technology="aws-sqs",severity="ERROR",event_type="aws-sqs The AWS SQS Message Queue Consumer Experiences 43 Message Dead Letter Queue Accumulations Due to Incomplete Message Processing and Successfully Consumed 15000 Messages in Total Reboot" value 43 timestamp 1732502299000
system_critical_total with labels component="container_orchestrator",technology="docker-swarm",severity="CRITICAL",event_type="docker-swarm The Docker Swarm Container Orchestrator Experiences 6 Service Restart Failures Due to Failed Node Rebooting and Successfully Restarted 300 Services in Total Reboot" value 6 timestamp 1732502299000
system_info_total with labels component="metrics_collector",technology="datadog",severity="INFO",event_type="datadog The Datadog Metrics Collector Successfully Loaded 187 Configuration Parameters and Successfully Scanned 500 Configuration File Regions in Total Reboot" value 187 timestamp 1732502299000
system_error_total with labels component="logging_aggregator",technology="elasticsearch",severity="ERROR",event_type="elasticsearch The Elasticsearch Logging Aggregator Experiences 27 Indexing Failures Due to Conflicting Log Message Formats and Successfully Indexed 8000 Log Messages in Total Reboot" value 27 timestamp 1732502299000
system_critical_total with labels component="payment_processor",technology="braintree",severity="CRITICAL",event_type="braintree The Braintree Payment Processor Experiences 2 Transaction Rejections Due to Invalid Credit Card Numbers and Successfully Processed 25000 Transactions in Total Reboot" value 2 timestamp 1732502299000
system_warning_total with labels component="logging_aggregator",technology="datadog",severity="WARN",event_type="datadog The Datadog Logging Aggregator Experiences 145 Configuration File Parsing Failures Due to Non-Standard Log Format and Successfully Loaded 12000 Configuration Parameters in Total Reboot" value 145 timestamp 1732502299000
system_info_total with labels component="cache_manager",technology="memcached",severity="INFO",event_type="memcached The Memcached Cache Manager Successfully Evicted 523 Cache Items Due to Expiration and Successfully Retrieved 12000 Cache Items in Total Reboot" value 523 timestamp 1732502299000
system_error_total with labels component="service_mesh",technology="istio",severity="ERROR",event_type="istio The Istio Service Mesh Experiences 32 Authentication Failures Due to Missing Service Credentials and Successfully Established 15000 Service Connections in Total Reboot" value 32 timestamp 1732502299000
system_critical_total with labels component="notification_service",technology="firebase",severity="CRITICAL",event_type="firebase The Firebase Notification Service Experiences 1 Unsent Notification Due to Missing Sender ID and Successfully Delivered 7500 Notifications in Total Reboot" value 1 timestamp 1732502299000
system_warning_total with labels component="metrics_collector",technology="dynatrace",severity="WARN",event_type="dynatrace The Dynatrace Metrics Collector Experiences 187 Data Inconsistencies Due to Incorrect Sampling Rates and Successfully Collected 8500 Metric Points in Total Reboot" value 187 timestamp 1732502299000
system_info_total with labels component="metrics_collector",technology="grafana",severity="INFO",event_type="grafana The Grafana Metrics Collector Successfully Loaded 351 New Dashboards and Successfully Retrieved 12000 Configuration Parameters in Total Reboot" value 351 timestamp 1732502299000
system_error_total with labels component="session_manager",technology="memcached",severity="ERROR",event_type="memcached The Memcached Session Manager Experiences 28 Cache Ttl Miscalculations Due to Incorrect Expiration Times and Successfully Stored 15000 User Sessions in Total Reboot" value 28 timestamp 1732502299000
system_critical_total with labels component="metrics_collector",technology="prometheus",severity="CRITICAL",event_type="prometheus The Prometheus Metrics Collector Experiences 3 Missing Scrape Interval Configurations and Successfully Scanned 9000 Metrics in Total Reboot" value 3 timestamp 1732502299000
system_warning_total with labels component="notification_service",technology="sendgrid",severity="WARN",event_type="sendgrid The Sendgrid Notification Service Experiences 145 Notification Delivery Failures Due to Invalid Addresses and Successfully Sent 7500 Notifications in Total Reboot" value 145 timestamp 1732502299000
system_info_total with labels component="load_balancer",technology="nginx",severity="INFO",event_type="nginx The Nginx Load Balancer Successfully Handled 12000 Incoming Requests and Maintained an Average Response Time of 50ms in Total Reboot" value 12000 timestamp 1732502299000
system_error_total with labels component="logging_aggregator",technology="datadog",severity="ERROR",event_type="datadog The Datadog Logging Aggregator Experiences 27 Service Discovery Errors Due to Inconsistent Environment Variables and Successfully Logged 6000 Events in Total Reboot" value 27 timestamp 1732502299000
system_critical_total with labels component="file_storage_handler",technology="minio",severity="CRITICAL",event_type="minio The Minio File Storage Handler Experiences 5 Corrupted Object Metadata and Successfully Stored 10000 Files in Total Reboot" value 5 timestamp 1732502299000
system_error_total with labels component="search_indexer",technology="meilisearch",severity="ERROR",event_type="meilisearch The Meilisearch Search Indexer Experiences 42 Indexing Failures Due to Duplicate Document Errors and Successfully Indexed 12000 Documents in Total Reboot" value 42 timestamp 1732502299000
system_warning_total with labels component="file_storage_handler",technology="gcs",severity="WARN",event_type="gcs The GCS File Storage Handler Experiences 145 Partial Write Failures Due to High Concurrent Requests and Successfully Stored 7500 Files in Total Reboot" value 145 timestamp 1732502299000
system_critical_total with labels component="container_orchestrator",technology="kubernetes",severity="CRITICAL",event_type="kubernetes The Kubernetes Container Orchestrator Experiences 3 Pod Disappearance Due to Insufficient Coredns Configuration and Successfully Restarted 500 Pods in Total Reboot" value 3 timestamp 1732502299000
system_info_total with labels component="authentication_service",technology="oauth2",severity="INFO",event_type="oauth2 The OAuth2 Authentication Service Experiences 523 Successful Token Validations for 10000 Users and Successfully Issued 20000 Access Tokens in Total Reboot" value 523 timestamp 1732502299000
system_error_total with labels component="logging_aggregator",technology="fluentd",severity="ERROR",event_type="fluentd The Fluentd Logging Aggregator Experiences 27 Log Buffer Overflows Due to Excessive Log Data and Successfully Processed 10000 Log Events in Total Reboot" value 27 timestamp 1732502299000
system_critical_total with labels component="cache_manager",technology="memcached",severity="CRITICAL",event_type="memcached The Memcached Cache Manager Experiences 5 Cache Data Losses Due to Insufficient Disk Space and Successfully Recovered 200 Cache Entries in Total Reboot" value 5 timestamp 1732502299000
system_warning_total with labels component="payment_processor",technology="paypal",severity="WARN",event_type="paypal The PayPal Payment Processor Experiences 145 High Transaction Latencies Due to High Network Traffic and Successfully Processed 5000 Payment Transactions in Total Reboot" value 145 timestamp 1732502299000
system_critical_total with labels component="cache_manager",technology="memcached",severity="CRITICAL",event_type="memcached The Memcached Cache Manager Experiences 3 Cache Data Corruption Issues Due to Software Configuration and Successfully Recovered 100 Cache Entries in Total Reboot" value 3 timestamp 1732502299000
system_error_total with labels component="container_orchestrator",technology="aks",severity="ERROR",event_type="aks The AKS Container Orchestrator Experiences 27 Node Disconnections Due to Insufficient Networking Resources and Successfully Reconnected 500 Nodes in Total Reboot" value 27 timestamp 1732502299000
system_info_total with labels component="load_balancer",technology="haproxy",severity="INFO",event_type="haproxy The HAPROXY Load Balancer Experiences 523 Successful Server Connections in the Last Minute and Successfully Redirected 1000 Client Requests in Total Reboot" value 523 timestamp 1732502299000
system_warning_total with labels component="service_mesh",technology="linkerd",severity="WARN",event_type="linkerd The Linkerd Service Mesh Experiences 145 Service Mesh Routing Issues Due to High CPU Utilization and Successfully Recovered 500 Service Mesh Connections in Total Reboot" value 145 timestamp 1732502299000
system_critical_total with labels component="payment_processor",technology="square",severity="CRITICAL",event_type="square The Square Payment Processor Experiences 3 High Failure Rates Due to Insufficient Network Connections and Successfully Processed 1000 Payment Transactions in Total Reboot" value 3 timestamp 1732502299000
system_error_total with labels component="metrics_collector",technology="newrelic",severity="ERROR",event_type="newrelic The New Relic Metrics Collector Experiences 27 Failed Metrics Scans Due to Inconsistent Data Retrieval and Successfully Collected 500 Metric Samples in Total Reboot" value 27 timestamp 1732502299000
system_error_total with labels component="payment_processor",technology="square",severity="ERROR",event_type="square The Square Payment Processor Experiences 27 High Failure Rates Due to Inconsistent Card Information and Successfully Processed 750 Payment Transactions in Total Reboot" value 27 timestamp 1732502299000
system_critical_total with labels component="file_storage_handler",technology="minio",severity="CRITICAL",event_type="minio The Minio File Storage Handler Experiences 3 Persistent Disk Full Conditions Due to Inadequate Disk Space and Successfully Recovered 1000 File Writes in Total Reboot" value 3 timestamp 1732502299000
system_critical_total with labels component="service_mesh",technology="kuma",severity="CRITICAL",event_type="kuma The Kuma Service Mesh Experiences 4 Service Mesh Misconfiguration Conditions Due to Incorrect Service Discovery and Successfully Recovered 2000 Service Mesh Requests in Total Reboot" value 4 timestamp 1732502299000
system_error_total with labels component="payment_processor",technology="square",severity="ERROR",event_type="square The Square Payment Processor Experiences 32 High Failure Rates Due to Insufficient Available Funds and Successfully Processed 1200 Payment Transactions in Total Reboot" value 32 timestamp 1732502299000
system_warning_total with labels component="session_manager",technology="infinispan",severity="WARN",event_type="infinispan The Infinispan Session Manager Experiences 142 High Cache Eviction Rates Due to Inadequate Cache Size and Successfully Evicted 6000 Session Objects in Total Reboot" value 142 timestamp 1732502299000
system_info_total with labels component="search_indexer",technology="meilisearch",severity="INFO",event_type="meilisearch The Meilisearch Search Indexer Successfully Processed 850 Search Queries and Added 3000 New Documents to the Index in Total Reboot" value 850 timestamp 1732502299000
system_error_total with labels component="payment_processor",technology="stripe",severity="ERROR",event_type="stripe The Stripe Payment Processor Experiences 28 Card Validation Errors Due to Incomplete Card Information and Successfully Processed 1100 Payment Transactions in Total Reboot" value 28 timestamp 1732502299000
system_warning_total with labels component="load_balancer",technology="nginx",severity="WARN",event_type="nginx The Nginx Load Balancer Experiences 123 High Connection Drops Due to Insufficient Available Resources and Successfully Handled 3000 Client Connections in Total Reboot" value 123 timestamp 1732502299000
system_critical_total with labels component="session_manager",technology="redis",severity="CRITICAL",event_type="redis The Redis Session Manager Experiences 4 Data Corruption Errors Due to Inadequate Cache Expiration Settings and Successfully Evicted 1500 Session Objects in Total Reboot" value 4 timestamp 1732502299000
system_error_total with labels component="notification_service",technology="twilio",severity="ERROR",event_type="twilio The Twilio Notification Service Experiences 15 SMS Delivery Failures Due to Invalid Phone Numbers and Successfully Delivered 400 SMS Messages in Total Reboot" value 15 timestamp 1732502299000
system_info_total with labels component="logging_aggregator",technology="datadog",severity="INFO",event_type="datadog The Datadog Logging Aggregator Successfully Indexing 800 New Log Events from 10 Datasets and Triggered 250 Alerts in Total Reboot" value 800 timestamp 1732502299000
system_warning_total with labels component="api_gateway",technology="traefik",severity="WARN",event_type="traefik The Traefik API Gateway Experiences 56 Slow Route Processing Times Due to Insufficient Route Configuration Updates and Successfully Handled 1500 API Requests in Total Reboot" value 56 timestamp 1732502299000
system_critical_total with labels component="service_mesh",technology="linkerd",severity="CRITICAL",event_type="linkerd The Linkerd Service Mesh Experiences 2 Service Disconnections Due to Incompatible Proxy Configuration and Successfully Reestablished 1200 Service Connections in Total Reboot" value 2 timestamp 1732502299000
system_info_total with labels component="logging_aggregator",technology="datadog",severity="INFO",event_type="datadog The Datadog Logging Aggregator Successfully Cleared 650 Cache Entries and Triggered 300 Configuration Updates in Total Reboot" value 650 timestamp 1732502299000
system_critical_total with labels component="notification_service",technology="smtp",severity="CRITICAL",event_type="smtp The SMTP Notification Service Experiences 3 Email Bounces Due to Invalid Recipient Addresses and Successfully Sent 850 Emails in Total Reboot" value 3 timestamp 1732502299000
system_error_total with labels component="file_storage_handler",technology="gcs",severity="ERROR",event_type="gcs The GCS File Storage Handler Experiences 27 Object Retrieval Failures Due to Insufficient Storage Space and Successfully Retrieved 1200 Files in Total Reboot" value 27 timestamp 1732502299000
system_warning_total with labels component="metrics_collector",technology="prometheus",severity="WARN",event_type="prometheus The Prometheus Metrics Collector Experiences 20 Sample Rate Skewness Due to High Traffic and Successfully Scanned 1500 Metrics in Total Reboot" value 20 timestamp 1732502299000
system_critical_total with labels component="database_connection_pool",technology="mysql",severity="CRITICAL",event_type="mysql The MySQL Database Connection Pool Experiences 4 Connection Pool Dedications Due to Inefficient Query Optimizations and Successfully Reconnected 900 Connections in Total Reboot" value 4 timestamp 1732502299000
system_info_total with labels component="search_indexer",technology="algolia",severity="INFO",event_type="algolia The Algolia Search Indexer Successfully Indexed 500 Documents and Triggered 1200 Full Text Search Queries in Total Reboot" value 500 timestamp 1732502299000
system_error_total with labels component="logging_aggregator",technology="datadog",severity="ERROR",event_type="datadog The Datadog Logging Aggregator Experiences 32 Log Message Concatenation Failures Due to Truncated Log Data and Successfully Aggregated 800 Log Entries in Total Reboot" value 32 timestamp 1732502299000
system_critical_total with labels component="message_queue_consumer",technology="kafka",severity="CRITICAL",event_type="kafka The Kafka Message Queue Consumer Experiences 3 Offset Corrections Due to Uncommitted Acknowledgments and Successfully Corrected 850 Offsets in Total Reboot" value 3 timestamp 1732502299000
system_critical_total with labels component="cache_manager",technology="hazelcast",severity="CRITICAL",event_type="hazelcast The Hazelcast Cache Manager Experiences 5 Cache Clusters Disconnections Due to Network Congestion and Successfully Reconnected 1200 Cache Cluster Nodes in Total Reboot" value 5 timestamp 1732502299000
system_error_total with labels component="notification_service",technology="sendgrid",severity="ERROR",event_type="sendgrid The Sendgrid Notification Service Experiences 27 Invalid Email Address Lookups Due to Non-Existent Recipients and Successfully Delivered 800 Emails in Total Reboot" value 27 timestamp 1732502299000
system_warning_total with labels component="cache_manager",technology="ehcache",severity="WARN",event_type="ehcache The Ehcache Cache Manager Experiences 145 Disk Space Exhaustions Due to Insufficient Available Disk Space and Successfully Expanded Cache to 750 MB in Total Reboot" value 145 timestamp 1732502299000
system_error_total with labels component="message_queue_consumer",technology="aws-sqs",severity="ERROR",event_type="aws-sqs The AWS SQS Message Queue Consumer Experiences 27 Queue Lock Contention Errors Due to Inconsistent Locking Mechanisms and Successfully Resolved 800 Queue Locks in Total Reboot" value 27 timestamp 1732502299000
system_info_total with labels component="search_indexer",technology="meilisearch",severity="INFO",event_type="meilisearch The Meilisearch Search Indexer Successfully Indexes 523 New Documents with Relevant Metadata and Refreshes 800 Documents in Total Rebuild" value 523 timestamp 1732502299000
system_error_total with labels component="message_queue_consumer",technology="aws-sqs",severity="ERROR",event_type="aws-sqs The AWS SQS Message Queue Consumer Experiences 31 Delayed Queue Entries Due to Network Congestion and Successfully Requeues 700 Entries in Total Reboot" value 31 timestamp 1732502299000
system_critical_total with labels component="metrics_collector",technology="prometheus",severity="CRITICAL",event_type="prometheus The Prometheus Metrics Collector Fails to Gather 4 Metrics from the Node Due to Incorrect Exporter Configuration and Resolves 12 Metrics in Total Reboot" value 4 timestamp 1732502299000
system_warning_total with labels component="database_connection_pool",technology="mongodb",severity="WARN",event_type="mongodb The MongoDB Database Connection Pool Experiences 187 High Wait Times Due to Blocking Operations and Successfully Resolves 500 Wait Times in Total Reboot" value 187 timestamp 1732502299000
system_error_total with labels component="search_indexer",technology="algolia",severity="ERROR",event_type="algolia The Algolia Search Indexer Fails to Index 32 Documents Due to Incorrect Search Syntax and Successfully Indexes 750 Documents in Total Reboot" value 32 timestamp 1732502299000
system_critical_total with labels component="payment_processor",technology="adyen",severity="CRITICAL",event_type="adyen The Adyen Payment Processor Experiences 3 Failed Payment Transactions Due to Insufficient Funds and Successfully Processes 120 Payment Transactions in Total Reboot" value 3 timestamp 1732502299000
system_info_total with labels component="payment_processor",technology="braintree",severity="INFO",event_type="braintree The Braintree Payment Processor Notifies 452 Successful Payment Transactions Due to Validated Card Information and 145 Payment Failures in Total Reboot" value 452 timestamp 1732502299000
system_critical_total with labels component="session_manager",technology="jwt",severity="CRITICAL",event_type="jwt The JWT Session Manager Fails to Generate 5 Tokens Due to Expiration of Token Signing Key and Successfully Generates 250 Tokens in Total Reboot" value 5 timestamp 1732502299000
system_error_total with labels component="session_manager",technology="infinispan",severity="ERROR",event_type="infinispan The Infinispan Session Manager Experiences 27 Cache Entry Inconsistencies Due to Inconsistent Cache Clustering and Successfully Resolves 750 Cache Entry Inconsistencies in Total Reboot" value 27 timestamp 1732502299000
system_warning_total with labels component="api_gateway",technology="apache",severity="WARN",event_type="apache The Apache API Gateway Logs 145 High-Volume HTTP Requests Due to Excessive Usage of /api/endpoint1 and Successfully Processes 2500 HTTP Requests in Total Reboot" value 145 timestamp 1732502299000
system_info_total with labels component="metrics_collector",technology="prometheus",severity="INFO",event_type="prometheus The Prometheus Metrics Collector Successfully Scrapes 523 Scrape Intervals from 10 Targets in Total Reboot" value 523 timestamp 1732502299000
system_error_total with labels component="logging_aggregator",technology="splunk",severity="ERROR",event_type="splunk The Splunk Logging Aggregator Fails to Index 27 Log Events Due to Network Connection Loss and Successfully Indexes 750 Log Events in Total Reboot" value 27 timestamp 1732502299000
system_warning_total with labels component="file_storage_handler",technology="minio",severity="WARN",event_type="minio The Minio File Storage Handler Experiences 145 Unhandled PUT Requests Due to Incorrect S3 Bucket Policy and Successfully Handles 2500 PUT Requests in Total Reboot" value 145 timestamp 1732502299000
system_critical_total with labels component="cache_manager",technology="memcached",severity="CRITICAL",event_type="memcached The Memcached Cache Manager Experiences 3 Cache Entry Inconsistencies Due to Misconfigured TTL and Successfully Resolves 9 Cache Entry Inconsistencies in Total Reboot" value 3 timestamp 1732502299000
system_error_total with labels component="cache_manager",technology="redis",severity="ERROR",event_type="redis The Redis Cache Manager Fails to Evict 27 Cache Entries Due to Misconfigured LRU Policy and Successfully Evicts 50 Cache Entries in Total Reboot" value 27 timestamp 1732502299000
system_critical_total with labels component="service_mesh",technology="envoy",severity="CRITICAL",event_type="envoy The Envoy Service Mesh Gateway Experiences 4 Service Disconnections Due to Misconfigured TLS Configuration and Successfully Reconnects 8 Service Connections in Total Reboot" value 4 timestamp 1732502299000
system_info_total with labels component="metrics_collector",technology="datadog",severity="INFO",event_type="datadog The Datadog Metrics Collector Successfully Sends 513 Metrics to Datadog for 500 Seconds of Service Time" value 513 timestamp 1732502299000
system_warning_total with labels component="notification_service",technology="sendgrid",severity="WARN",event_type="sendgrid The SendGrid Notification Service Experiences 187 Unsent Emails Due to Misconfigured SMTP Configuration and Successfully Sends 175 Emails in Total" value 187 timestamp 1732502299000
system_error_total with labels component="search_indexer",technology="opensearch",severity="ERROR",event_type="opensearch The OpenSearch Indexer Fails to Rebalance 43 Index Segments Due to Insufficient RAM Allocation and Successfully Rebalances 92 Index Segments in Total" value 43 timestamp 1732502299000
system_critical_total with labels component="message_queue_consumer",technology="aws-sqs",severity="CRITICAL",event_type="aws-sqs The AWS SQS Message Queue Consumer Experiences 9 Dead Letter Queue Entries Due to Incomplete Message Processing and Successfully Processes 51 Messages in Total" value 9 timestamp 1732502299000
system_info_total with labels component="service_mesh",technology="consul",severity="INFO",event_type="consul The Consul Service Mesh Gateway Successfully Resolves 817 Service Instances in Total After 3 Minutes of Service Time" value 817 timestamp 1732502299000
system_error_total with labels component="container_orchestrator",technology="aks",severity="ERROR",event_type="aks The AKS Container Orchestrator Fails to Create 23 Pod Groups Due to Insufficient Networking Configuration and Successfully Creates 45 Pod Groups in Total" value 23 timestamp 1732502299000
system_warning_total with labels component="file_storage_handler",technology="azure-blob",severity="WARN",event_type="azure-blob The Azure Blob Storage File Handler Experiences 135 Blob Storage Operations with Failed Copy Requests and Successfully Processes 560 Blob Storage Operations in Total" value 135 timestamp 1732502299000
system_critical_total with labels component="payment_processor",technology="braintree",severity="CRITICAL",event_type="braintree The Braintree Payment Processor Experiences 2 Failed Payment Transactions Due to Insufficient Funds and Successfully Processes 120 Payment Transactions in Total" value 2 timestamp 1732502299000
system_error_total with labels component="logging_aggregator",technology="datadog",severity="ERROR",event_type="datadog The Datadog Logging Aggregator Fails to Send 41 Log Events to Datadog Due to Network Connectivity Issues and Successfully Sends 150 Log Events in Total" value 41 timestamp 1732502299000
system_warning_total with labels component="session_manager",technology="infinispan",severity="WARN",event_type="infinispan The Infinispan Session Manager Experiences 187 Cache Updates with Failed Eviction Policies and Successfully Updates 1000 Cache Entries in Total" value 187 timestamp 1732502299000
system_info_total with labels component="service_mesh",technology="kuma",severity="INFO",event_type="kuma The Kuma Service Mesh Successfully Establishes 852 Service Ingress Rules and Registers 1200 Service Instances" value 852 timestamp 1732502299000
system_critical_total with labels component="search_indexer",technology="elasticsearch",severity="CRITICAL",event_type="elasticsearch The Elasticsearch Search Indexer Fails to Reindex 35 Documents Due to Index Size Exceeding 1 GB and Successfully Reindexes 850 Documents in Total" value 35 timestamp 1732502299000
system_error_total with labels component="service_mesh",technology="consul",severity="ERROR",event_type="consul The Consul Service Mesh Experiences 22 Service Registration Failures Due to Insufficient Consensus Quorum and Successfully Registers 120 Service Instances in Total" value 22 timestamp 1732502299000
system_warning_total with labels component="notification_service",technology="twilio",severity="WARN",event_type="twilio The Twilio Notification Service Fails to Send 123 SMS Notifications Due to Rate Limit Exceeded and Successfully Sends 750 SMS Notifications in Total" value 123 timestamp 1732502299000
system_critical_total with labels component="database_connection_pool",technology="oracle",severity="CRITICAL",event_type="oracle The Oracle Database Connection Pool Experiences 9 Persistent Connection Failures Due to Insufficient Authentication Credentials and Successfully Establishes 800 Database Connections in Total" value 9 timestamp 1732502299000
system_error_total with labels component="api_gateway",technology="traefik",severity="ERROR",event_type="traefik The Traefik API Gateway Experiences 38 Invalid Request Parsing Failures Due to Malformed JSON Payloads and Successfully Parses 1500 API Requests in Total" value 38 timestamp 1732502299000
system_info_total with labels component="search_indexer",technology="meilisearch",severity="INFO",event_type="meilisearch The Meilisearch Search Indexer Successfully Updates 850 Documents in the Index and Enters Maintenance Mode After Index Size Exceeds 2 GB" value 850 timestamp 1732502299000
system_critical_total with labels component="container_orchestrator",technology="ecs",severity="CRITICAL",event_type="ecs The Amazon ECS Container Orchestrator Experiences 5 Container Launch Failures Due to Incompatible Docker Images and Successfully Launches 420 Containers in Total" value 5 timestamp 1732502299000
system_error_total with labels component="api_gateway",technology="envoy",severity="ERROR",event_type="envoy The Envoy API Gateway Experiences 25 Connection Dropping Failures Due to Inadequate Health Checks and Successfully Routes 1000 API Requests in Total" value 25 timestamp 1732502299000
system_warning_total with labels component="metrics_collector",technology="grafana",severity="WARN",event_type="grafana The Grafana Metrics Collector Experiences 137 High CPU Utilization Periods During Data Retrieval and Successfully Collects 2500 Metrics in Total" value 137 timestamp 1732502299000
system_info_total with labels component="notification_service",technology="sendgrid",severity="INFO",event_type="sendgrid The SendGrid Notification Service Successfully Sends 500 Emails to Subscribers and Experiences 0 Bounced or Rejected Emails" value 500 timestamp 1732502299000
system_critical_total with labels component="payment_processor",technology="stripe",severity="CRITICAL",event_type="stripe The Stripe Payment Processor Experiences 3 Payment Processing Failures Due to Insufficient Funds and Successfully Processes 420 Payment Requests in Total" value 3 timestamp 1732502299000
system_error_total with labels component="session_manager",technology="jwt",severity="ERROR",event_type="jwt The JWT Session Manager Experiences 12 Token Expiration Failures Due to Incompatible Signature Algorithms and Successfully Manages 1000 User Sessions in Total" value 12 timestamp 1732502299000
system_warning_total with labels component="authentication_service",technology="okta",severity="WARN",event_type="okta The Okta Authentication Service Experiences 75 Failed Login Attempts from Suspicious IP Addresses and Successfully Authenticates 8000 Users in Total" value 75 timestamp 1732502299000
system_critical_total with labels component="authentication_service",technology="oauth2",severity="CRITICAL",event_type="oauth2 The OAuth2 Authentication Service Experiences 5 Invalid Token Renewals Due to Excessive Refresh Token Usage and Successfully Authenticates 25000 Users in Total" value 5 timestamp 1732502299000
system_info_total with labels component="logging_aggregator",technology="splunk",severity="INFO",event_type="splunk The Splunk Logging Aggregator Successfully Indexes 1200 Log Events from Various Sources and Experiences No Data Loss or Corrupted Data" value 1200 timestamp 1732502299000
system_error_total with labels component="authentication_service",technology="okta",severity="ERROR",event_type="okta The Okta Authentication Service Experiences 28 Failed Attempts to Authenticate a User with an Invalid Username and Successfully Authenticates 9000 Users in Total" value 28 timestamp 1732502299000
system_critical_total with labels component="metrics_collector",technology="prometheus",severity="CRITICAL",event_type="prometheus The Prometheus Metrics Collector Experiences 4 Unhandled Scraping Exceptions from Unhealthy Targets and Successfully Scrapes 15000 Metrics in Total" value 4 timestamp 1732502299000
system_warning_total with labels component="container_orchestrator",technology="docker-swarm",severity="WARN",event_type="docker-swarm The Docker Swarm Container Orchestrator Experiences 187 High-Priority Tasks that Are Being Delayed Due to Network Congestion and Successfully Executes 4500 Tasks in Total" value 187 timestamp 1732502299000
system_error_total with labels component="authentication_service",technology="keycloak",severity="ERROR",event_type="keycloak The Keycloak Authentication Service Experiences 23 Failed Attempt to Authenticate a User with an Invalid Client ID and Successfully Authenticates 9500 Users in Total" value 23 timestamp 1732502299000
system_critical_total with labels component="cache_manager",technology="hazelcast",severity="CRITICAL",event_type="hazelcast The Hazelcast Cache Manager Experiences 2 Critical Cache Evictions Due to Memory Pressure and Successfully Evicts 1000 Cache Items in Total" value 2 timestamp 1732502299000
system_info_total with labels component="notification_service",technology="smtp",severity="INFO",event_type="smtp The SMTP Notification Service Successfully Sends 2100 Notification Emails to 100 Subscribers and Receives 20 Invalid Email Addresses in Total" value 2100 timestamp 1732502299000
system_warning_total with labels component="api_gateway",technology="apache",severity="WARN",event_type="apache The Apache HTTP Server Gateway Experiences 151 High-Traffic Requests per Second Due to Increased Server Load and Successfully Handles 12000 Concurrent Connections in Total" value 151 timestamp 1732502299000
system_error_total with labels component="database_connection_pool",technology="mariadb",severity="ERROR",event_type="mariadb The MariaDB Connection Pool Experiences 14 Failed Connection Attempts Due to Incorrect Username and Successfully Opens 8000 Database Connections in Total" value 14 timestamp 1732502299000
system_critical_total with labels component="logging_aggregator",technology="elasticsearch",severity="CRITICAL",event_type="elasticsearch The Elasticsearch Logging Aggregator Experiences 5 Failed Index Operations Due to Insufficient Disk Space and Successfully Indexes 3000 Log Events in Total" value 5 timestamp 1732502299000
system_info_total with labels component="notification_service",technology="firebase",severity="INFO",event_type="firebase The Firebase Notification Service Successfully Sends 1800 Notification Emails to 90 Subscribers and Receives 10 Invalid Email Addresses in Total" value 1800 timestamp 1732502299000
system_critical_total with labels component="database_connection_pool",technology="mongodb",severity="CRITICAL",event_type="mongodb The MongoDB Connection Pool Experiences 4 Failed Connection Attempts Due to Network Unavailability and Successfully Opens 2500 Database Connections in Total" value 4 timestamp 1732502299000
system_error_total with labels component="authentication_service",technology="auth0",severity="ERROR",event_type="auth0 The Auth0 Authentication Service Experiences 23 Failed Login Attempts Due to Expired Tokens and Successfully Authenticates 12000 Users in Total" value 23 timestamp 1732502299000
system_warning_total with labels component="logging_aggregator",technology="fluentd",severity="WARN",event_type="fluentd The Fluentd Logging Aggregator Experiences 185 High-Volume Log Events Due to Inadequate Buffering and Successfully Processes 9000 Log Events in Total" value 185 timestamp 1732502299000
system_error_total with labels component="authentication_service",technology="keycloak",severity="ERROR",event_type="keycloak The Keycloak Authentication Service Experiences 17 Failed Login Attempts Due to Incorrect Credentials and Successfully Authenticates 9000 Users in Total" value 17 timestamp 1732502299000
system_critical_total with labels component="database_connection_pool",technology="postgres",severity="CRITICAL",event_type="postgres The PostgreSQL Connection Pool Experiences 3 Failed Connection Attempts Due to Deadlock Situations and Successfully Opens 2500 Database Connections in Total" value 3 timestamp 1732502299000
system_info_total with labels component="cache_manager",technology="hazelcast",severity="INFO",event_type="hazelcast The Hazelcast Cache Manager Successfully Caches 1234 Keys in Total and Evicts 987 Expired Cache Entries" value 1234 timestamp 1732502299000
system_warning_total with labels component="api_gateway",technology="apache",severity="WARN",event_type="apache The Apache HTTP Server Experiences 75 High-Volume GET Requests Due to Inadequate Server Configuration and Successfully Handles 3000 API Requests in Total" value 75 timestamp 1732502299000
system_critical_total with labels component="database_connection_pool",technology="postgres",severity="CRITICAL",event_type="postgres The PostgreSQL Connection Pool Experiences 9 Failed Connection Attempts Due to Network Partition and Successfully Opens 200 Database Connections in Total" value 9 timestamp 1732502299000
system_error_total with labels component="notification_service",technology="smtp",severity="ERROR",event_type="smtp The SMTP Notification Service Experiences 32 Failed Authentication Attempts Due to Weak Password Hashing and Successfully Sends 1000 Notification Emails in Total" value 32 timestamp 1732502299000
system_info_total with labels component="metrics_collector",technology="datadog",severity="INFO",event_type="datadog The Datadog Metrics Collector Successfully Collects 1456 Metrics from 50 Applications and Uploads 1200 Data Points to Datadog in Total" value 1456 timestamp 1732502299000
system_critical_total with labels component="session_manager",technology="memcached",severity="CRITICAL",event_type="memcached The Memcached Session Manager Experiences 7 Failed Cache Hits Due to Expired Keys and Successfully Stores 200 Session Data Points in Total" value 7 timestamp 1732502299000
system_error_total with labels component="message_queue_consumer",technology="azure-servicebus",severity="ERROR",event_type="azure-servicebus The Azure Service Bus Message Queue Consumer Experiences 43 Failed Message Processing Attempts Due to Insufficient Message Priority and Successfully Consumes 1000 Messages in Total" value 43 timestamp 1732502299000
system_warning_total with labels component="authentication_service",technology="auth0",severity="WARN",event_type="auth0 The Auth0 Authentication Service Experiences 189 Failed Login Attempts Due to Incorrect Passwords and Successfully Authenticates 5000 Users in Total" value 189 timestamp 1732502299000
system_info_total with labels component="payment_processor",technology="adyen",severity="INFO",event_type="adyen The Adyen Payment Processor Successfully Processes 875 Payment Transactions with a Success Rate of 99.5% and Handles 500 Rejected Transactions in Total" value 875 timestamp 1732502299000
system_critical_total with labels component="database_connection_pool",technology="oracle",severity="CRITICAL",event_type="oracle The Oracle Database Connection Pool Experiences 3 Concurrent Connection Failures Due to Insufficient Pool Sizes and Successfully Opens 200 Connections in Total" value 3 timestamp 1732502299000
system_error_total with labels component="payment_processor",technology="paypal",severity="ERROR",event_type="paypal The Paypal Payment Processor Experiences 32 Payment Transactions with Rejected Responses Due to Invalid Payment Methods and Successfully Processes 4500 Payments with Valid Payment Methods in Total" value 32 timestamp 1732502299000
system_critical_total with labels component="database_connection_pool",technology="oracle",severity="CRITICAL",event_type="oracle The Oracle Database Connection Pool Experiences 7 Concurrent Connection Failures Due to Invalid Credentails and Successfully Opens 250 Connections in Total" value 7 timestamp 1732502299000
system_warning_total with labels component="database_connection_pool",technology="postgres",severity="WARN",event_type="postgres The Postgres Database Connection Pool Experiences 142 Concurrent Connection Failures Due to Connection Pool Exhaustion and Successfully Opens 1000 Connections in Total" value 142 timestamp 1732502299000
system_error_total with labels component="payment_processor",technology="paypal",severity="ERROR",event_type="paypal The Paypal Payment Processor Experiences 23 Payment Transactions with Authentication Errors Due to Expired Certificates and Successfully Processes 4800 Payments with Valid Authentication in Total" value 23 timestamp 1732502299000
system_info_total with labels component="search_indexer",technology="elasticsearch",severity="INFO",event_type="elasticsearch The Elasticsearch Search Indexer Successfully Indexes 1200 Documents and Experiences 500 Search Requests Due to Incorrect Query Parsing and Retrieves 8000 Relevant Results in Total" value 1200 timestamp 1732502299000
system_critical_total with labels component="service_mesh",technology="consul",severity="CRITICAL",event_type="consul The Consul Service Mesh Experiences 9 Concurrent Service Discovery Failures Due to Insufficient Consul Servers and Successfully Registers 3500 Services in Total" value 9 timestamp 1732502299000
system_error_total with labels component="payment_processor",technology="stripe",severity="ERROR",event_type="stripe The Stripe Payment Processor Experiences 37 Payment Transactions with Payment Method Expirations and Successfully Processes 4500 Payments with Valid Payment Methods in Total" value 37 timestamp 1732502299000
system_info_total with labels component="logging_aggregator",technology="datadog",severity="INFO",event_type="datadog The Datadog Logging Aggregator Successfully Logs 1800 Logs and Experiences 800 Log Processing Failures Due to Incorrect Log Formats and Sends 1000 Logs to Datadog in Total" value 1800 timestamp 1732502299000
system_critical_total with labels component="database_connection_pool",technology="mysql",severity="CRITICAL",event_type="mysql The MySQL Database Connection Pool Experiences 2 Concurrent Connection Failures Due to Insufficient Database Credentials and Successfully Establishes 4000 Connections in Total" value 2 timestamp 1732502299000
system_error_total with labels component="authentication_service",technology="oauth2",severity="ERROR",event_type="oauth2 The OAuth2 Authentication Service Experiences 12 Token Validation Failures Due to Expired Tokens and Successfully Authenticates 3000 Users with Valid Credentials in Total" value 12 timestamp 1732502299000
system_warning_total with labels component="container_orchestrator",technology="nomad",severity="WARN",event_type="nomad The Nomad Container Orchestrator Experiences 150 Task Failures Due to Insufficient Resources and Successfully Launches 2500 Containers with Available Resources in Total" value 150 timestamp 1732502299000
system_critical_total with labels component="authentication_service",technology="jwt",severity="CRITICAL",event_type="jwt The JWT Authentication Service Experiences 5 Token Signature Verification Failures Due to Mismatched Header Claims and Successfully Authenticates 2500 Users with Valid Credentials in Total" value 5 timestamp 1732502299000
system_info_total with labels component="logging_aggregator",technology="fluentd",severity="INFO",event_type="fluentd The Fluentd Logging Aggregator Successfully Processes 12000 Log Events from Multiple Sources and Experiences 500 Buffer Overflows Due to Insufficient Memory Allocation" value 500 timestamp 1732502299000
system_error_total with labels component="database_connection_pool",technology="oracle",severity="ERROR",event_type="oracle The Oracle Database Connection Pool Experiences 35 Connection Establishment Failures Due to Outdated Driver Version and Successfully Connects 2700 Databases with Valid Credentials in Total" value 35 timestamp 1732502299000
system_warning_total with labels component="cache_manager",technology="hazelcast",severity="WARN",event_type="hazelcast The Hazelcast Cache Manager Experiences 180 Cache Eviction Failures Due to Inconsistent Cache Configuration and Successfully Evicts 12000 Expired Cache Items in Total" value 180 timestamp 1732502299000
system_critical_total with labels component="database_connection_pool",technology="mysql",severity="CRITICAL",event_type="mysql The MySQL Database Connection Pool Experiences 7 Connection Reset Failures Due to Corrupted Query Results and Successfully Connects 2800 Databases with Valid Credentials in Total" value 7 timestamp 1732502299000
system_info_total with labels component="session_manager",technology="memcached",severity="INFO",event_type="memcached The Memcached Session Manager Successfully Stores 15000 User Sessions with Valid Expiration Times and Experiences 250 Cache Hits Due to Inconsistent Session Data" value 250 timestamp 1732502299000
system_error_total with labels component="cache_manager",technology="memcached",severity="ERROR",event_type="memcached The Memcached Cache Manager Experiences 42 Cache Write Failures Due to Insufficient Memory Allocation and Successfully Writes 10000 Cache Items in Total" value 42 timestamp 1732502299000
system_critical_total with labels component="notification_service",technology="ses",severity="CRITICAL",event_type="ses The Amazon SES Notification Service Experiences 9 Delivery Failures Due to Invalid SourceARNs and Successfully Sends 2400 Notification Emails in Total" value 9 timestamp 1732502299000
system_critical_total with labels component="payment_processor",technology="square",severity="CRITICAL",event_type="square The Square Payment Processor Experiences 3 Card Validation Failures Due to Insufficient Funds and Successfully Processes 1800 Successful Transactions in Total" value 3 timestamp 1732502299000
system_warning_total with labels component="metrics_collector",technology="newrelic",severity="WARN",event_type="newrelic The New Relic Metrics Collector Experiences 187 High Memory Usage Events Due to Inefficient Data Aggregation and Successfully Collects 9500 Metrics in Total" value 187 timestamp 1732502299000
system_info_total with labels component="metrics_collector",technology="prometheus",severity="INFO",event_type="prometheus The Prometheus Metrics Collector Successfully Loads 1300 Configuration Files from the Configuration Directory and Experiences 0 Retries Due to Inconsistent Configuration Data" value 0 timestamp 1732502299000
system_error_total with labels component="service_mesh",technology="linkerd",severity="ERROR",event_type="linkerd The Linkerd Service Mesh Experiences 23 Retransmissions of Unacked HTTP Requests Due to Incorrectly Configured Sidecar Proxy and Successfully Processes 10000 Requests in Total" value 23 timestamp 1732502299000
system_critical_total with labels component="database_connection_pool",technology="mongodb",severity="CRITICAL",event_type="mongodb The MongoDB Connection Pool Experiences 4 Connection Refusals Due to Insufficient Readable Slabs and Successfully Accepts 8000 Connections in Total" value 4 timestamp 1732502299000
system_warning_total with labels component="session_manager",technology="redis",severity="WARN",event_type="redis The Redis Session Manager Experiences 121 Expired Session Keys Due to Inadequate Session Timeout Configuration and Successfully Expired 3000 Session Keys in Total" value 121 timestamp 1732502299000
system_info_total with labels component="api_gateway",technology="envoy",severity="INFO",event_type="envoy The Envoy API Gateway Successfully Routes 12000 HTTP Requests to Backend Services and Experiences 0 Route Rejections Due to Inconsistent Service Configurations" value 0 timestamp 1732502299000
system_error_total with labels component="load_balancer",technology="haproxy",severity="ERROR",event_type="haproxy The HAProxy Load Balancer Experiences 43 Connection Drops Due to Incorrectly Configured Session Persistence and Successfully Accepts 8500 Connections in Total" value 43 timestamp 1732502299000
system_critical_total with labels component="cache_manager",technology="memcached",severity="CRITICAL",event_type="memcached The Memcached Cache Manager Experiences 2 Cache Ties Due to Incompatible Data Structures and Successfully Clears 1500 Cache Entries in Total" value 2 timestamp 1732502299000
system_warning_total with labels component="api_gateway",technology="traefik",severity="WARN",event_type="traefik The Traefik API Gateway Experiences 67 Route Refusals Due to Missing SSL Certificates and Successfully Routes 9900 HTTP Requests to Backend Services in Total" value 67 timestamp 1732502299000
system_info_total with labels component="authentication_service",technology="jwt",severity="INFO",event_type="jwt The JWT Authentication Service Successfully Generates 1200 Tokens and Verifies 8000 Tokens in Total" value 1200 timestamp 1732502299000
system_error_total with labels component="service_mesh",technology="consul",severity="ERROR",event_type="consul The Consul Service Mesh Experiences 12 Service Registration Failures Due to Incompatible Service Discovery Protocols and Successfully Registers 800 Services in Total" value 12 timestamp 1732502299000
system_critical_total with labels component="message_queue_consumer",technology="aws-sqs",severity="CRITICAL",event_type="aws-sqs The AWS-SQS Message Queue Consumer Experiences 4 Message Processing Failures Due to Insufficient IAM Permissions and Successfully Processes 12000 Messages in Total" value 4 timestamp 1732502299000
system_info_total with labels component="logging_aggregator",technology="datadog",severity="INFO",event_type="datadog The Datadog Logging Aggregator Successfully Collects 1000 Log Entries and Sends 8000 Log Events to Data Plane in Total" value 1000 timestamp 1732502299000
system_error_total with labels component="notification_service",technology="sendgrid",severity="ERROR",event_type="sendgrid The SendGrid Notification Service Experiences 25 Email Sending Failures Due to Misconfigured Email Addresses and Successfully Sends 7500 Emails in Total" value 25 timestamp 1732502299000
system_warning_total with labels component="message_queue_consumer",technology="activemq",severity="WARN",event_type="activemq The ActiveMQ Message Queue Consumer Experiences 150 Message Delays Due to Network Congestion and Successfully Processes 9500 Messages in Total" value 150 timestamp 1732502299000
system_critical_total with labels component="file_storage_handler",technology="minio",severity="CRITICAL",event_type="minio The Minio File Storage Handler Experiences 3 Storage Bucket Access Failures Due to Insufficient Storage Capacity and Successfully Stores 12000 Files in Total" value 3 timestamp 1732502299000
system_error_total with labels component="session_manager",technology="jwt",severity="ERROR",event_type="jwt The JWT Session Manager Experiences 32 Token Signing Failures Due to Expired Keys and Successfully Signs 8000 Tokens in Total" value 32 timestamp 1732502299000
system_critical_total with labels component="notification_service",technology="firebase",severity="CRITICAL",event_type="firebase The Firebase Notification Service Experiences 4 Cloud Function Authentication Failures Due to Invalid Credentials and Successfully Sends 15000 Notifications in Total" value 4 timestamp 1732502299000
system_warning_total with labels component="cache_manager",technology="ehcache",severity="WARN",event_type="ehcache The EhCache Cache Manager Experiences 180 Cache Eviction Due to High Memory Pressure and Successfully Stores 5000 Cache Entries in Total" value 180 timestamp 1732502299000
system_warning_total with labels component="cache_manager",technology="memcached",severity="WARN",event_type="memcached The Memcached Cache Manager Experiences 237 Cache Misses Due to Invalid Cache Keys and Successfully Stores 3500 Cache Entries in Total" value 237 timestamp 1732502299000
system_info_total with labels component="container_orchestrator",technology="kubernetes",severity="INFO",event_type="kubernetes The Kubernetes Container Orchestrator Successfully Creates 1200 New Pods in Total" value 1200 timestamp 1732502299000
system_info_total with labels component="metrics_collector",technology="newrelic",severity="INFO",event_type="newrelic The New Relic Metrics Collector Successfully Collects 8000 Metric Data Points in Total" value 8000 timestamp 1732502299000
system_error_total with labels component="logging_aggregator",technology="loki",severity="ERROR",event_type="loki The Loki Logging Aggregator Experiences 32 Serialization Failures Due to Insufficient Memory and Successfully Receives 12000 Log Events in Total" value 32 timestamp 1732502299000
system_critical_total with labels component="notification_service",technology="firebase",severity="CRITICAL",event_type="firebase The Firebase Notification Service Experiences 3 Failed Delivery Attempts Due to Invalid Push Tokens and Successfully Delivers 1500 Notification Messages in Total" value 3 timestamp 1732502299000
system_error_total with labels component="notification_service",technology="twilio",severity="ERROR",event_type="twilio The Twilio Notification Service Experiences 23 Sending Failures Due to Non-Existent Phone Numbers and Successfully Sends 10000 Notification Messages in Total" value 23 timestamp 1732502299000
system_critical_total with labels component="payment_processor",technology="braintree",severity="CRITICAL",event_type="braintree The Braintree Payment Processor Experiences 2 Failed Transactions Due to Insufficient Funds and Successfully Processes 800 Payment Transactions in Total" value 2 timestamp 1732502299000
system_warning_total with labels component="search_indexer",technology="meilisearch",severity="WARN",event_type="meilisearch The Meilisearch Search Indexer Experiences 50 Repeated Errors While Updating Indexes Due to Network Connectivity Issues, but Successfully Indexes 8000 Documents in Total" value 50 timestamp 1732502299000
system_info_total with labels component="file_storage_handler",technology="nfs",severity="INFO",event_type="nfs The NFS File Storage Handler Experiences 523 Successful File Access Requests and Transfers 12000 Files in Total" value 523 timestamp 1732502299000
system_error_total with labels component="container_orchestrator",technology="docker-swarm",severity="ERROR",event_type="docker-swarm The Docker Swarm Container Orchestrator Experiences 27 Service Restart Requests Due to Container Crashes, but Successfully Deploys 100 Containers in Total" value 27 timestamp 1732502299000
system_critical_total with labels component="service_mesh",technology="istio",severity="CRITICAL",event_type="istio The Istio Service Mesh Experiences 3 Service Disruptions Due to Insecure Traffic and Successfully Routes 900 Traffic Requests in Total" value 3 timestamp 1732502299000
system_warning_total with labels component="message_queue_consumer",technology="aws-sqs",severity="WARN",event_type="aws-sqs The AWS SQS Message Queue Consumer Experiences 145 Retries Due to Failed Message Processing, but Successfully Processes 5000 Messages in Total" value 145 timestamp 1732502299000
system_info_total with labels component="logging_aggregator",technology="elasticsearch",severity="INFO",event_type="elasticsearch The Elasticsearch Logging Aggregator Successfully Indices 1000 Logs and Transfers 5000 Events to the Elasticsearch Cluster" value 1000 timestamp 1732502299000
system_error_total with labels component="api_gateway",technology="envoy",severity="ERROR",event_type="envoy The Envoy API Gateway Experiences 27 Failed Requests Due to Incompatible Protocol Versions, but Successfully Routes 2000 Requests in Total" value 27 timestamp 1732502299000
system_critical_total with labels component="file_storage_handler",technology="azure-blob",severity="CRITICAL",event_type="azure-blob The Azure Blob Storage File Handler Experiences 3 Service Disruptions Due to Unexpected Cache Evictions, but Successfully Handles 9000 File Uploads in Total" value 3 timestamp 1732502299000
system_warning_total with labels component="session_manager",technology="hazelcast",severity="WARN",event_type="hazelcast The Hazelcast Session Manager Experiences 145 High Memory Usage Issues, but Successfully Manages 5000 Active Sessions in Total" value 145 timestamp 1732502299000
system_info_total with labels component="metrics_collector",technology="datadog",severity="INFO",event_type="datadog The Datadog Metrics Collector Successfully Sends 1000 Metric Updates to the Datadog Service and Handles 5000 Queries in Total" value 1000 timestamp 1732502299000
system_error_total with labels component="notification_service",technology="sendgrid",severity="ERROR",event_type="sendgrid The SendGrid Notification Service Experiences 27 Failed Email Sends Due to Unavailable SMTP Servers, but Successfully Sends 2000 Notifications in Total" value 27 timestamp 1732502299000
system_warning_total with labels component="cache_manager",technology="redis",severity="WARN",event_type="redis The Redis Cache Manager Experiences 145 Cache Evictions Due to High Memory Usage, but Successfully Provides 5000 Cache Hits in Total" value 145 timestamp 1732502299000
system_critical_total with labels component="logging_aggregator",technology="datadog",severity="CRITICAL",event_type="datadog The Datadog Logging Aggregator Experiences 3 Critical Logs Due to Incompatible Log Format, but Successfully Processes 9000 Logs in Total" value 3 timestamp 1732502299000
system_critical_total with labels component="search_indexer",technology="meilisearch",severity="CRITICAL",event_type="meilisearch The MeiliSearch Indexer Experiences 2 Critical Indexing Errors Due to Duplicate Documents, but Successfully Indexes 4000 Documents in Total" value 2 timestamp 1732502299000
system_error_total with labels component="payment_processor",technology="adyen",severity="ERROR",event_type="adyen The Adyen Payment Processor Experiences 32 Failed Payment Attempts Due to Invalid Card Numbers, but Successfully Processes 2000 Payments in Total" value 32 timestamp 1732502299000
system_info_total with labels component="logging_aggregator",technology="splunk",severity="INFO",event_type="splunk The Splunk Logging Aggregator Successfully Loads 500 New Log Entries from the Indexer" value 500 timestamp 1732502299000
system_warning_total with labels component="service_mesh",technology="istio",severity="WARN",event_type="istio The Istio Service Mesh Experiences 185 Traffic Routing Issues Due to Incorrect Service Names, but Successfully Processes 5500 Traffic Requests in Total" value 185 timestamp 1732502299000
system_warning_total with labels component="cache_manager",technology="memcached",severity="WARN",event_type="memcached The Memcached Cache Manager Experiences 278 Cache Expire Events Due to Inconsistent Ttl Values, but Successfully Processes 12000 Cache Lookups in Total" value 278 timestamp 1732502299000
system_error_total with labels component="api_gateway",technology="traefik",severity="ERROR",event_type="traefik The Traefik API Gateway Experiences 43 Failed Health Checks Due to Incorrect Server Certificates, but Successfully Processes 9000 API Requests in Total" value 43 timestamp 1732502299000
system_critical_total with labels component="container_orchestrator",technology="nomad",severity="CRITICAL",event_type="nomad The Nomad Job Scheduler Fails to Launch 7 Critical Containers Due to Insufficient CPU Resources, and a total of 32 critical failures occurred" value 32 timestamp 1732502299000
system_error_total with labels component="search_indexer",technology="solr",severity="ERROR",event_type="solr The Solr Search Indexer Experiences 67 Failed Indexing Operations Due to Inconsistent Field Data Types, but Successfully Processes 8000 Searches in Total" value 67 timestamp 1732502299000
system_critical_total with labels component="service_mesh",technology="kuma",severity="CRITICAL",event_type="kuma The Kuma Service Mesh Detects 19 Critical Security Vulnerabilities in 5 Service Instances, and 3 critical incidents were reported" value 19 timestamp 1732502299000
system_error_total with labels component="session_manager",technology="memcached",severity="ERROR",event_type="memcached The Memcached Session Manager Experiences 38 Failed Session Expire Operations Due to Inconsistent TTL Values, but Successfully Processes 11000 Session Lookups in Total" value 38 timestamp 1732502299000
system_warning_total with labels component="logging_aggregator",technology="fluentd",severity="WARN",event_type="fluentd The Fluentd Logging Aggregator Reports 142 High Memory Usage Events Due to Insufficient Buffer Space, and 875 low-memory events were successfully processed" value 142 timestamp 1732502299000
system_error_total with labels component="api_gateway",technology="kong",severity="ERROR",event_type="kong The Kong API Gateway Experiences 32 Failed Authentication Requests Due to Invalid API Keys, but Successfully Processes 80000 API Requests in Total" value 32 timestamp 1732502299000
system_info_total with labels component="database_connection_pool",technology="mysql",severity="INFO",event_type="mysql The MySQL Database Connection Pool Reports 543 New Connections Established, and 275 connection errors were resolved without affecting application availability" value 543 timestamp 1732502299000
system_critical_total with labels component="database_connection_pool",technology="postgres",severity="CRITICAL",event_type="postgres The PostgreSQL Database Connection Pool Detects 7 Critical Configuration File Corruption, and 3 database instance restarts were performed to restore health" value 7 timestamp 1732502299000
system_warning_total with labels component="metrics_collector",technology="prometheus",severity="WARN",event_type="prometheus The Prometheus Metrics Collector Reports 118 High Memory Usage Events Due to Insufficient Available Memory, and 654 low-memory events were successfully scraped" value 118 timestamp 1732502299000
system_error_total with labels component="cache_manager",technology="redis",severity="ERROR",event_type="redis The Redis Cache Manager Experiences 41 Failed Cache Hits Due to Expiration, and 327 cache hits were successfully retrieved" value 41 timestamp 1732502299000
system_critical_total with labels component="message_queue_consumer",technology="activemq",severity="CRITICAL",event_type="activemq The ActiveMQ Message Queue Consumer Detects 9 Broker Crashes, and 17 message losses were reported due to broker instability" value 9 timestamp 1732502299000
system_info_total with labels component="load_balancer",technology="aws-elb",severity="INFO",event_type="aws-elb The AWS Elastic Load Balancer Successfully Routes 842 New Requests, and 312 invalid requests were handled by the load balancer" value 842 timestamp 1732502299000
system_error_total with labels component="load_balancer",technology="nginx",severity="ERROR",event_type="nginx The Nginx Load Balancer Experiences 37 Failed Connections Due to Inadequate Server Resources, and 621 connections were successfully established" value 37 timestamp 1732502299000
system_critical_total with labels component="session_manager",technology="redis",severity="CRITICAL",event_type="redis The Redis Session Manager Detects 3 Expired Sessions, and 7 concurrent sessions were detected with stale data" value 3 timestamp 1732502299000
system_warning_total with labels component="file_storage_handler",technology="minio",severity="WARN",event_type="minio The Minio File Storage Handler Experiences 123 File Downloads with Large Payloads, and 500 files were successfully uploaded with valid metadata" value 123 timestamp 1732502299000
system_info_total with labels component="metrics_collector",technology="prometheus",severity="INFO",event_type="prometheus The Prometheus Metrics Collector Successfully Scrapes 542 Active Metrics, and 217 metrics were detected as deprecated" value 542 timestamp 1732502299000
system_error_total with labels component="authentication_service",technology="jwt",severity="ERROR",event_type="jwt The JWT Authentication Service Fails to Validate 27 Invalid Tokens, and 1000 tokens were successfully validated with valid credentials" value 27 timestamp 1732502299000
system_critical_total with labels component="api_gateway",technology="traefik",severity="CRITICAL",event_type="traefik The Traefik API Gateway Detects 9 Insecure Schemes, and 500 API requests were blocked due to missing required headers" value 9 timestamp 1732502299000
system_warning_total with labels component="metrics_collector",technology="datadog",severity="WARN",event_type="datadog The Datadog Metrics Collector Experiences 150 Dropped Metric Queries, and 800 metrics were successfully queried with valid data" value 150 timestamp 1732502299000
system_critical_total with labels component="service_mesh",technology="consul",severity="CRITICAL",event_type="consul The Consul Service Mesh Discovers 4 Unhealthy Services, and 300 service calls were blocked due to service not found errors" value 4 timestamp 1732502299000
system_info_total with labels component="service_mesh",technology="linkerd",severity="INFO",event_type="linkerd The Linkerd Service Mesh Registers 500 New Services, and 250 service instances were successfully updated with new endpoint addresses" value 500 timestamp 1732502299000
system_warning_total with labels component="cache_manager",technology="hazelcast",severity="WARN",event_type="hazelcast The Hazelcast Cache Manager Experiences 120 Cache Evictions, and 800 cache operations were successfully executed with valid data" value 120 timestamp 1732502299000
system_critical_total with labels component="container_orchestrator",technology="aks",severity="CRITICAL",event_type="aks The AKS Container Orchestrator Detects 3 Failed Pod Rollouts, and 250 container restarts were triggered due to container runtime errors" value 3 timestamp 1732502299000
system_error_total with labels component="message_queue_consumer",technology="activemq",severity="ERROR",event_type="activemq The ActiveMQ Message Queue Consumer Experiences 35 Failed Message Consumptions, and 120 message requeues were initiated due to message corruption" value 35 timestamp 1732502299000
system_warning_total with labels component="api_gateway",technology="nginx",severity="WARN",event_type="nginx The Nginx API Gateway Receives 180 Failed Authentication Requests, and 500 requests were successfully authenticated with valid credentials" value 180 timestamp 1732502299000
system_info_total with labels component="api_gateway",technology="envoy",severity="INFO",event_type="envoy The Envoy API Gateway Registers 300 New Routes, and 1000 service instances were successfully updated with new endpoint addresses" value 300 timestamp 1732502299000
system_critical_total with labels component="container_orchestrator",technology="nomad",severity="CRITICAL",event_type="nomad The Nomad Container Orchestrator Detects 8 Failed Job Launches, and 500 job restarts were triggered due to job configuration errors" value 8 timestamp 1732502299000
system_error_total with labels component="metrics_collector",technology="dynatrace",severity="ERROR",event_type="dynatrace The Dynatrace Metrics Collector Experiences 27 Failed Data Fetching Attempts, and 12 metric updates were successfully pushed to the Dynatrace Monitoring Platform" value 27 timestamp 1732502299000
system_critical_total with labels component="api_gateway",technology="nginx",severity="CRITICAL",event_type="nginx The Nginx API Gateway Receives 10 Failed Connection Attempts due to invalid SSL/TLS Configuration, and 20 requests were blocked due to certificate revocation" value 10 timestamp 1732502299000
system_warning_total with labels component="notification_service",technology="twilio",severity="WARN",event_type="twilio The Twilio Notification Service Experiences 120 Failed SMS Sends due to Invalid Phone Numbers, and 500 SMS notifications were successfully sent to valid recipients" value 120 timestamp 1732502299000
system_info_total with labels component="logging_aggregator",technology="splunk",severity="INFO",event_type="splunk The Splunk Logging Aggregator Successfully Received 800 new log events from various sources, and 300 duplicate events were filtered out due to invalid log format" value 800 timestamp 1732502299000
system_error_total with labels component="notification_service",technology="twilio",severity="ERROR",event_type="twilio The Twilio Notification Service Experiences 50 Failed SMS Sends due to Rate Limiting, and 200 requests were rejected due to invalid phone numbers" value 50 timestamp 1732502299000
system_critical_total with labels component="payment_processor",technology="adyen",severity="CRITICAL",event_type="adyen The Adyen Payment Processor Receives 15 Failed Payment Transactions due to Expiration of Session Cookies, and 8 payment attempts were blocked due to IP address whitelisting" value 15 timestamp 1732502299000
system_warning_total with labels component="message_queue_consumer",technology="aws-sqs",severity="WARN",event_type="aws-sqs The AWS SQS Message Queue Consumer Experiences 350 Unacked Messages due to Connection Resets, and 150 requests were processed successfully within 10 seconds of receiving messages" value 350 timestamp 1732502299000
system_error_total with labels component="authentication_service",technology="oauth2",severity="ERROR",event_type="oauth2 The OAuth2 Authentication Service Experiences 27 Invalid Client Credentials due to Inconsistent Token Expiration, and 45 requests were blocked due to 429 Too Many Requests" value 27 timestamp 1732502299000
system_info_total with labels component="api_gateway",technology="kong",severity="INFO",event_type="kong The Kong API Gateway Successfully Handles 420 New API Requests within the last 10 minutes, and 120 requests were terminated due to invalid SSL/TLS certificates" value 420 timestamp 1732502299000
system_critical_total with labels component="message_queue_consumer",technology="azure-servicebus",severity="CRITICAL",event_type="azure-servicebus The Azure Service Bus Message Queue Consumer Receives 12 Failed Message Dequeue Operations due to Host Unavailability, and 8 message acknowledgments were required due to message rejections" value 12 timestamp 1732502299000
system_warning_total with labels component="cache_manager",technology="redis",severity="WARN",event_type="redis The Redis Cache Manager Experiences 187 High Memory Usage of 1.5 GB, and 52 requests were served successfully from the cache within the last 30 minutes" value 187 timestamp 1732502299000
system_info_total with labels component="metrics_collector",technology="datadog",severity="INFO",event_type="datadog The Datadog Metrics Collector Successfully Sends 950 Metrics to the Datadog Server within the last 10 minutes, and 150 requests were rejected due to invalid metric names" value 950 timestamp 1732502299000
system_error_total with labels component="message_queue_consumer",technology="aws-sqs",severity="ERROR",event_type="aws-sqs The AWS SQS Message Queue Consumer Experiences 32 Failed Message Dequeue Operations due to Permission Deny Errors, and 75 message acknowledgments were required due to duplicate message keys" value 32 timestamp 1732502299000
system_critical_total with labels component="session_manager",technology="jwt",severity="CRITICAL",event_type="jwt The JWT Session Manager Detects 5 Stale JWT Tokens, and 3 requests were rejected due to expired tokens" value 5 timestamp 1732502299000
system_info_total with labels component="service_mesh",technology="consul",severity="INFO",event_type="consul The Consul Service Mesh Successfully Initiates 450 Service Connections within the last 5 minutes, and 25 requests were rejected due to invalid service addresses" value 450 timestamp 1732502299000
system_warning_total with labels component="logging_aggregator",technology="datadog",severity="WARN",event_type="datadog The Datadog Logging Aggregator Experiences 137 Log Message Duplicates due to Duplicate Log Levels, and 80 requests were rejected due to invalid log formatting" value 137 timestamp 1732502299000
system_error_total with labels component="authentication_service",technology="auth0",severity="ERROR",event_type="auth0 The Auth0 Authentication Service Experiences 23 Failed Login Attempts due to Incorrect Credentials, and 51 requests were rejected due to missing authentication tokens" value 23 timestamp 1732502299000
system_critical_total with labels component="api_gateway",technology="kong",severity="CRITICAL",event_type="kong The Kong API Gateway Detects 8 Failed Rate Limit Exceeded Requests, and 4 requests were rejected due to invalid API keys" value 8 timestamp 1732502299000
system_info_total with labels component="cache_manager",technology="memcached",severity="INFO",event_type="memcached The Memcached Cache Manager Successfully Clears 250 Cache Entries, and 120 requests were rejected due to invalid cache keys" value 250 timestamp 1732502299000
system_error_total with labels component="load_balancer",technology="nginx",severity="ERROR",event_type="nginx The Nginx Load Balancer Experiences 36 Failed Health Check Requests, and 90 requests were rejected due to invalid server configurations" value 36 timestamp 1732502299000
system_critical_total with labels component="payment_processor",technology="adyen",severity="CRITICAL",event_type="adyen The Adyen Payment Processor Detects 2 Failed Payment Transactions, and 5 requests were rejected due to invalid payment tokens" value 2 timestamp 1732502299000
system_warning_total with labels component="notification_service",technology="firebase",severity="WARN",event_type="firebase The Firebase Notification Service Experiences 187 Failed Notifications, and 420 requests were rejected due to invalid push notification tokens" value 187 timestamp 1732502299000
system_error_total with labels component="payment_processor",technology="square",severity="ERROR",event_type="square The Square Payment Processor Experiences 22 Failed Authorizations, and 67 requests were rejected due to invalid card numbers" value 22 timestamp 1732502299000
system_info_total with labels component="session_manager",technology="redis",severity="INFO",event_type="redis The Redis Session Manager Expired 312 Session Cookies, and 145 requests were rejected due to invalid session IDs" value 312 timestamp 1732502299000
system_critical_total with labels component="search_indexer",technology="elasticsearch",severity="CRITICAL",event_type="elasticsearch The Elasticsearch Search Indexer Experiences 9 Failed Index Operations, and 37 requests were rejected due to invalid document formats" value 9 timestamp 1732502299000
system_error_total with labels component="metrics_collector",technology="grafana",severity="ERROR",event_type="grafana The Grafana Metrics Collector Experiences 43 Failed Data Retrieval, and 119 requests were rejected due to invalid query formats" value 43 timestamp 1732502299000
system_warning_total with labels component="service_mesh",technology="consul",severity="WARN",event_type="consul The Consul Service Mesh Experiences 187 Service Disconnections, and 552 requests were rejected due to invalid service registrations" value 187 timestamp 1732502299000
system_info_total with labels component="logging_aggregator",technology="datadog",severity="INFO",event_type="datadog The Datadog Logging Aggregator Successfully Retrieved 842 Log Events, and 351 requests were processed without errors" value 842 timestamp 1732502299000
system_error_total with labels component="message_queue_consumer",technology="kafka",severity="ERROR",event_type="kafka The Kafka Message Queue Consumer Experiences 23 Consumer Offset Errors, and 118 requests were rejected due to invalid message formats" value 23 timestamp 1732502299000
system_info_total with labels component="notification_service",technology="ses",severity="INFO",event_type="ses The SES Notification Service Successfully Sent 901 Notifications, and 425 requests were processed without errors" value 901 timestamp 1732502299000
system_critical_total with labels component="message_queue_consumer",technology="aws-sqs",severity="CRITICAL",event_type="aws-sqs The AWS SQS Message Queue Consumer Experiences 7 Message Size Errors, and 32 requests were rejected due to unavailable queues" value 7 timestamp 1732502299000
system_warning_total with labels component="authentication_service",technology="oauth2",severity="WARN",event_type="oauth2 The OAuth2 Authentication Service Experiences 154 Invalid Token Requests, and 278 requests were processed without authentication errors" value 154 timestamp 1732502299000
system_error_total with labels component="logging_aggregator",technology="fluentd",severity="ERROR",event_type="fluentd The Fluentd Logging Aggregator Experiences 19 Buffer Overflow Errors, and 67 requests were rejected due to invalid log formats" value 19 timestamp 1732502299000
system_critical_total with labels component="notification_service",technology="firebase",severity="CRITICAL",event_type="firebase The Firebase Notification Service Experiences 2 Service Errors, and 17 requests were rejected due to invalid payload formats" value 2 timestamp 1732502299000
system_error_total with labels component="payment_processor",technology="paypal",severity="ERROR",event_type="paypal The PayPal Payment Processor Experiences 43 Invalid Payment Requests, and 129 requests were rejected due to insufficient funds" value 43 timestamp 1732502299000
system_info_total with labels component="logging_aggregator",technology="splunk",severity="INFO",event_type="splunk The Splunk Logging Aggregator Processes 823 Log Events Successfully, and 421 events were indexed without errors" value 823 timestamp 1732502299000
system_critical_total with labels component="session_manager",technology="hazelcast",severity="CRITICAL",event_type="hazelcast The Hazelcast Session Manager Experiences 1 In-Memory Datastore Failure, and 7 requests were rejected due to invalid session tokens" value 1 timestamp 1732502299000
system_warning_total with labels component="logging_aggregator",technology="fluentd",severity="WARN",event_type="fluentd The Fluentd Logging Aggregator Experiences 275 Buffer Overflows, and 93 requests were delayed due to high memory usage" value 275 timestamp 1732502299000
system_error_total with labels component="session_manager",technology="jwt",severity="ERROR",event_type="jwt The JWT Session Manager Experiences 32 Expired Tokens, and 118 requests were rejected due to invalid authentication" value 32 timestamp 1732502299000
system_critical_total with labels component="message_queue_consumer",technology="rabbitmq",severity="CRITICAL",event_type="rabbitmq The RabbitMQ Message Queue Consumer Experiences 2 Connection Losses, and 9 messages were lost due to channel shutdown" value 2 timestamp 1732502299000
system_info_total with labels component="database_connection_pool",technology="postgres",severity="INFO",event_type="postgres The Postgres Database Connection Pool Experiences 421 Connections Established Successfully, and 132 connections are currently idle" value 421 timestamp 1732502299000
system_error_total with labels component="logging_aggregator",technology="fluentd",severity="ERROR",event_type="fluentd The Fluentd Logging Aggregator Experiences 46 Buffer Overflows, and 201 requests were delayed due to disk space low" value 46 timestamp 1732502299000
system_warning_total with labels component="container_orchestrator",technology="nomad",severity="WARN",event_type="nomad The Nomad Container Orchestrator Experiences 117 Pods Scheduled Successfully, and 23 pods experienced high CPU usage" value 117 timestamp 1732502299000
system_critical_total with labels component="container_orchestrator",technology="nomad",severity="CRITICAL",event_type="nomad The Nomad Container Orchestrator Experiences 3 Service Failures, and 8 tasks were terminated due to resource constraints" value 3 timestamp 1732502299000
system_info_total with labels component="metrics_collector",technology="prometheus",severity="INFO",event_type="prometheus The Prometheus Metrics Collector Experiences 823 scrape successes, and 117 scrape failures due to bad gateway" value 823 timestamp 1732502299000
system_critical_total with labels component="database_connection_pool",technology="postgres",severity="CRITICAL",event_type="postgres The Postgres Database Connection Pool Experiences 9 connection timeouts, and 7 connections are currently idle" value 9 timestamp 1732502299000
system_error_total with labels component="payment_processor",technology="square",severity="ERROR",event_type="square The Square Payment Processor Experiences 23 failed payments due to invalid card numbers, and 12 payments were rejected due to insufficient funds" value 23 timestamp 1732502299000
system_warning_total with labels component="cache_manager",technology="hazelcast",severity="WARN",event_type="hazelcast The Hazelcast Cache Manager Experiences 145 cache eviction warnings due to high memory usage, and 98 cache put failures due to expired keys" value 145 timestamp 1732502299000
system_info_total with labels component="search_indexer",technology="algolia",severity="INFO",event_type="algolia The Algolia Search Indexer Experiences 523 index updates, and 117 index refreshes due to low latency" value 523 timestamp 1732502299000
system_warning_total with labels component="logging_aggregator",technology="fluentd",severity="WARN",event_type="fluentd The Fluentd Logging Aggregator Experiences 27 log processing warnings due to disk space issues, and 98 log messages are being discarded due to rotation limits" value 27 timestamp 1732502299000
system_info_total with labels component="notification_service",technology="aws_ses",severity="INFO",event_type="aws_ses The AWS SES Notification Service Experiences 982 notification sends, and 421 notification fails due to invalid sender IDs" value 982 timestamp 1732502299000
system_critical_total with labels component="message_queue_consumer",technology="azure_servicebus",severity="CRITICAL",event_type="azure_servicebus The Azure Service Bus Message Queue Consumer Experiences 5 message processing failures due to expired session tokens, and 3 message sends are being retried due to queue full errors" value 5 timestamp 1732502299000
system_error_total with labels component="notification_service",technology="firebase_cloud_messaging",severity="ERROR",event_type="firebase_cloud_messaging The Firebase Cloud Messaging Notification Service Experiences 27 message sending errors due to invalid topic subscriptions, and 19 message sends are being retried due to network connectivity issues" value 27 timestamp 1732502299000
system_critical_total with labels component="database_connection_pool",technology="mariadb",severity="CRITICAL",event_type="mariadb The MariaDB Database Connection Pool Experiences 3 connection failures due to idle timeout, and 2 connection attempts are being retried due to network partition errors" value 3 timestamp 1732502299000
system_info_total with labels component="payment_processor",technology="braintree",severity="INFO",event_type="braintree The Braintree Payment Processor Experiences 421 successful payment transactions, and 219 payment failures are being retried due to insufficient funds" value 421 timestamp 1732502299000
system_error_total with labels component="container_orchestrator",technology="aws_ecs",severity="ERROR",event_type="aws_ecs The AWS ECS Container Orchestrator Experiences 12 container startup failures due to insufficient security group rules, and 85 container restarts are being attempted due to network connectivity issues" value 12 timestamp 1732502299000
system_warning_total with labels component="container_orchestrator",technology="kubernetes",severity="WARN",event_type="kubernetes The Kubernetes Container Orchestrator Experiences 142 pod restarts due to high CPU utilization, and 237 pod updates are being attempted due to deprecated API calls" value 142 timestamp 1732502299000
system_critical_total with labels component="container_orchestrator",technology="nomad",severity="CRITICAL",event_type="nomad The Nomad Job Executor Experiences 4 job failures due to insufficient disk space, and 2 job requeues are being attempted due to network partition errors" value 4 timestamp 1732502299000
system_error_total with labels component="file_storage_handler",technology="azure-blob",severity="ERROR",event_type="azure-blob The Azure Blob Storage Handler Experiences 31 file upload failures due to corrupted data, and 42 file downloads are being retried due to network connectivity issues" value 31 timestamp 1732502299000
system_critical_total with labels component="container_orchestrator",technology="docker-swarm",severity="CRITICAL",event_type="docker-swarm The Docker Swarm Container Orchestrator Experiences 9 task failures due to insufficient resources, and 4 task restarts are being attempted due to node unavailability" value 9 timestamp 1732502299000
system_info_total with labels component="authentication_service",technology="jwt",severity="INFO",event_type="jwt The JWT Authentication Service Experiences 437 successful authentication requests, and 123 authentication failures are being handled due to expired tokens" value 437 timestamp 1732502299000
system_error_total with labels component="container_orchestrator",technology="aks",severity="ERROR",event_type="aks The AKS Container Orchestrator Experiences 17 pod restarts due to network policy issues, and 29 pod updates are being retried due to resource allocation errors" value 17 timestamp 1732502299000
system_warning_total with labels component="cache_manager",technology="hazelcast",severity="WARN",event_type="hazelcast The Hazelcast Cache Manager Experiences 187 cache evictions due to high memory usage, and 56 cache updates are being delayed due to network congestion" value 187 timestamp 1732502299000
system_critical_total with labels component="container_orchestrator",technology="aks",severity="CRITICAL",event_type="aks The AKS Container Orchestrator Experiences 23 pod crashes due to disk space issues, and 4 node restarts are being initiated due to security group configuration errors" value 23 timestamp 1732502299000
system_info_total with labels component="cache_manager",technology="hazelcast",severity="INFO",event_type="hazelcast The Hazelcast Cache Manager Experiences 542 cache hits, and 217 cache misses are being handled due to cache size rebalancing" value 542 timestamp 1732502299000
system_error_total with labels component="logging_aggregator",technology="datadog",severity="ERROR",event_type="datadog The Datadog Logging Aggregator Experiences 12 log aggregation failures due to invalid log message formats, and 38 log updates are being retried due to connection timeouts" value 12 timestamp 1732502299000
system_critical_total with labels component="search_indexer",technology="elasticsearch",severity="CRITICAL",event_type="elasticsearch The Elasticsearch Search Indexer Experiences 9 index creation failures due to duplicate document IDs, and 2 node restarts are being initiated due to index shard imbalances" value 9 timestamp 1732502299000
system_warning_total with labels component="container_orchestrator",technology="nomad",severity="WARN",event_type="nomad The Nomad Container Orchestrator Experiences 95 container restarts due to resource constraints, and 23 container updates are being delayed due to network latency issues" value 95 timestamp 1732502299000
system_error_total with labels component="database_connection_pool",technology="oracle",severity="ERROR",event_type="oracle The Oracle Database Connection Pool Experiences 31 connection timeouts due to insufficient idle connections, and 17 database query failures are being retried due to invalid SQL syntax" value 31 timestamp 1732502299000
system_critical_total with labels component="database_connection_pool",technology="postgres",severity="CRITICAL",event_type="postgres The Postgres Database Connection Pool Experiences 7 connection deadlocks due to insufficient locking, and 12 database query failures are being retried due to dead table locks" value 7 timestamp 1732502299000
system_warning_total with labels component="load_balancer",technology="traefik",severity="WARN",event_type="traefik The Traefik Load Balancer Experiences 128 service registrations with invalid SSL certificates, and 42 incoming requests are being rejected due to invalid host headers" value 128 timestamp 1732502299000
system_info_total with labels component="database_connection_pool",technology="mongodb",severity="INFO",event_type="mongodb The MongoDB Database Connection Pool Experiences 502 client disconnections due to server restarts, and 135 database query results are being cached" value 502 timestamp 1732502299000
system_error_total with labels component="logging_aggregator",technology="elasticsearch",severity="ERROR",event_type="elasticsearch The Elasticsearch Logging Aggregator Experiences 29 log messages with invalid JSON format, and 17 log messages are being retried due to network packet loss" value 29 timestamp 1732502299000
system_critical_total with labels component="load_balancer",technology="nginx",severity="CRITICAL",event_type="nginx The Nginx Load Balancer Experiences 14 incoming requests with HTTP 502 Bad Gateway errors due to upstream server failure, and 28 service registrations are being retried due to certificate validation issues" value 14 timestamp 1732502299000
system_warning_total with labels component="notification_service",technology="firebase",severity="WARN",event_type="firebase The Firebase Notification Service Experiences 97 notifications with invalid notification formats, and 32 notifications are being resent due to subscription updates" value 97 timestamp 1732502299000
system_critical_total with labels component="metrics_collector",technology="dynatrace",severity="CRITICAL",event_type="dynatrace The Dynatrace Metrics Collector Experiences 13 incoming metric requests with missing metric keys, and 28 metric updates are being retried due to server-side authentication issues" value 13 timestamp 1732502299000
system_error_total with labels component="logging_aggregator",technology="datadog",severity="ERROR",event_type="datadog The Datadog Logging Aggregator Experiences 23 log messages with invalid log formatting, and 12 log messages are being retried due to log forwarding issues" value 23 timestamp 1732502299000
system_warning_total with labels component="database_connection_pool",technology="mysql",severity="WARN",event_type="mysql The MySQL Database Connection Pool Experiences 156 connections with high wait times, and 23 connections are being closed due to idle timeouts" value 156 timestamp 1732502299000
system_critical_total with labels component="authentication_service",technology="keycloak",severity="CRITICAL",event_type="keycloak The Keycloak Authentication Service Experiences 5 incoming authentication requests with invalid credentials, and 12 authentication attempts are being retried due to server-side rate limiting" value 5 timestamp 1732502299000
system_error_total with labels component="notification_service",technology="sendgrid",severity="ERROR",event_type="sendgrid The SendGrid Notification Service Experiences 27 failed notification sends, and 15 notification sends are being retried due to SMTP connection issues" value 27 timestamp 1732502299000
system_info_total with labels component="metrics_collector",technology="dynatrace",severity="INFO",event_type="dynatrace The Dynatrace Metrics Collector Experiences 423 incoming metric requests, and 145 metrics are being updated due to new data availability" value 423 timestamp 1732502299000
system_warning_total with labels component="logging_aggregator",technology="fluentd",severity="WARN",event_type="fluentd The Fluentd Logging Aggregator Experiences 187 log messages with invalid log formatting, and 98 log messages are being buffered due to disk space limitations" value 187 timestamp 1732502299000
system_critical_total with labels component="file_storage_handler",technology="nfs",severity="CRITICAL",event_type="nfs The NFS File Storage Handler Experiences 3 concurrent file writes with high latency, and 9 file writes are being retried due to server-side locking issues" value 3 timestamp 1732502299000
system_critical_total with labels component="authentication_service",technology="keycloak",severity="CRITICAL",event_type="keycloak The Keycloak Authentication Service Experiences 2 concurrent login attempts with invalid credentials, and 8 authentication attempts are being retried due to server-side rate limiting" value 2 timestamp 1732502299000
system_error_total with labels component="file_storage_handler",technology="minio",severity="ERROR",event_type="minio The Minio File Storage Handler Experiences 12 bucket uploads with corrupted file metadata, and 32 file uploads are being retried due to server-side checksum verification issues" value 12 timestamp 1732502299000
system_warning_total with labels component="load_balancer",technology="haproxy",severity="WARN",event_type="haproxy The HAPROXY Load Balancer Experiences 54 concurrent connections with high latency, and 27 connections are being rate limited due to excessive traffic from a single client" value 54 timestamp 1732502299000
system_info_total with labels component="container_orchestrator",technology="kubernetes",severity="INFO",event_type="kubernetes The Kubernetes Container Orchestrator Successfully deployed 421 new pods to the cluster" value 421 timestamp 1732502299000
system_error_total with labels component="authentication_service",technology="keycloak",severity="ERROR",event_type="keycloak The Keycloak Authentication Service Experiences 5 authentication failures due to invalid user credentials for 3 users, and 8 password reset requests are being processed in the background" value 13 timestamp 1732502299000
system_critical_total with labels component="container_orchestrator",technology="ecs",severity="CRITICAL",event_type="ecs The AWS ECS Container Orchestrator Experiences 7 tasks with failed container restarts due to insufficient disk space, and 12 tasks are being rescheduled for retry" value 7 timestamp 1732502299000
system_warning_total with labels component="payment_processor",technology="stripe",severity="WARN",event_type="stripe The Stripe Payment Processor Experiences 97 failed chargebacks due to insufficient funds, and 42 chargebacks are being processed in the background" value 97 timestamp 1732502299000
system_info_total with labels component="notification_service",technology="twilio",severity="INFO",event_type="twilio The Twilio Notification Service Successfully sent 421 SMS notifications to 234 subscribers, with an average delivery rate of 99.5%" value 421 timestamp 1732502299000
system_error_total with labels component="session_manager",technology="infinispan",severity="ERROR",event_type="infinispan The Infinispan Session Manager Experiences 31 cache eviction events due to expired sessions, and 17 cache invalidations are being processed in the background" value 31 timestamp 1732502299000
system_critical_total with labels component="authentication_service",technology="auth0",severity="CRITICAL",event_type="auth0 The Auth0 Authentication Service Experiences 9 failed login attempts from blocked IP addresses, and 12 users are being locked out for excessive login attempts" value 9 timestamp 1732502299000
system_critical_total with labels component="container_orchestrator",technology="aks",severity="CRITICAL",event_type="aks The AKS Container Orchestrator Experiences 5 pod crashes due to insufficient CPU resources, and 8 pods are being rescheduled for retry" value 5 timestamp 1732502299000
system_error_total with labels component="database_connection_pool",technology="mariadb",severity="ERROR",event_type="mariadb The MariaDB Connection Pool Experiences 23 connection timeouts, and 41 database connection errors due to invalid SQL syntax" value 23 timestamp 1732502299000
system_warning_total with labels component="container_orchestrator",technology="ecs",severity="WARN",event_type="ecs The ECS Container Orchestrator Experiences 187 tasks being delayed due to insufficient CPU resources, and 23 containers are being throttled for excessive memory usage" value 187 timestamp 1732502299000
system_warning_total with labels component="api_gateway",technology="traefik",severity="WARN",event_type="traefik The Traefik API Gateway Experiences 145 incoming requests with invalid SSL certificates, and 27 routes are being redirected due to mismatched hostnames" value 145 timestamp 1732502299000
system_info_total with labels component="container_orchestrator",technology="nomad",severity="INFO",event_type="nomad The Nomad Container Orchestrator Experiences 523 successful task assignments, and 219 pods are being scaled due to changes in workload demand" value 523 timestamp 1732502299000
system_error_total with labels component="database_connection_pool",technology="mongodb",severity="ERROR",event_type="mongodb The MongoDB Connection Pool Experiences 31 connection failures due to invalid authentication credentials, and 19 database queries are being retried due to temporary data inconsistencies" value 31 timestamp 1732502299000
system_critical_total with labels component="search_indexer",technology="meilisearch",severity="CRITICAL",event_type="meilisearch The Meilisearch Search Indexer Experiences 2 severe index corruption errors, and 1 query is being halted due to unindexed field usage" value 2 timestamp 1732502299000
system_info_total with labels component="session_manager",technology="hazelcast",severity="INFO",event_type="hazelcast The Hazelcast Session Manager Experiences 812 successful session expirations, and 219 clients are being connected due to renewed session tokens" value 812 timestamp 1732502299000
system_error_total with labels component="payment_processor",technology="stripe",severity="ERROR",event_type="stripe The Stripe Payment Processor Experiences 42 payment failures due to insufficient funds, and 13 payment attempts are being retried due to temporary payment method issues" value 42 timestamp 1732502299000
system_warning_total with labels component="api_gateway",technology="envoy",severity="WARN",event_type="envoy The Envoy API Gateway Experiences 157 high latency requests, and 73 requests are being rate limited due to excessive incoming traffic" value 157 timestamp 1732502299000
system_critical_total with labels component="metrics_collector",technology="grafana",severity="CRITICAL",event_type="grafana The Grafana Metrics Collector Experiences 1 instance failure due to insufficient disk space, and 4 data sources are being disconnected due to unrecoverable errors" value 1 timestamp 1732502299000
system_warning_total with labels component="logging_aggregator",technology="fluentd",severity="WARN",event_type="fluentd The Fluentd Logging Aggregator Experiences 93 log messages with high log levels, and 21 log messages are being ignored due to insufficient logging configuration" value 93 timestamp 1732502299000
system_error_total with labels component="search_indexer",technology="meilisearch",severity="ERROR",event_type="meilisearch The MeiliSearch Search Indexer Experiences 19 indexing errors due to duplicate documents, and 41 documents are being deleted due to outdated search queries" value 19 timestamp 1732502299000
system_critical_total with labels component="service_mesh",technology="istio",severity="CRITICAL",event_type="istio The Istio Service Mesh Experiences 2 service failures due to missing dependencies, and 1 pod is being restarted due to an unhealthy listener service" value 2 timestamp 1732502299000
system_critical_total with labels component="load_balancer",technology="nginx",severity="CRITICAL",event_type="nginx The Nginx Load Balancer Experiences 5 connection timeouts due to invalid client certificates, and 1 instance is being terminated due to excessive incoming traffic" value 5 timestamp 1732502299000
system_error_total with labels component="file_storage_handler",technology="nfs",severity="ERROR",event_type="nfs The NFS File Storage Handler Experiences 12 mount errors due to incorrect file system options, and 28 file writes are being failed due to disk space constraints" value 12 timestamp 1732502299000
system_error_total with labels component="api_gateway",technology="kong",severity="ERROR",event_type="kong The Kong API Gateway Experiences 41 rate limit exceeded errors due to unauthorized requests, and 19 API keys are being blacklisted due to invalid credentials" value 41 timestamp 1732502299000
system_critical_total with labels component="search_indexer",technology="algolia",severity="CRITICAL",event_type="algolia The Algolia Search Indexer Experiences 8 duplicate document errors due to incorrect indexing, and 3 search queries are being delayed due to server overload" value 8 timestamp 1732502299000
system_error_total with labels component="message_queue_consumer",technology="kafka",severity="ERROR",event_type="kafka The Kafka Message Queue Consumer Experiences 23 offset reset errors due to invalid partition keys, and 67 message deserialization errors due to invalid JSON formats" value 23 timestamp 1732502299000
system_warning_total with labels component="file_storage_handler",technology="nfs",severity="WARN",event_type="nfs The NFS File Storage Handler Experiences 145 file write errors due to disk space constraints, and 27 file writes are being delayed due to high disk usage" value 145 timestamp 1732502299000
system_info_total with labels component="metrics_collector",technology="dynatrace",severity="INFO",event_type="dynatrace The Dynatrace Metrics Collector Experiences 523 service startup errors due to missing dependencies, and 219 metric sampling errors due to invalid metric names" value 523 timestamp 1732502299000
system_critical_total with labels component="session_manager",technology="memcached",severity="CRITICAL",event_type="memcached The Memcached Session Manager Experiences 3 cache expiration errors due to expired tokens, and 2 invalid session keys are being detected" value 3 timestamp 1732502299000
system_error_total with labels component="file_storage_handler",technology="minio",severity="ERROR",event_type="minio The MinIO File Storage Handler Experiences 67 bucket access errors due to incorrect ACLs, and 32 file uploads are being delayed due to invalid multipart requests" value 67 timestamp 1732502299000
system_warning_total with labels component="notification_service",technology="firebase",severity="WARN",event_type="firebase The Firebase Notification Service Experiences 145 failed SMS deliveries due to invalid phone numbers, and 27 notification retries are being blocked due to rate limiting" value 145 timestamp 1732502299000
system_info_total with labels component="service_mesh",technology="consul",severity="INFO",event_type="consul The Consul Service Mesh Experiences 219 service discovery errors due to invalid health checks, and 523 cluster membership changes are being detected" value 219 timestamp 1732502299000
system_critical_total with labels component="session_manager",technology="infinispan",severity="CRITICAL",event_type="infinispan The Infinispan Session Manager Experiences 3 cache clustering errors due to inconsistent cluster state, and 2 invalid cache keys are being detected" value 3 timestamp 1732502299000
system_error_total with labels component="logging_aggregator",technology="splunk",severity="ERROR",event_type="splunk The Splunk Logging Aggregator Experiences 32 invalid log parsing errors due to malformed JSON, and 56 indexed log entries are being rejected due to missing metadata" value 32 timestamp 1732502299000
system_warning_total with labels component="session_manager",technology="hazelcast",severity="WARN",event_type="hazelcast The Hazelcast Session Manager Experiences 91 cache replication errors due to network connectivity issues, and 157 invalid cache session keys are being detected" value 91 timestamp 1732502299000
system_info_total with labels component="message_queue_consumer",technology="activemq",severity="INFO",event_type="activemq The Activemq Message Queue Consumer Experiences 523 message production errors due to invalid message formats, and 219 message consumption retries are being blocked due to unavailable broker nodes" value 219 timestamp 1732502299000
system_error_total with labels component="container_orchestrator",technology="kubernetes",severity="ERROR",event_type="kubernetes The Kubernetes Container Orchestrator Experiences 27 pod creation errors due to invalid container images, and 32 pod restarts are being initiated due to node resource constraints" value 27 timestamp 1732502299000
system_warning_total with labels component="container_orchestrator",technology="aks",severity="WARN",event_type="aks The AKS Container Orchestrator Experiences 145 pod scaling errors due to insufficient virtual machines, and 187 pod restarts are being initiated due to Azure Kubernetes Service (AKS) node configuration issues" value 145 timestamp 1732502299000
system_critical_total with labels component="container_orchestrator",technology="docker-swarm",severity="CRITICAL",event_type="docker-swarm The Docker Swarm Container Orchestrator Experiences 53 task execution failures due to failed container network configuration, and 21 tasks are being terminated due to insufficient resources" value 53 timestamp 1732502299000
system_info_total with labels component="file_storage_handler",technology="minio",severity="INFO",event_type="minio The MinIO File Storage Handler Experiences 812 total requests for retrieving bucket metadata, and 421 total requests for uploading bucket data" value 812 timestamp 1732502299000
system_critical_total with labels component="notification_service",technology="smtp",severity="CRITICAL",event_type="smtp The SMTP Notification Service Experiences 3 failed delivery attempts due to invalid recipient addresses, and 9 email notifications are being retried due to network connectivity issues" value 3 timestamp 1732502299000
system_error_total with labels component="database_connection_pool",technology="oracle",severity="ERROR",event_type="oracle The Oracle Database Connection Pool Experiences 17 connection timeouts due to slow query execution, and 32 connection failures are being handled due to invalid username/password credentials" value 17 timestamp 1732502299000
system_warning_total with labels component="cache_manager",technology="redis",severity="WARN",event_type="redis The Redis Cache Manager Experiences 187 cache expiration events due to high cache eviction rates, and 123 cache misses are being handled due to invalid cache keys" value 187 timestamp 1732502299000
system_info_total with labels component="logging_aggregator",technology="fluentd",severity="INFO",event_type="fluentd The Fluentd Logging Aggregator Processes 543 total log messages, and 321 log events are being aggregated and forwarded to external systems" value 543 timestamp 1732502299000
system_critical_total with labels component="payment_processor",technology="paypal",severity="CRITICAL",event_type="paypal The PayPal Payment Processor Experiences 4 failed transactions due to invalid payment methods, and 12 payment errors are being handled due to network connectivity issues" value 4 timestamp 1732502299000
system_error_total with labels component="container_orchestrator",technology="aks",severity="ERROR",event_type="aks The Azure Kubernetes Service Container Orchestrator Experiences 28 container restarts due to failed container restarts, and 42 container crashes are being handled due to invalid container configuration" value 28 timestamp 1732502299000
system_warning_total with labels component="database_connection_pool",technology="mysql",severity="WARN",event_type="mysql The MySQL Database Connection Pool Experiences 125 connection timeouts due to slow query execution, and 219 connection failures are being handled due to invalid username/password credentials" value 125 timestamp 1732502299000
system_critical_total with labels component="container_orchestrator",technology="kubernetes",severity="CRITICAL",event_type="kubernetes The Kubernetes Container Orchestrator Experiences 3 pod crashes due to failed node allocation, and 15 pod network connectivity issues are being handled due to incorrect pod network configuration" value 3 timestamp 1732502299000
system_error_total with labels component="container_orchestrator",technology="nomad",severity="ERROR",event_type="nomad The Nomad Container Orchestrator Experiences 42 job failures due to failed task execution, and 67 job rescheduling attempts are being handled due to invalid job configuration" value 42 timestamp 1732502299000
system_warning_total with labels component="session_manager",technology="redis",severity="WARN",event_type="redis The Redis Session Manager Experiences 187 session timeouts due to expired session tokens, and 253 session invalidations are being handled due to incorrect session expiration configuration" value 187 timestamp 1732502299000
system_info_total with labels component="service_mesh",technology="linkerd",severity="INFO",event_type="linkerd The Linkerd Service Mesh Experiences 452 service requests being handled successfully, and 123 service retries are being performed due to service node unavailability" value 452 timestamp 1732502299000
system_error_total with labels component="container_orchestrator",technology="docker-swarm",severity="ERROR",event_type="docker-swarm The Docker Swarm Container Orchestrator Experiences 28 task failures due to failed service registration, and 56 service restarts are being handled due to invalid service configuration" value 28 timestamp 1732502299000
system_critical_total with labels component="database_connection_pool",technology="postgres",severity="CRITICAL",event_type="postgres The Postgres Database Connection Pool Experiences 9 connection failures due to refused connections, and 15 connection timeouts are being handled due to incorrect connection timeout configuration" value 9 timestamp 1732502299000
system_critical_total with labels component="search_indexer",technology="algolia",severity="CRITICAL",event_type="algolia The Algolia Search Indexer Experiences 7 index write failures due to failed indexing, and 11 index maintenance tasks are being aborted due to invalid index configuration" value 7 timestamp 1732502299000
system_error_total with labels component="message_queue_consumer",technology="activemq",severity="ERROR",event_type="activemq The ActiveMQ Message Queue Consumer Experiences 31 message correlation failures due to lost messages, and 59 message retries are being handled due to invalid message routing configuration" value 31 timestamp 1732502299000
system_critical_total with labels component="service_mesh",technology="linkerd",severity="CRITICAL",event_type="linkerd The Linkerd Service Mesh Experiences 13 proxy failures due to misconfigured virtual services, and 27 service connectivity failures are being handled due to invalid proxy configuration" value 13 timestamp 1732502299000
system_info_total with labels component="search_indexer",technology="opensearch",severity="INFO",event_type="opensearch The OpenSearch Indexer Experiences 502 successful index write operations, and 125 successful index maintenance tasks are being completed due to optimal index configuration" value 502 timestamp 1732502299000
system_warning_total with labels component="cache_manager",technology="ehcache",severity="WARN",event_type="ehcache The Ehcache Cache Manager Experiences 142 cache eviction failures due to high cache usage, and 287 cache invalidations are being handled due to invalid cache configuration" value 142 timestamp 1732502299000
system_error_total with labels component="container_orchestrator",technology="nomad",severity="ERROR",event_type="nomad The Nomad Container Orchestrator Experiences 47 pod startup failures due to invalid container configurations, and 219 pod restarts are being handled due to failed pod executions" value 47 timestamp 1732502299000
system_critical_total with labels component="service_mesh",technology="istio",severity="CRITICAL",event_type="istio The Istio Service Mesh Experiences 9 proxy authentication failures due to misconfigured service credentials, and 19 service connectivity failures are being handled due to invalid policy configurations" value 9 timestamp 1732502299000
system_critical_total with labels component="service_mesh",technology="istio",severity="CRITICAL",event_type="istio The Istio Service Mesh Experiences 11 proxy routing failures due to invalid service configurations, and 37 service connectivity failures are being handled due to invalid destination rules" value 11 timestamp 1732502299000
system_error_total with labels component="notification_service",technology="ses",severity="ERROR",event_type="ses The SES Notification Service Experiences 32 email sending failures due to invalid sender configurations, and 125 email sending retries are being handled due to failed email delivery" value 32 timestamp 1732502299000
system_error_total with labels component="load_balancer",technology="aws-elb",severity="ERROR",event_type="aws-elb The AWS ELB Experiences 46 connection timeouts due to invalid listener configurations, and 98 connection retries are being handled due to failed connection attempts" value 46 timestamp 1732502299000
system_warning_total with labels component="api_gateway",technology="traefik",severity="WARN",event_type="traefik The Traefik API Gateway Experiences 145 slow response times due to invalid router configurations, and 278 slow responses are being handled due to high traffic volumes" value 145 timestamp 1732502299000
system_info_total with labels component="service_mesh",technology="linkerd",severity="INFO",event_type="linkerd The Linkerd Service Mesh Starts with 219 new service instances, and 432 service instances are currently active" value 219 timestamp 1732502299000
system_warning_total with labels component="database_connection_pool",technology="oracle",severity="WARN",event_type="oracle The Oracle Database Connection Pool Experiences 118 high memory usage warnings due to incorrect connection pool configurations, and 234 high memory usage alerts are being handled due to high traffic volumes" value 118 timestamp 1732502299000
system_critical_total with labels component="logging_aggregator",technology="elasticsearch",severity="CRITICAL",event_type="elasticsearch The Elasticsearch Log Aggregator Experiences 2 severe indexing failures due to invalid document configurations, and 15 indexing retries are being handled due to failed indexing attempts" value 2 timestamp 1732502299000
system_error_total with labels component="payment_processor",technology="square",severity="ERROR",event_type="square The Square Payment Processor Experiences 13 authentication failed errors due to invalid API keys, and 42 failed payments are being handled due to declined transactions" value 13 timestamp 1732502299000
system_info_total with labels component="load_balancer",technology="nginx",severity="INFO",event_type="nginx The Nginx Load Balancer Receives 823 new incoming requests, and 1239 incoming requests are currently being handled due to high traffic volumes" value 823 timestamp 1732502299000
system_critical_total with labels component="metrics_collector",technology="prometheus",severity="CRITICAL",event_type="prometheus The Prometheus Metrics Collector Experiences 5 scrape failures due to invalid scrape configurations, and 28 scrapes are being retried due to failed scrape attempts" value 5 timestamp 1732502299000
system_error_total with labels component="logging_aggregator",technology="splunk",severity="ERROR",event_type="splunk The Splunk Log Aggregator Experiences 31 invalid log formats errors due to incorrect log configuration parsing, and 17 log data uploads are being handled due to failed log processing" value 31 timestamp 1732502299000
system_critical_total with labels component="metrics_collector",technology="grafana",severity="CRITICAL",event_type="grafana The Grafana Metrics Collector Experiences 9 dashboard query errors due to incorrect query configuration, and 38 dashboard updates are being handled due to failed dashboard rendering" value 9 timestamp 1732502299000
system_warning_total with labels component="search_indexer",technology="algolia",severity="WARN",event_type="algolia The Algolia Search Indexer Experiences 145 high indexing latency issues due to high volume of search queries, and 23 indexing jobs are being retried due to failed indexing attempts" value 145 timestamp 1732502299000
system_info_total with labels component="notification_service",technology="firebase",severity="INFO",event_type="firebase The Firebase Notification Service Receives 823 successful notification send requests, and 1239 notification send requests are currently being processed due to high notification volumes" value 823 timestamp 1732502299000
system_error_total with labels component="cache_manager",technology="memcached",severity="ERROR",event_type="memcached The Memcached Cache Manager Experiences 43 cache eviction errors due to incorrect cache configuration, and 27 cache hits are being handled due to failed cache access attempts" value 43 timestamp 1732502299000
system_critical_total with labels component="logging_aggregator",technology="datadog",severity="CRITICAL",event_type="datadog The Datadog Logging Aggregator Experiences 17 log data ingest failures due to incorrect log format configurations, and 12 log data ingest requests are currently being retried due to failed ingest attempts" value 17 timestamp 1732502299000
system_warning_total with labels component="metrics_collector",technology="datadog",severity="WARN",event_type="datadog The Datadog Metrics Collector Experiences 187 metrics ingestion latency issues due to high volume of metric updates, and 62 metric updates are being processed due to failed ingestion attempts" value 187 timestamp 1732502299000
system_critical_total with labels component="database_connection_pool",technology="mariadb",severity="CRITICAL",event_type="mariadb The MariaDB Database Connection Pool Experiences 9 connection establishment failures due to invalid username configurations, and 6 connection attempts are currently being retried due to failed connection establishment" value 9 timestamp 1732502299000
system_error_total with labels component="notification_service",technology="twilio",severity="ERROR",event_type="twilio The Twilio Notification Service Experiences 32 SMS delivery failures due to incorrect sender numbers, and 49 SMS delivery requests are being retried due to failed delivery attempts" value 32 timestamp 1732502299000
system_info_total with labels component="container_orchestrator",technology="nomad",severity="INFO",event_type="nomad The Nomad Container Orchestrator Successfully Launched 142 new jobs on the job queue, and 93 jobs are currently being processed due to successful job updates" value 142 timestamp 1732502299000
system_warning_total with labels component="cache_manager",technology="ehcache",severity="WARN",event_type="ehcache The Ehcache Cache Manager Experiences 219 cache eviction failures due to expired cache entries, and 143 cache eviction requests are being processed due to failed cache updates" value 219 timestamp 1732502299000
system_error_total with labels component="payment_processor",technology="stripe",severity="ERROR",event_type="stripe The Stripe Payment Processor Experiences 46 card charging failures due to invalid card numbers, and 278 card charging requests are being retried due to failed charging attempts" value 46 timestamp 1732502299000
system_critical_total with labels component="metrics_collector",technology="newrelic",severity="CRITICAL",event_type="newrelic The New Relic Metrics Collector Experiences 7 metrics collection failures due to network connection timeouts, and 13 metrics collection requests are currently being retried due to failed data ingestion" value 7 timestamp 1732502299000
system_error_total with labels component="message_queue_consumer",technology="activemq",severity="ERROR",event_type="activemq The ActiveMQ Message Queue Consumer Experiences 38 message consumption failures due to broker connection timeouts, and 147 message consumption requests are being retried due to failed message processing" value 38 timestamp 1732502299000
system_critical_total with labels component="message_queue_consumer",technology="azure-servicebus",severity="CRITICAL",event_type="azure-servicebus The Azure Service Bus Message Queue Consumer Experiences 2 service bus connection failures due to transient errors, and 9 service bus connection requests are currently being retried due to failed service bus authentication" value 2 timestamp 1732502299000
system_warning_total with labels component="cache_manager",technology="memcached",severity="WARN",event_type="memcached The Memcached Cache Manager Experiences 142 cache hits due to expired cache entries, and 231 cache hits are being processed due to failed cache updates" value 142 timestamp 1732502299000
system_info_total with labels component="container_orchestrator",technology="aks",severity="INFO",event_type="aks The AKS Container Orchestrator Successfully Scales 8 pods to 15 replicas due to increased load, and 32 pods are being scaled down to 10 replicas due to decreased load" value 32 timestamp 1732502299000
system_error_total with labels component="session_manager",technology="jwt",severity="ERROR",event_type="jwt The JWT Session Manager Experiences 13 invalid session tokens due to expired refresh tokens, and 27 session tokens are being validated due to failed token renewal" value 13 timestamp 1732502299000
system_critical_total with labels component="logging_aggregator",technology="splunk",severity="CRITICAL",event_type="splunk The Splunk Logging Aggregator Experiences 5 data corruption errors due to invalid event formats, and 12 event processing requests are currently being retried due to failed event indexing" value 5 timestamp 1732502299000
system_info_total with labels component="container_orchestrator",technology="docker-swarm",severity="INFO",event_type="docker-swarm The Docker Swarm Container Orchestrator Successfully Promotes 9 services to the next tier due to increased load, and 21 services are being promoted to the next tier due to decreased load" value 21 timestamp 1732502299000
system_warning_total with labels component="session_manager",technology="memcached",severity="WARN",event_type="memcached The Memcached Session Manager Experiences 118 cache misses due to expired session tokens, and 275 cache hits are being processed due to failed session updates" value 118 timestamp 1732502299000
system_error_total with labels component="cache_manager",technology="memcached",severity="ERROR",event_type="memcached The Memcached Cache Manager Experiences 23 invalid cache keys due to data corruption, and 42 cache requests are currently being retried due to failed cache retrieval" value 23 timestamp 1732502299000
system_critical_total with labels component="notification_service",technology="ses",severity="CRITICAL",event_type="ses The SES Notification Service Experiences 3 failed email sending attempts due to invalid sender credentials, and 9 email sending requests are currently being retried due to failed email delivery" value 3 timestamp 1732502299000
system_error_total with labels component="message_queue_consumer",technology="aws-sqs",severity="ERROR",event_type="aws-sqs The AWS SQS Message Queue Consumer Experiences 17 failed message deliveries due to invalid message format, and 42 message retries are currently being processed due to failed message processing" value 17 timestamp 1732502299000
system_warning_total with labels component="message_queue_consumer",technology="rabbitmq",severity="WARN",event_type="rabbitmq The RabbitMQ Message Queue Consumer Experiences 145 high-priority message timeouts, and 275 low-priority message retries are currently being processed due to failed message delivery" value 145 timestamp 1732502299000
system_info_total with labels component="search_indexer",technology="solr",severity="INFO",event_type="solr The Solr Search Indexer Successfully Indexed 523 records into the production index, and 123 records were optimized for faster search performance" value 523 timestamp 1732502299000
system_error_total with labels component="search_indexer",technology="opensearch",severity="ERROR",event_type="opensearch The OpenSearch Search Indexer Experiences 37 failed index write operations due to duplicate document IDs, and 92 document IDs are currently being processed for removal due to duplicate document IDs" value 37 timestamp 1732502299000
system_critical_total with labels component="authentication_service",technology="keycloak",severity="CRITICAL",event_type="keycloak The Keycloak Authentication Service Experiences 2 concurrent authentication failures due to incorrect username and password attempts, and 1 authentication attempt is currently being blocked due to rate limiting" value 2 timestamp 1732502299000
system_critical_total with labels component="metrics_collector",technology="datadog",severity="CRITICAL",event_type="datadog The Datadog Metrics Collector Experiences 3 failed metrics pushes due to invalid metric names, and 1 metrics push is currently being retried due to intermittent connectivity issues" value 3 timestamp 1732502299000
system_error_total with labels component="metrics_collector",technology="prometheus",severity="ERROR",event_type="prometheus The Prometheus Metrics Collector Experiences 23 failed scrape requests due to invalid scrape targets, and 5 scrape targets are currently being re-scheduled due to server downtime" value 23 timestamp 1732502299000
system_info_total with labels component="session_manager",technology="jwt",severity="INFO",event_type="jwt The JWT Session Manager Successfully Issued 542 secure session tokens, and 125 session tokens were revoked due to token expiration or invalid signatures" value 542 timestamp 1732502299000
system_warning_total with labels component="service_mesh",technology="istio",severity="WARN",event_type="istio The Istio Service Mesh Experiences 152 failed traffic routing decisions due to missing sidecar injection configuration, and 27 sidecar injection configurations are currently being updated" value 152 timestamp 1732502299000
system_warning_total with labels component="metrics_collector",technology="prometheus",severity="WARN",event_type="prometheus The Prometheus Metrics Collector Experiences 98 metric scrape errors due to invalid metric names, and 25 metric names are currently being corrected" value 98 timestamp 1732502299000
system_error_total with labels component="session_manager",technology="infinispan",severity="ERROR",event_type="infinispan The Infinispan Session Manager Experiences 17 failed cache put operations due to invalid cache entries, and 9 cache entries are currently being validated" value 17 timestamp 1732502299000
system_critical_total with labels component="service_mesh",technology="kuma",severity="CRITICAL",event_type="kuma The Kuma Service Mesh Experiences a 99.99% failure rate in establishing secure connections due to a critical configuration mismatch" value 4 timestamp 1732502299000
system_info_total with labels component="container_orchestrator",technology="docker-swarm",severity="INFO",event_type="docker-swarm The Docker Swarm Container Orchestrator Successfully Launched 425 New Containers Across 17 Node Managers, with 2 Container Launches Experiencing Network Connectivity Issues" value 425 timestamp 1732502299000
system_error_total with labels component="session_manager",technology="redis",severity="ERROR",event_type="redis The Redis Session Manager Experiences 32 Failed Cache Get Operations Due To Invalid Cache Keys, With 8 Cache Keys Currently Being Expired" value 32 timestamp 1732502299000
system_critical_total with labels component="notification_service",technology="ses",severity="CRITICAL",event_type="ses The SES Notification Service Experiences a 100% Failure Rate in Sending Critical Notification Emails Due to Invalid Sending Permissions" value 1 timestamp 1732502299000
system_warning_total with labels component="load_balancer",technology="aws-elb",severity="WARN",event_type="aws-elb The AWS ELB Load Balancer Experiences 187 High CPU Utilization Events Due to Excessive Requests from Incompatible Applications" value 187 timestamp 1732502299000
system_error_total with labels component="message_queue_consumer",technology="rabbitmq",severity="ERROR",event_type="rabbitmq The RabbitMQ Message Queue Consumer Experiences 21 Failed Message Acknowledgments Due to Insufficient RabbitMQ Queue Memory" value 21 timestamp 1732502299000
system_critical_total with labels component="payment_processor",technology="paypal",severity="CRITICAL",event_type="paypal The PayPal Payment Processor Experiences a 7% Decline in Payment Success Rates Due to Expired Payment Cards" value 3 timestamp 1732502299000
system_info_total with labels component="authentication_service",technology="keycloak",severity="INFO",event_type="keycloak The Keycloak Authentication Service Successfully Authenticated 852 Users with a Valid Username and Password During the Last 10 Minutes" value 852 timestamp 1732502299000
system_warning_total with labels component="cache_manager",technology="redis",severity="WARN",event_type="redis The Redis Cache Manager Experiences 135 High Memory Utilization Events Due to Insufficient Available Memory for Cache Data" value 135 timestamp 1732502299000
system_error_total with labels component="container_orchestrator",technology="docker-swarm",severity="ERROR",event_type="docker-swarm The Docker Swarm Container Orchestrator Experiences 43 Failed Service Updates Due to Inadequate Network Connectivity Among Host Machines" value 43 timestamp 1732502299000
system_critical_total with labels component="logging_aggregator",technology="fluentd",severity="CRITICAL",event_type="fluentd The Fluentd Logging Aggregator Experiences a 5% Decline in Log Data Receipt Rates Due to Unstable Input Connections" value 5 timestamp 1732502299000
system_info_total with labels component="notification_service",technology="ses",severity="INFO",event_type="ses The SES Notification Service Successfully Sent 647 Automated Notification Emails to Registered End-Users During the Last 5 Minutes" value 647 timestamp 1732502299000
system_error_total with labels component="search_indexer",technology="algolia",severity="ERROR",event_type="algolia The Algolia Search Indexer Fails to Update 31 Search Indexes Due to Insufficient Disk Space Available on the Indexer Machine" value 31 timestamp 1732502299000
system_critical_total with labels component="payment_processor",technology="paypal",severity="CRITICAL",event_type="paypal The PayPal Payment Processor Experiences a 2% Decline in Successful Payment Transactions Due to High Rate of Invalid Credit Card Submissions" value 2 timestamp 1732502299000
system_warning_total with labels component="metrics_collector",technology="datadog",severity="WARN",event_type="datadog The Datadog Metrics Collector Notifies 187 Hosts of High CPU Usage and 54 Hosts of High Memory Usage Due to Excessive Requests to Datadog API" value 187 timestamp 1732502299000
system_error_total with labels component="session_manager",technology="hazelcast",severity="ERROR",event_type="hazelcast The Hazelcast Session Manager Experiences a 10% Decline in Successful Session Establishment Due to Inadequate JVM Heap Space" value 10 timestamp 1732502299000
system_info_total with labels component="cache_manager",technology="redis",severity="INFO",event_type="redis The Redis Cache Manager Successfully Clears 942 Caches and Replenishes 321 Cache Items in the Last 10 Minutes" value 942 timestamp 1732502299000
system_critical_total with labels component="database_connection_pool",technology="mariadb",severity="CRITICAL",event_type="mariadb The MariaDB Database Connection Pool Experiences a 5% Decline in Available Connections Due to High Concurrent Connection Attempts by the Application" value 5 timestamp 1732502299000
system_error_total with labels component="file_storage_handler",technology="gcs",severity="ERROR",event_type="gcs The Google Cloud Storage File Storage Handler Fails to Transfer 17 MB of Data Due to Insufficient IAM Permissions" value 17 timestamp 1732502299000
system_warning_total with labels component="search_indexer",technology="solr",severity="WARN",event_type="solr The Solr Search Indexer Experiences a 12% Increase in Failed Indexing Attempts Due to Unoptimized Index Schema" value 12 timestamp 1732502299000
system_critical_total with labels component="authentication_service",technology="auth0",severity="CRITICAL",event_type="auth0 The Auth0 Authentication Service Experiences a 3% Decline in Successful Logins Due to Repeated Invalid Password Attempts" value 3 timestamp 1732502299000
system_error_total with labels component="message_queue_consumer",technology="activemq",severity="ERROR",event_type="activemq The ActiveMQ Message Queue Consumer Fails to Process 23 Messages Due to Insufficient Acknowledgment Configuration" value 23 timestamp 1732502299000
system_info_total with labels component="service_mesh",technology="istio",severity="INFO",event_type="istio The Istio Service Mesh Successfully Routes 437 New HTTP Requests Without Errors or Latency Issues" value 437 timestamp 1732502299000
system_warning_total with labels component="session_manager",technology="redis",severity="WARN",event_type="redis The Redis Session Manager Experiences a 15% Increase in Cache Expiration Rate Due to Insufficient TTL Settings" value 15 timestamp 1732502299000
system_critical_total with labels component="cache_manager",technology="memcached",severity="CRITICAL",event_type="memcached The Memcached Cache Manager Fails to Evict 7 Cache Items Due to Misconfigured Expiration Times" value 7 timestamp 1732502299000
system_error_total with labels component="metrics_collector",technology="newrelic",severity="ERROR",event_type="newrelic The New Relic Metrics Collector Experiences a 2% Drop in Data Collection Success Rate Due to Invalid Account Credentials" value 2 timestamp 1732502299000
system_info_total with labels component="cache_manager",technology="hazelcast",severity="INFO",event_type="hazelcast The Hazelcast Cache Manager Successfully Migrated 820 Cache Entries from Old to New Storage Location" value 820 timestamp 1732502299000
system_critical_total with labels component="logging_aggregator",technology="splunk",severity="CRITICAL",event_type="splunk The Splunk Logging Aggregator Fails to Index 12 Critical Logs Within the Required Timeframe Due to Network Connectivity Issues" value 12 timestamp 1732502299000
system_error_total with labels component="file_storage_handler",technology="gcs",severity="ERROR",event_type="gcs The GCS File Storage Handler Experiences a 3% Failure Rate in Uploading 450 Large Files Due to Insufficient Disk Space" value 27 timestamp 1732502299000
system_warning_total with labels component="load_balancer",technology="aws-elb",severity="WARN",event_type="aws-elb The AWS ELB Load Balancer Receives a 175% Increase in Connection Attempts Within the Last 5 Minutes Due to High Traffic" value 145 timestamp 1732502299000
system_critical_total with labels component="metrics_collector",technology="grafana",severity="CRITICAL",event_type="grafana The Grafana Metrics Collector Experiences a 5% Failure Rate in Polling 1,400 Metrics Within the Required Timeframe Due to High Network Latency" value 2 timestamp 1732502299000
system_error_total with labels component="session_manager",technology="redis",severity="ERROR",event_type="redis The Redis Session Manager Experiences a 30% Failure Rate in Retrieving 800 Session Values Within the Required Timeframe Due to High Memory Usage" value 27 timestamp 1732502299000
system_info_total with labels component="container_orchestrator",technology="ecs",severity="INFO",event_type="ecs The ECS Container Orchestrator Successfully Launched 250 New Containers Within the Last 10 Minutes" value 523 timestamp 1732502299000
system_warning_total with labels component="message_queue_consumer",technology="kafka",severity="WARN",event_type="kafka The Kafka Message Queue Consumer Experiences a 25% Delay in Processing 600 Messages Within the Last 5 Minutes Due to High Message Volume" value 145 timestamp 1732502299000
system_error_total with labels component="notification_service",technology="twilio",severity="ERROR",event_type="twilio The Twilio Notification Service Experiences a 10% Failure Rate in Sending 900 SMS Notifications Within the Last 30 Minutes Due to High Phone Number Lookup Times" value 27 timestamp 1732502299000
system_critical_total with labels component="database_connection_pool",technology="mariadb",severity="CRITICAL",event_type="mariadb The MariaDB Database Connection Pool Experiences a 5% Failure Rate in Establishing 1,200 Connections Within the Last 10 Minutes Due to High Memory Usage" value 4 timestamp 1732502299000
system_critical_total with labels component="api_gateway",technology="apache",severity="CRITICAL",event_type="apache The Apache API Gateway Experiences a 2% Failure Rate in Processing 200 HTTP Requests Within the Last 5 Minutes Due to High CPU Utilization" value 3 timestamp 1732502299000
system_info_total with labels component="database_connection_pool",technology="mongodb",severity="INFO",event_type="mongodb The MongoDB Database Connection Pool Successfully Established 550 New Connections Within the Last 20 Minutes Due to Improved Configuration" value 523 timestamp 1732502299000
system_warning_total with labels component="load_balancer",technology="haproxy",severity="WARN",event_type="haproxy The HAPROXY Load Balancer Experiences a 12% Increase in Connection Drops Within the Last 10 Minutes Due to High Network Latency" value 187 timestamp 1732502299000
system_error_total with labels component="service_mesh",technology="envoy",severity="ERROR",event_type="envoy The ENVOY Service Mesh Experiences a 9% Failure Rate in Establishing 300 HTTP Connections Within the Last 5 Minutes Due to Incompatible Protocol Version" value 41 timestamp 1732502299000
system_critical_total with labels component="database_connection_pool",technology="postgres",severity="CRITICAL",event_type="postgres The POSTGRES Database Connection Pool Experiences a 1% Failure Rate in Obtaining 200 Connections Within the Last 10 Minutes Due to Insufficient Memory Allocation" value 2 timestamp 1732502299000
system_info_total with labels component="cache_manager",technology="ehcache",severity="INFO",event_type="ehcache The EHCA Cache Manager Successfully Evicted 450 Cache Entries Within the Last 15 Minutes Due to Expiration" value 542 timestamp 1732502299000
system_error_total with labels component="message_queue_consumer",technology="azure-servicebus",severity="ERROR",event_type="azure-servicebus The AZURE-SERVICEBUS Message Queue Consumer Experiences a 7% Failure Rate in Processing 1000 Messages Within the Last 10 Minutes Due to Insufficient Queue Subscription" value 28 timestamp 1732502299000
system_warning_total with labels component="container_orchestrator",technology="aks",severity="WARN",event_type="aks The AKS Container Orchestrator Experiences a 3% Increase in Running Containers Due to Inadequate Resource Allocation Within the Last 5 Minutes" value 193 timestamp 1732502299000
system_critical_total with labels component="container_orchestrator",technology="nomad",severity="CRITICAL",event_type="nomad The NOMAD Container Orchestrator Experiences a 50% Failure Rate in Launching 500 New Containers Within the Last 2 Minutes Due to Insufficient Networking Configuration" value 4 timestamp 1732502299000
system_error_total with labels component="message_queue_consumer",technology="rabbitmq",severity="ERROR",event_type="rabbitmq The RABBITMQ Message Queue Consumer Experiences a 10% Failure Rate in Consuming 800 Messages Within the Last 5 Minutes Due to Inadequate Message Acknowledgement" value 32 timestamp 1732502299000
system_critical_total with labels component="authentication_service",technology="okta",severity="CRITICAL",event_type="okta The OKTA Authentication Service Experiences a 90% Failure Rate in Validating 1000 User Credentials Within the Last 3 Minutes Due to a Sudden Increase in Unauthorized Access Attempts" value 3 timestamp 1732502299000
system_warning_total with labels component="notification_service",technology="firebase",severity="WARN",event_type="firebase The FIREBASE Notification Service Experiences a 5% Increase in Unsent Notifications Due to Inadequate Push Notification Configuration Within the Last 4 Minutes" value 187 timestamp 1732502299000
system_info_total with labels component="cache_manager",technology="hazelcast",severity="INFO",event_type="hazelcast The HAZELCAST Cache Manager Experiences a 25% Increase in Cache Hits Within the Last 6 Minutes Due to Optimized Data Retrieval Strategies" value 281 timestamp 1732502299000
system_error_total with labels component="logging_aggregator",technology="datadog",severity="ERROR",event_type="datadog The DATADOG Logging Aggregator Experiences a 12% Failure Rate in Sending 500 Log Events to the DATADOG Logging Platform Within the Last 2 Minutes Due to Insufficient Logging Configuration" value 46 timestamp 1732502299000
system_critical_total with labels component="service_mesh",technology="linkerd",severity="CRITICAL",event_type="linkerd The LINKERD Service Mesh Experiences a 99% Failure Rate in Establishing 500 New Service Connections Within the Last 1 Minute Due to a Sudden Increase in Unhandled Errors" value 4 timestamp 1732502299000
system_warning_total with labels component="notification_service",technology="firebase",severity="WARN",event_type="firebase The FIREBASE Notification Service Experiences a 12% Increase in Failed SMS Deliveries Within the Last 4 Minutes Due to Inaccurate Recipient Information" value 191 timestamp 1732502299000
system_info_total with labels component="logging_aggregator",technology="elasticsearch",severity="INFO",event_type="elasticsearch The ELASTICSEARCH Logging Aggregator Experiences a 25% Increase in Successful Log Indexing Within the Last 6 Minutes Due to Optimized Log Data Compression Algorithms" value 234 timestamp 1732502299000
system_error_total with labels component="api_gateway",technology="nginx",severity="ERROR",event_type="nginx The NGINX API Gateway Experiences a 8% Increase in Rate Limit Exceeded Errors Within the Last 3 Minutes Due to Misconfigured API Request Headers" value 37 timestamp 1732502299000
system_critical_total with labels component="logging_aggregator",technology="loki",severity="CRITICAL",event_type="loki The LOKI Logging Aggregator Experiences a 99.9% Failure Rate in Handling Log Data Within the Last 1 Minute Due to Insufficient CPU Resources" value 2 timestamp 1732502299000
system_info_total with labels component="load_balancer",technology="azure-lb",severity="INFO",event_type="azure-lb The AZURE LB Service Experiences a 42% Increase in Successful Session Establishments Within the Last 9 Minutes Due to Optimized Session Persistence Algorithms" value 812 timestamp 1732502299000
system_error_total with labels component="logging_aggregator",technology="elasticsearch",severity="ERROR",event_type="elasticsearch The ELASTICSEARCH Logging Aggregator Experiences a 15% Increase in Indexing Timeouts Within the Last 2 Minutes Due to Insufficient Memory Allocation" value 42 timestamp 1732502299000
system_warning_total with labels component="message_queue_consumer",technology="kafka",severity="WARN",event_type="kafka The KAFKA Message Queue Consumer Experiences a 28% Increase in Dead Letter Queue Messages Within the Last 10 Minutes Due to Inconsistent Message Serialization" value 191 timestamp 1732502299000
system_critical_total with labels component="notification_service",technology="ses",severity="CRITICAL",event_type="ses The SES Notification Service Experiences a 90% Failure Rate in Sending Emails Within the Last 5 Minutes Due to Invalid SMTP Server Configuration" value 8 timestamp 1732502299000
system_info_total with labels component="metrics_collector",technology="prometheus",severity="INFO",event_type="prometheus The PROMETHEUS Metrics Collector Experiences a 30% Increase in scrape intervals Within the Last 3 Minutes Due to Optimized scrape Schedule Optimization" value 341 timestamp 1732502299000
system_error_total with labels component="database_connection_pool",technology="postgres",severity="ERROR",event_type="postgres The POSTGRES Database Connection Pool Experiences a 20% Increase in Connection Refusal Within the Last 2 Minutes Due to Insufficient Idle Connection Retention" value 118 timestamp 1732502299000
system_critical_total with labels component="notification_service",technology="sendgrid",severity="CRITICAL",event_type="sendgrid The SENDGRID Notification Service Experiences a 75% Failure Rate in Sending SMS Within the Last 5 Minutes Due to Invalid API Key Configuration" value 12 timestamp 1732502299000
system_warning_total with labels component="service_mesh",technology="linkerd",severity="WARN",event_type="linkerd The LINKERD Service Mesh Experiences a 25% Increase in Service Ingress Latency Within the Last 2 Minutes Due to Optimized Service Ingress Route Table Configuration" value 187 timestamp 1732502299000
system_info_total with labels component="cache_manager",technology="ehcache",severity="INFO",event_type="ehcache The EHCACHE Cache Manager Experiences a 40% Increase in Cache Refresh Rates Within the Last 3 Minutes Due to Optimized Cache Expiration Policies" value 751 timestamp 1732502299000
system_critical_total with labels component="file_storage_handler",technology="azure-blob",severity="CRITICAL",event_type="azure-blob The AZURE BLOB Storage Handler Experiences a 30% Failure Rate in Storing Large Files Within the Last 5 Minutes Due to Insufficient Disk Space Allocation" value 23 timestamp 1732502299000
system_error_total with labels component="load_balancer",technology="haproxy",severity="ERROR",event_type="haproxy The HAPROXY Load Balancer Experiences a 10% Increase in Connection Refused Within the Last 2 Minutes Due to Inadequate Server Pool Configuration" value 47 timestamp 1732502299000
system_info_total with labels component="cache_manager",technology="redis",severity="INFO",event_type="redis The REDIS Cache Manager Experiences a 50% Increase in Cache Miss Rates Within the Last 3 Minutes Due to Optimized Cache Eviction Policies" value 817 timestamp 1732502299000
system_critical_total with labels component="file_storage_handler",technology="minio",severity="CRITICAL",event_type="minio The MINIO Storage Handler Experiences a 15% Failure Rate in Uploading Large Files Due to Inconsistent Bucket Permissions Within the Last 5 Minutes" value 11 timestamp 1732502299000
system_error_total with labels component="payment_processor",technology="paypal",severity="ERROR",event_type="paypal The PAYPAL Payment Processor Experiences a 8% Increase in Transactions Rejected Due to Insufficient Funds Within the Last 2 Minutes" value 31 timestamp 1732502299000
system_info_total with labels component="search_indexer",technology="algolia",severity="INFO",event_type="algolia The ALGOLIA Indexer Experiences a 40% Increase in Index Refresh Times Due to Optimized Index Structure Schemas Within the Last 3 Minutes" value 942 timestamp 1732502299000
system_critical_total with labels component="service_mesh",technology="istio",severity="CRITICAL",event_type="istio The ISTIO Service Mesh Experiences a 12% Failure Rate in Establishing Secure Tunnels to External Services Within the Last 4 Minutes" value 23 timestamp 1732502299000
system_warning_total with labels component="search_indexer",technology="meilisearch",severity="WARN",event_type="meilisearch The MEILISEARCH Search Indexer Experiences a 25% Increase in Time Spent on Query Rewriting Due to Inefficient Search Queries Within the Last 2 Minutes" value 118 timestamp 1732502299000
system_error_total with labels component="api_gateway",technology="kong",severity="ERROR",event_type="kong The KONG API Gateway Experiences a 9% Increase in Requests Rejected Due to Missing Required Security Headers Within the Last 1 Minute" value 43 timestamp 1732502299000
system_info_total with labels component="search_indexer",technology="opensearch",severity="INFO",event_type="opensearch The OPENSEARCH Search Indexer Successfully Indexes 12,500 Documents Per Second Within the Last 5 Minutes" value 851 timestamp 1732502299000
system_error_total with labels component="api_gateway",technology="nginx",severity="ERROR",event_type="nginx The NGINX API Gateway Experiences a 15% Increase in Time Spent on Processing HTTP Requests Due to Excessive Client Requests Within the Last 30 Seconds" value 91 timestamp 1732502299000
system_critical_total with labels component="database_connection_pool",technology="oracle",severity="CRITICAL",event_type="oracle The ORACLE Database Connection Pool Experiences a 7% Increase in Failed Connections Due to Insufficient Available Database Connections Within the Last 10 Minutes" value 3 timestamp 1732502299000
system_error_total with labels component="authentication_service",technology="oauth2",severity="ERROR",event_type="oauth2 The OAUTH2 Authentication Service Experiences a 32% Increase in Failed Token Validations Within the Last 2 Hours" value 41 timestamp 1732502299000
system_warning_total with labels component="message_queue_consumer",technology="rabbitmq",severity="WARN",event_type="rabbitmq The RABBITMQ Message Queue Consumer Experiences a 20% Increase in Message Drop Rates Due to Inadequate Queue Buffer Sizes Within the Last 5 Minutes" value 137 timestamp 1732502299000
system_info_total with labels component="search_indexer",technology="solr",severity="INFO",event_type="solr The SOLR Search Indexer Successfully Indexes 40,000 Documents Per Hour Within the Last 2 Hours" value 942 timestamp 1732502299000
system_error_total with labels component="notification_service",technology="twilio",severity="ERROR",event_type="twilio The TWILIO Notification Service Experiences a 15% Increase in Failed SMS Send Attempts Due to Incorrect Phone Number Lookups Within the Last 1 Hour" value 46 timestamp 1732502299000
system_critical_total with labels component="authentication_service",technology="oauth2",severity="CRITICAL",event_type="oauth2 The OAUTH2 Authentication Service Experiences a 90% Increase in Failed Client Authentication Requests Due to Expired Client Credentials Within the Last 30 Minutes" value 1 timestamp 1732502299000
system_warning_total with labels component="metrics_collector",technology="grafana",severity="WARN",event_type="grafana The GRAFANA Metrics Collector Experiences a 25% Increase in Queries Per Second Due to Insufficient Disk Space on the Prometheus Instance Within the Last 10 Minutes" value 187 timestamp 1732502299000
system_info_total with labels component="authentication_service",technology="auth0",severity="INFO",event_type="auth0 The AUTH0 Authentication Service Successfully Authenticates 500,000 Users Per Hour Within the Last 2 Hours" value 857 timestamp 1732502299000
system_error_total with labels component="message_queue_consumer",technology="azure-servicebus",severity="ERROR",event_type="azure-servicebus The AZURE SERVICEBUS Message Queue Consumer Experiences a 30% Increase in Dead Letter Messages Due to Insufficient Connection Pooling Within the Last 45 Minutes" value 28 timestamp 1732502299000
system_critical_total with labels component="container_orchestrator",technology="kubernetes",severity="CRITICAL",event_type="kubernetes The KUBERNETES Container Orchestrator Experiences a 95% Failure Rate for Pod Restarts Due to Insufficient Resource Allocation Within the Last 20 Minutes" value 3 timestamp 1732502299000
system_error_total with labels component="metrics_collector",technology="grafana",severity="ERROR",event_type="grafana The GRAFANA Metrics Collector Fails to Poll the Prometheus API 15 Times Within the Last 10 Minutes Due to a Temporary Network Disconnection" value 15 timestamp 1732502299000
system_warning_total with labels component="metrics_collector",technology="dynatrace",severity="WARN",event_type="dynatrace The DYNATRACE Metrics Collector Experiences a 20% Increase in Query Times for the System Monitoring Dashboard Due to High CPU Utilization Within the Last 5 Minutes" value 118 timestamp 1732502299000
system_info_total with labels component="session_manager",technology="infinispan",severity="INFO",event_type="infinispan The INFINISPan Session Manager Successfully Handles 10,000 Concurrent Cache Requests Within the Last 30 Minutes" value 943 timestamp 1732502299000
system_warning_total with labels component="metrics_collector",technology="prometheus",severity="WARN",event_type="prometheus The PROMETHEUS Metrics Collector Detects a 50% Increase in Data Scraping Errors Due to Incorrect Labeling of Scrapped Metrics Within the Last 20 Minutes" value 72 timestamp 1732502299000
system_critical_total with labels component="database_connection_pool",technology="oracle",severity="CRITICAL",event_type="oracle The ORACLE Database Connection Pool Experiences a 90% Failure Rate for Establishing Connections to the Primary Database Due to Insufficient Available Memory Within the Last 15 Minutes" value 7 timestamp 1732502299000
system_error_total with labels component="container_orchestrator",technology="docker-swarm",severity="ERROR",event_type="docker-swarm The Docker Swarm Container Orchestrator Fails to Start a New Container Due to Incompatible Docker Engine Versions Within the Last 10 Minutes" value 23 timestamp 1732502299000
system_critical_total with labels component="session_manager",technology="memcached",severity="CRITICAL",event_type="memcached The MEMCACHED Session Manager Experiences a 95% Failure Rate for Validating Session Tokens Due to Incorrect Expiration Settings Within the Last 20 Minutes" value 4 timestamp 1732502299000
system_info_total with labels component="load_balancer",technology="azure-lb",severity="INFO",event_type="azure-lb The AZURE Load Balancer Session List is Not Updated Successfully Due to Network Configuration Issues Within the Last 5 Minutes" value 187 timestamp 1732502299000
system_error_total with labels component="session_manager",technology="infinispan",severity="ERROR",event_type="infinispan The INFINIS PAN Session Manager Fails to Replicate Session Data Across Nodes Due to Network Partition Within the Last 10 Minutes" value 14 timestamp 1732502299000
system_critical_total with labels component="container_orchestrator",technology="ecs",severity="CRITICAL",event_type="ecs The ECS Container Orchestrator Experiences a 70% Failure Rate for Scheduling New Container Instances Due to Insufficient Available CPU Resources Within the Last 15 Minutes" value 9 timestamp 1732502299000
system_warning_total with labels component="api_gateway",technology="envoy",severity="WARN",event_type="envoy The ENVOY API Gateway Experiences a 50% Failure Rate for Forwarding Incoming HTTP Requests Due to Unhandled Exception Errors Within the Last 5 Minutes" value 118 timestamp 1732502299000
system_info_total with labels component="service_mesh",technology="envoy",severity="INFO",event_type="envoy The ENVOY Service Mesh Session Establishment Rate is Lower Than 95% for the Last 30 Minutes Due to Inadequate DNS Resolution" value 542 timestamp 1732502299000
system_error_total with labels component="message_queue_consumer",technology="aws-sqs",severity="ERROR",event_type="aws-sqs The AWS-SQS Message Queue Consumer Experiences a 20% Failure Rate for Dequeueing Messages Due to Insufficient Message Visibility Within the Last 10 Minutes" value 67 timestamp 1732502299000
system_info_total with labels component="metrics_collector",technology="prometheus",severity="INFO",event_type="prometheus The PROMETHEUS Metrics Collector Experiences a 90% Success Rate for Scraping Metrics from Targets Within the Last 2 Hours Due to Proper Configuration" value 907 timestamp 1732502299000
system_critical_total with labels component="search_indexer",technology="meilisearch",severity="CRITICAL",event_type="meilisearch The MEILISEARCH Search Indexer Experiences a 10% Failure Rate for Indexing New Documents Within the Last 15 Minutes Due to Insufficient RAM Allocation" value 3 timestamp 1732502299000
system_critical_total with labels component="api_gateway",technology="envoy",severity="CRITICAL",event_type="envoy The ENVOY API Gateway Experiences a 5% Failure Rate for Handling Incoming HTTP Requests Within the Last 5 Minutes Due to Unhandled Exception Errors" value 2 timestamp 1732502299000
system_error_total with labels component="search_indexer",technology="meilisearch",severity="ERROR",event_type="meilisearch The MEILISEARCH Search Indexer Experiences a 5% Failure Rate for Updating Existing Indexes Within the Last 10 Minutes Due to Inconsistent Data Types" value 32 timestamp 1732502299000
system_warning_total with labels component="logging_aggregator",technology="loki",severity="WARN",event_type="loki The LOKI Logging Aggregator Experiences a 2% Failure Rate for Processing Log Events Within the Last 30 Minutes Due to Inconsistent JSON Formatting" value 187 timestamp 1732502299000
system_critical_total with labels component="payment_processor",technology="braintree",severity="CRITICAL",event_type="braintree The BRAIN TREE Payment Processor Experiences a 0.2% Failure Rate for Processing Credit Card Transactions Within the Last 5 Minutes Due to Unauthorized Account Holds" value 1 timestamp 1732502299000
system_error_total with labels component="authentication_service",technology="keycloak",severity="ERROR",event_type="keycloak The KEYCLOAK Authentication Service Experiences a 1.8% Failure Rate for Verifying User Credentials Within the Last 10 Minutes Due to Incorrect Token Expiration" value 43 timestamp 1732502299000
system_info_total with labels component="load_balancer",technology="traefik",severity="INFO",event_type="traefik The TRAEFIK Load Balancer Experiences a 2.5% Increase in Successful Incoming HTTP Requests Within the Last 30 Minutes Due to Optimized Routing Rules" value 251 timestamp 1732502299000
system_warning_total with labels component="authentication_service",technology="okta",severity="WARN",event_type="okta The OKTA Authentication Service Experiences a 0.05% Failure Rate for Authenticating Users Within the Last 5 Minutes Due to Incorrect Session Expiration" value 12 timestamp 1732502299000
system_critical_total with labels component="authentication_service",technology="keycloak",severity="CRITICAL",event_type="keycloak The KEYCLOAK Authentication Service Experiences a 0.01% Failure Rate for Authenticating Users Within the Last 1 Minute Due to Unrecognized Client Certificate" value 2 timestamp 1732502299000
system_error_total with labels component="authentication_service",technology="jwt",severity="ERROR",event_type="jwt The JWT Authentication Service Experiences a 0.01% Failure Rate for Validating Tokens Within the Last 30 Minutes Due to Expiration of Signed Tokens" value 8 timestamp 1732502299000
system_critical_total with labels component="service_mesh",technology="consul",severity="CRITICAL",event_type="consul The CONSUL Service Mesh Experiences a 0.03% Failure Rate for Registaring Services Within the Last 2 Minutes Due to Unavailable Server Response" value 4 timestamp 1732502299000
system_warning_total with labels component="notification_service",technology="twilio",severity="WARN",event_type="twilio The TWILIO Notification Service Experiences a 0.005% Failure Rate for Sending SMS Messages Within the Last 10 Minutes Due to Insufficient Phone Number Validation" value 23 timestamp 1732502299000
system_error_total with labels component="notification_service",technology="ses",severity="ERROR",event_type="ses The SES Notification Service Experiences a 0.002% Failure Rate for Sending Email Messages Within the Last 5 Minutes Due to Invalid Source Domain Configuration" value 17 timestamp 1732502299000
system_warning_total with labels component="metrics_collector",technology="prometheus",severity="WARN",event_type="prometheus The PROMETHEUS Metrics Collector Experiences a 0.01% Failure Rate for Scraping Metrics Within the Last 15 Minutes Due to Overwhelming Number of Samples Received From Target Services" value 91 timestamp 1732502299000
system_info_total with labels component="authentication_service",technology="auth0",severity="INFO",event_type="auth0 The Auth0 Authentication Service Successfully Authenticates 999 Out of 1000 Users Within the Last 10 Minutes Due to Optimized JWT Token Validation Mechanism" value 499 timestamp 1732502299000
system_critical_total with labels component="metrics_collector",technology="newrelic",severity="CRITICAL",event_type="newrelic The New Relic Metrics Collector Experiences a 0.012% Failure Rate for Scraping Metrics Within the Last 30 Minutes Due to Critical Application Crash With 4 Concurrent Connections" value 1 timestamp 1732502299000
system_error_total with labels component="search_indexer",technology="algolia",severity="ERROR",event_type="algolia The ALGOLIA Search Indexer Experiences a 0.005% Failure Rate for Indexing Search Results Within the Last 5 Minutes Due to Index Fragmentation Issues" value 44 timestamp 1732502299000
system_warning_total with labels component="metrics_collector",technology="datadog",severity="WARN",event_type="datadog The DATADOG Metrics Collector Experiences a 0.02% Failure Rate for Scraping Metrics Within the Last 20 Minutes Due to High CPU Utilization from Query Processing" value 121 timestamp 1732502299000
system_critical_total with labels component="container_orchestrator",technology="kubernetes",severity="CRITICAL",event_type="kubernetes The KUBERNETES Container Orchestrator Experiences a 0.015% Failure Rate for Creating New Pods Within the Last 10 Minutes Due to Incompatible Container Image Sizes" value 7 timestamp 1732502299000
system_info_total with labels component="session_manager",technology="jwt",severity="INFO",event_type="jwt The JWT Session Manager Successfully Verifies 998 Out of 1000 User Sessions Within the Last 5 Minutes Due to Optimized Token Validation Mechanism" value 498 timestamp 1732502299000
system_warning_total with labels component="message_queue_consumer",technology="aws-sqs",severity="WARN",event_type="aws-sqs The AWS SQS Message Queue Consumer Experiences a 0.015% Failure Rate for Processing Messages Within the Last 15 Minutes Due to Incomplete Message Parsing" value 37 timestamp 1732502299000
system_error_total with labels component="database_connection_pool",technology="mariadb",severity="ERROR",event_type="mariadb The MARIADB Database Connection Pool Experiences a 0.01% Failure Rate for Establishing New Connections Within the Last 20 Minutes Due to Incompatible Driver Versions" value 17 timestamp 1732502299000
system_critical_total with labels component="container_orchestrator",technology="ecs",severity="CRITICAL",event_type="ecs The ECS Container Orchestrator Experiences a 0.012% Failure Rate for Scaling Tasks Within the Last 10 Minutes Due to Resource Insufficient for Container Execution" value 2 timestamp 1732502299000
system_critical_total with labels component="database_connection_pool",technology="postgres",severity="CRITICAL",event_type="postgres The POSTGRES Database Connection Pool Experiences a 0.018% Failure Rate for Releasing Available Connections Within the Last 15 Minutes Due to Deadlocks in Transactions" value 4 timestamp 1732502299000
system_error_total with labels component="database_connection_pool",technology="mysql",severity="ERROR",event_type="mysql The MYSQL Database Connection Pool Experiences a 0.005% Failure Rate for Initializing New Connections Within the Last 25 Minutes Due to Missing Certificate Files in MySQL Configuration" value 13 timestamp 1732502299000
system_info_total with labels component="metrics_collector",technology="grafana",severity="INFO",event_type="grafana The GRAFANA Metrics Collector Experiences a 0.012% Failure Rate for Querying Metric Data Within the Last 20 Minutes Due to Insufficient Permissions for Querying External Services" value 351 timestamp 1732502299000
system_warning_total with labels component="authentication_service",technology="jwt",severity="WARN",event_type="jwt The JWT Authentication Service Experiences a 0.025% Failure Rate for Validating Signed JWT Tokens Within the Last 15 Minutes Due to Inconsistent Token Expiration Times Across Different Systems" value 91 timestamp 1732502299000
system_critical_total with labels component="payment_processor",technology="adyen",severity="CRITICAL",event_type="adyen The ADYEN Payment Processor Experiences a 0.009% Failure Rate for Processing Payment Transactions Within the Last 30 Minutes Due to Incorrect Card Verification Values" value 6 timestamp 1732502299000
system_error_total with labels component="logging_aggregator",technology="splunk",severity="ERROR",event_type="splunk The SPLUNK Logging Aggregator Experiences a 0.007% Failure Rate for Indexing Log Data Within the Last 25 Minutes Due to Missing Index Configuration Parameters" value 37 timestamp 1732502299000
system_critical_total with labels component="authentication_service",technology="jwt",severity="CRITICAL",event_type="jwt The JWT Authentication Service Experiences a 0.001% Failure Rate for Generating Signed JWT Tokens Within the Last 10 Minutes Due to Hardware Token Malfunction" value 2 timestamp 1732502299000
system_info_total with labels component="search_indexer",technology="solr",severity="INFO",event_type="solr The SOLR Search Indexer Successfully Indexes 120 Documents Within the Last 5 Minutes Without Any Errors or Performance Issues" value 120 timestamp 1732502299000
system_error_total with labels component="search_indexer",technology="algolia",severity="ERROR",event_type="algolia The ALGOLIA Search Indexer Experiences a 0.012% Failure Rate for Sending Search Queries to the ALGOLIA Cloud Within the Last 15 Minutes Due to Network Connection Drops" value 42 timestamp 1732502299000
system_warning_total with labels component="notification_service",technology="firebase",severity="WARN",event_type="firebase The FIREBASE Notification Service Receives 127 Notifications Within the Last 2 Minutes, Exceeding the Daily Threshold by 10%" value 187 timestamp 1732502299000
system_critical_total with labels component="payment_processor",technology="square",severity="CRITICAL",event_type="square The SQUARE Payment Processor Experiences a 0.003% Failure Rate for Processing Payment Transactions Within the Last 5 Minutes Due to Declined Payment Method" value 4 timestamp 1732502299000
system_info_total with labels component="session_manager",technology="hazelcast",severity="INFO",event_type="hazelcast The HAZELCAST Session Manager Successfully Stores 500 Session Objects Within the Last 10 Minutes Without Any Errors or Performance Issues" value 500 timestamp 1732502299000
system_critical_total with labels component="logging_aggregator",technology="fluentd",severity="CRITICAL",event_type="fluentd The FLUENTD Logging Aggregator Experiences a 0.006% Failure Rate for Processing Log Events Within the Last 3 Minutes Due to Disk Space Exhaustion" value 2 timestamp 1732502299000
system_error_total with labels component="notification_service",technology="smtp",severity="ERROR",event_type="smtp The SMTP Notification Service Fails to Send 23 Notifications Within the Last 5 Minutes Due to Invalid Sender Email Addresses" value 27 timestamp 1732502299000
system_warning_total with labels component="api_gateway",technology="kong",severity="WARN",event_type="kong The KONG API Gateway Experiences 145 Increased Request Latencies Within the Last 10 Minutes Due to High CPU Utilization" value 145 timestamp 1732502299000
system_error_total with labels component="notification_service",technology="smtp",severity="ERROR",event_type="smtp The SMTP Notification Service Fails to Send 42 Notifications Within the Last 5 Minutes Due to Invalid Authentication Credentials" value 42 timestamp 1732502299000
system_critical_total with labels component="message_queue_consumer",technology="rabbitmq",severity="CRITICAL",event_type="rabbitmq The RABBITMQ Message Queue Consumer Experiences a 0.02% Failure Rate for Processing 10 Messages Within the Last 2 Minutes Due to Network Partition" value 4 timestamp 1732502299000
system_info_total with labels component="payment_processor",technology="paypal",severity="INFO",event_type="paypal The PAYPAL Payment Processor Successfully Processes 523 Payments Within the Last 10 Minutes with an Average Processing Time of 2.5 Seconds" value 523 timestamp 1732502299000
system_error_total with labels component="file_storage_handler",technology="azure-blob",severity="ERROR",event_type="azure-blob The AZURE BLOB Storage Handler Fails to Download 27 Files Within the Last 5 Minutes Due to Insufficient Storage Quota" value 27 timestamp 1732502299000
system_warning_total with labels component="logging_aggregator",technology="loki",severity="WARN",event_type="loki The LOKI Logging Aggregator Experiences a 0.04% Increase in Buffer Overflow Events Within the Last 10 Minutes Due to High Log Volume" value 194 timestamp 1732502299000
system_critical_total with labels component="cache_manager",technology="hazelcast",severity="CRITICAL",event_type="hazelcast The HAZELCAST Cache Manager Experiences a 0.01% Failure Rate for Cache Refresh Within the Last 5 Minutes Due to Disk Full Conditions" value 3 timestamp 1732502299000
system_error_total with labels component="session_manager",technology="infinispan",severity="ERROR",event_type="infinispan The INFINIS PAN Cache Experiences a 0.05% Failure Rate for Session Retrieval Within the Last 10 Minutes Due to Inconsistent Data" value 47 timestamp 1732502299000
system_critical_total with labels component="authentication_service",technology="oauth2",severity="CRITICAL",event_type="oauth2 The OAUTH2 Authentication Service Experiences a 0.003% Failure Rate for Token Validation Within the Last 5 Minutes Due to Expired Tokens" value 4 timestamp 1732502299000
system_warning_total with labels component="cache_manager",technology="hazelcast",severity="WARN",event_type="hazelcast The HAZELCAST Cache Manager Experiences a 0.08% Increase in Cache Evictions Within the Last 10 Minutes Due to High Memory Utilization" value 186 timestamp 1732502299000
system_info_total with labels component="authentication_service",technology="jwt",severity="INFO",event_type="jwt The JWT Authentication Service Experiences a 0.012% Increase in Token Expiration Rate Within the Last 30 Minutes Due to Changing Time Zones" value 128 timestamp 1732502299000
system_error_total with labels component="file_storage_handler",technology="gcs",severity="ERROR",event_type="gcs The GCS File Storage Handler Experiences a 0.02% Failure Rate for Object Uploads Within the Last 20 Minutes Due to Insufficient Disk Space" value 32 timestamp 1732502299000
system_warning_total with labels component="service_mesh",technology="envoy",severity="WARN",event_type="envoy The ENVOY Service Mesh Experiences a 0.06% Increase in Service Ingress Errors Within the Last 15 Minutes Due to Misconfigured Routes" value 191 timestamp 1732502299000
system_critical_total with labels component="load_balancer",technology="aws-elb",severity="CRITICAL",event_type="aws-elb The AWS Elastic Load Balancer Experiences a 0.015% Failure Rate for Connection Establishment Within the Last 5 Minutes Due to Insufficient Instance Resources" value 1 timestamp 1732502299000
system_error_total with labels component="payment_processor",technology="adyen",severity="ERROR",event_type="adyen The ADYEN Payment Processor Experiences a 0.03% Failure Rate for Payment Authorizations Within the Last 10 Minutes Due to Invalid Card Numbers" value 12 timestamp 1732502299000
system_info_total with labels component="message_queue_consumer",technology="aws-sqs",severity="INFO",event_type="aws-sqs The AWS SQS Message Queue Consumer Experiences a 0.25% Increase in Message Dequeue Errors Within the Last 30 Minutes Due to Concurrent Concurrency Limit Exceeded" value 412 timestamp 1732502299000
system_critical_total with labels component="service_mesh",technology="consul",severity="CRITICAL",event_type="consul The CONSUL Service Mesh Experiences a 0.012% Failure Rate for Service Registration Within the Last 3 Minutes Due to Insufficient Consul Service Upgrades" value 4 timestamp 1732502299000
system_warning_total with labels component="metrics_collector",technology="prometheus",severity="WARN",event_type="prometheus The PROMETHEUS Metrics Collector Experiences a 0.085% Increase in scrape Errors Within the Last 15 Minutes Due to Inconsistent Metric Labels Format" value 181 timestamp 1732502299000
system_info_total with labels component="metrics_collector",technology="grafana",severity="INFO",event_type="grafana The GRAFANA Metrics Dashboard Experiences a 0.22% Increase in 5-Minute Average Response Times Within the Last 10 Minutes Due to High CPU Utilization from Querying" value 921 timestamp 1732502299000
system_error_total with labels component="logging_aggregator",technology="datadog",severity="ERROR",event_type="datadog The DATADOG Logging Aggregator Experiences a 0.013% Failure Rate for Log Serialization Within the Last 5 Minutes Due to Invalid JSON Formatting" value 32 timestamp 1732502299000
system_critical_total with labels component="session_manager",technology="hazelcast",severity="CRITICAL",event_type="hazelcast The HAZELCAST Session Manager Experiences a 0.007% Failure Rate for Session Initialization Within the Last 2 Minutes Due to Inconsistent Session Token Validation" value 2 timestamp 1732502299000
system_critical_total with labels component="database_connection_pool",technology="oracle",severity="CRITICAL",event_type="oracle The ORACLE Database Connection Pool Experiences a 0.015% Failure Rate for Connection Establishment Within the Last 3 Minutes Due to Resource Exhaustion from Insufficient Connections" value 4 timestamp 1732502299000
system_error_total with labels component="payment_processor",technology="braintree",severity="ERROR",event_type="braintree The BRAINTE PAYMENT PROCESSOR Experiences a 0.019% Failure Rate for Payment Processing Within the Last 4 Minutes Due to Invalid Credit Card Formatting" value 47 timestamp 1732502299000
system_warning_total with labels component="api_gateway",technology="nginx",severity="WARN",event_type="nginx The NGINX API GATEWAY Experiences a 0.029% Increase in 5-Minute Average Request Latency Within the Last 10 Minutes Due to High CPU Utilization from Rewriting Rules" value 135 timestamp 1732502299000
system_error_total with labels component="payment_processor",technology="braintree",severity="ERROR",event_type="braintree The BRAINTE PAYMENT PROCESSOR Experiences a 0.023% Failure Rate for Payment Processing Within the Last 2 Minutes Due to Insufficient Funds for Recurring Payments" value 31 timestamp 1732502299000
system_warning_total with labels component="service_mesh",technology="linkerd",severity="WARN",event_type="linkerd The LINKERD SERVICE Mesh Experiences a 0.041% Increase in 5-Minute Average Request Latency Within the Last 15 Minutes Due to High Traffic Volume from Service Discovery Failures" value 181 timestamp 1732502299000
system_info_total with labels component="load_balancer",technology="nginx",severity="INFO",event_type="nginx The NGINX LOAD BALANCER Experiences a 10.32% Increase in 5-Minute Average Request Latency Within the Last 30 Minutes Due to Configuration Updates for New Server Additions" value 942 timestamp 1732502299000
system_critical_total with labels component="message_queue_consumer",technology="aws-sqs",severity="CRITICAL",event_type="aws-sqs The AWS-SQS MESSAGE QUEUE CONSUMER Experiences a 0.007% Failure Rate for Message Processing Within the Last 2 Minutes Due to Unexpected Message Queue Empty" value 4 timestamp 1732502299000
system_error_total with labels component="logging_aggregator",technology="splunk",severity="ERROR",event_type="splunk The SPLUNK LOGGING AGGREGATOR Experiences a 0.015% Increase in 5-Minute Average Request Latency Within the Last 20 Minutes Due to High Network Bandwidth Usage from Indexer Server" value 41 timestamp 1732502299000
system_warning_total with labels component="message_queue_consumer",technology="activemq",severity="WARN",event_type="activemq The ACTIVEMQ MESSAGE QUEUE CONSUMER Experiences a 0.053% Increase in 5-Minute Average Request Latency Within the Last 15 Minutes Due to Resource Constraints on the Broker Node" value 187 timestamp 1732502299000
system_info_total with labels component="search_indexer",technology="solr",severity="INFO",event_type="solr The SOLR SEARCH INDEXER Experiences a 0.025% Increase in 5-Minute Average Request Latency Within the Last 25 Minutes Due to Indexing of New Data from External Sources" value 981 timestamp 1732502299000
system_error_total with labels component="authentication_service",technology="jwt",severity="ERROR",event_type="jwt The JWT AUTHENTICATION SERVICE Experiences a 0.012% Increase in 5-Minute Average Request Latency Within the Last 15 Minutes Due to Invalid Token Format from Client" value 28 timestamp 1732502299000
system_critical_total with labels component="metrics_collector",technology="datadog",severity="CRITICAL",event_type="datadog The DATADOG METRICS COLLECTOR Experiences a 0.010% Increase in 5-Minute Average Request Latency Within the Last 20 Minutes Due to Network Connection Loss to Datadog Service" value 3 timestamp 1732502299000
system_error_total with labels component="payment_processor",technology="paypal",severity="ERROR",event_type="paypal The PAYPAL PAYMENT PROCESSOR Experiences a 0.015% Increase in 5-Minute Average Request Latency Within the Last 10 Minutes Due to Payment Gateway Service Unavailability" value 44 timestamp 1732502299000
system_warning_total with labels component="api_gateway",technology="nginx",severity="WARN",event_type="nginx The NGINX API GATEWAY Experiences a 0.009% Increase in 5-Minute Average Request Latency Within the Last 15 Minutes Due to High Concurrent Requests from External Services" value 193 timestamp 1732502299000
system_info_total with labels component="notification_service",technology="firebase",severity="INFO",event_type="firebase The FIREBASE NOTIFICATION SERVICE Notifies 1000 Users Successfully of New App Release Within the Last 10 Minutes Due to Proper Firebase Configuration" value 942 timestamp 1732502299000
system_critical_total with labels component="file_storage_handler",technology="s3",severity="CRITICAL",event_type="s3 The S3 FILE STORAGE HANDLER Experiences a 0.012% Increase in 5-Minute Average Request Latency Within the Last 20 Minutes Due to Incompatible Bucket Policy" value 7 timestamp 1732502299000
system_error_total with labels component="api_gateway",technology="apache",severity="ERROR",event_type="apache The APACHE API GATEWAY Experiences a 0.010% Increase in 5-Minute Average Request Latency Within the Last 15 Minutes Due to Unavailable Apache Server on Load Balancer" value 32 timestamp 1732502299000
system_info_total with labels component="logging_aggregator",technology="loki",severity="INFO",event_type="loki The LOKI LOGGING AGGREGATOR Successfully Processed 5000 Log Events from Multiple Sources Within the Last 10 Minutes Without Any Errors or Retention Issues" value 941 timestamp 1732502299000
system_warning_total with labels component="container_orchestrator",technology="ecs",severity="WARN",event_type="ecs The ECS CONTAINER ORCHESTRATOR Notifies 200 Containers That Are Experiencing High CPU Utilization Due to Insufficient Resources Within the Last 5 Minutes" value 187 timestamp 1732502299000
system_error_total with labels component="load_balancer",technology="azure-lb",severity="ERROR",event_type="azure-lb The AZURE LB LOAD BALANCER Experiences a 0.015% Increase in 5-Minute Average Request Latency Within the Last 10 Minutes Due to Connection Drops on Session Re-Establishment" value 46 timestamp 1732502299000
system_critical_total with labels component="api_gateway",technology="apache",severity="CRITICAL",event_type="apache The APACHE API GATEWAY Experiences a 0.020% Increase in 5-Minute Average Request Latency Within the Last 15 Minutes Due to Concurrently High CPU Utilization of the APACHE Server" value 4 timestamp 1732502299000
system_info_total with labels component="session_manager",technology="redis",severity="INFO",event_type="redis The REDIS SESSION MANAGER Successfully Expired 15000 Active Sessions Within the Last 10 Minutes Without Any Issues or Connection Losses" value 941 timestamp 1732502299000
system_error_total with labels component="payment_processor",technology="stripe",severity="ERROR",event_type="stripe The STRIPE PAYMENT PROCESSOR Experiences a 0.007% Increase in 5-Minute Average Request Latency Within the Last 15 Minutes Due to Invalid Payment Method Tokens" value 37 timestamp 1732502299000
system_critical_total with labels component="search_indexer",technology="elasticsearch",severity="CRITICAL",event_type="elasticsearch The ELASTICSEARCH SEARCH INDEXER Experiences a 0.035% Increase in 5-Minute Average Request Latency Within the Last 20 Minutes Due to Duplicate Indexing Attempts on Non-Existent Data" value 3 timestamp 1732502299000
system_warning_total with labels component="logging_aggregator",technology="loki",severity="WARN",event_type="loki The LOKI LOGGING AGGREGATOR Experiences a 0.012% Increase in 5-Minute Average Storage Usage Within the Last 10 Minutes Due to Uncompressed Log Data" value 185 timestamp 1732502299000
system_info_total with labels component="session_manager",technology="jwt",severity="INFO",event_type="jwt The JWT SESSION MANAGER Successfully Generated 12000 Unique Session Tokens Within the Last 5 Minutes Without Any Issues or Expiration Delays" value 943 timestamp 1732502299000
system_error_total with labels component="load_balancer",technology="aws-elb",severity="ERROR",event_type="aws-elb The AWS-ELB LOAD BALANCER Experiences a 0.013% Increase in 5-Minute Average Connection Dropping Within the Last 20 Minutes Due to Invalid Target Group Associations" value 29 timestamp 1732502299000
system_critical_total with labels component="message_queue_consumer",technology="activemq",severity="CRITICAL",event_type="activemq The ACTIVEMQ MESSAGE QUEUE CONSUMER Experiences a 0.025% Increase in 5-Minute Average Message Rejections Within the Last 15 Minutes Due to Insufficient Broker Resources" value 5 timestamp 1732502299000
system_error_total with labels component="api_gateway",technology="apache",severity="ERROR",event_type="apache The APACHE API GATEWAY Experiences a 0.016% Increase in 5-Minute Average Request Aborts Within the Last 20 Minutes Due to Malformed Request Payloads" value 41 timestamp 1732502299000
system_warning_total with labels component="file_storage_handler",technology="minio",severity="WARN",event_type="minio The MINIO FILE STORAGE HANDLER Experiences a 0.022% Increase in 5-Minute Average Object Write Rate Within the Last 10 Minutes Due to High Disk Utilization" value 191 timestamp 1732502299000
system_info_total with labels component="message_queue_consumer",technology="kafka",severity="INFO",event_type="kafka The KAFKA MESSAGE QUEUE CONSUMER Successfully Consumed 1024 Messages Within the Last 5 Minutes From All Topics Without Any Interruptions" value 812 timestamp 1732502299000
system_critical_total with labels component="service_mesh",technology="kuma",severity="CRITICAL",event_type="kuma The KUMA SERVICE MESH Experiences a 0.012% Increase in 5-Minute Average Service Call Drops Within the Last 15 Minutes Due to Inconsistent Service Discovery" value 4 timestamp 1732502299000
system_error_total with labels component="service_mesh",technology="envoy",severity="ERROR",event_type="envoy The ENVOY SERVICE MESH Experiences a 0.015% Increase in 5-Minute Average Route Rejections Within the Last 20 Minutes Due to Misconfigured Route Configurations" value 35 timestamp 1732502299000
system_info_total with labels component="logging_aggregator",technology="fluentd",severity="INFO",event_type="fluentd The FLUENTD LOGGING AGGREGATOR Successfully Processed 987 Messages Within the Last 5 Minutes Without Any Errors or Data Loss" value 946 timestamp 1732502299000
system_critical_total with labels component="container_orchestrator",technology="aks",severity="CRITICAL",event_type="aks The AKS CONTAINER ORCHESTRATOR Experiences a 0.01% Increase in 5-Minute Average Pod Restart Failures Within the Last 10 Minutes Due to Insufficient Networking Configuration" value 3 timestamp 1732502299000
system_warning_total with labels component="metrics_collector",technology="dynatrace",severity="WARN",event_type="dynatrace The DYNATRACE METRICS COLLECTOR Detects 22 High-Priority Service Monitoring Alerts Within the Last 5 Minutes Due to Unresolved Service Dependencies" value 191 timestamp 1732502299000
system_error_total with labels component="message_queue_consumer",technology="activemq",severity="ERROR",event_type="activemq The ACTIVEMQ MESSAGE QUEUE CONSUMER Experiences a 0.005% Increase in 5-Minute Average Message Rejections Within the Last 20 Minutes Due to Insufficient Broker Configuration" value 48 timestamp 1732502299000
system_critical_total with labels component="container_orchestrator",technology="kubernetes",severity="CRITICAL",event_type="kubernetes The KUBERNETES CONTAINER ORCHESTRATOR Detects 4 Pod Crashes Within the Last 5 Minutes Due to Failed Deployment of Critical Application Components" value 4 timestamp 1732502299000
system_warning_total with labels component="cache_manager",technology="memcached",severity="WARN",event_type="memcached The MEMCACHED CACHE MANAGER Registers 185 High-Average Cache Hit Rates Within the Last 5 Minutes Due to Inefficient Cache Data Distribution" value 192 timestamp 1732502299000
system_info_total with labels component="container_orchestrator",technology="ecs",severity="INFO",event_type="ecs The ECS CONTAINER ORCHESTRATOR Successfully Launched 512 New Tasks Within the Last 10 Minutes as Part of a Large-Scale Deployment" value 512 timestamp 1732502299000
system_error_total with labels component="service_mesh",technology="consul",severity="ERROR",event_type="consul The CONSUL SERVICE MESH Experiences a 0.02% Increase in 5-Minute Average Service Discovery Errors Within the Last 15 Minutes Due to Inconsistent Service Configuration" value 12 timestamp 1732502299000
system_critical_total with labels component="metrics_collector",technology="datadog",severity="CRITICAL",event_type="datadog The DATADOG METRICS COLLECTOR Detects 7 High-Avg-Measurements-Out-of-Range Events Within the Last 5 Minutes Due to Misconfigured Host Instrumentation" value 7 timestamp 1732502299000
system_warning_total with labels component="cache_manager",technology="hazelcast",severity="WARN",event_type="hazelcast The HAZELCAST CACHE MANAGER Registers 278 Average Cache Hit Rates Below 90% Within the Last 5 Minutes Due to Inefficient Cache Data Eviction Policies" value 278 timestamp 1732502299000
system_critical_total with labels component="search_indexer",technology="elasticsearch",severity="CRITICAL",event_type="elasticsearch The ELASTICSEARCH SEARCH INDEXER Experiences 4 Consecutive 5-Minute Averages of 20+ Seconds in Query Latency Due to Insufficient CPU Resources" value 4 timestamp 1732502299000
system_error_total with labels component="service_mesh",technology="linkerd",severity="ERROR",event_type="linkerd The LINKERD SERVICE MESH Misconfigures 17 Routes to Use the Incorrect Proxy URL Within the Last 5 Minutes Causing Broken Service Connections" value 17 timestamp 1732502299000
system_info_total with labels component="authentication_service",technology="oauth2",severity="INFO",event_type="oauth2 The OAUTH2 AUTHENTICATION SERVICE Successfully Authenticates 542 Users Within the Last 5 Minutes Using Refresh Tokens" value 542 timestamp 1732502299000
system_critical_total with labels component="payment_processor",technology="braintree",severity="CRITICAL",event_type="braintree The BRAIN TREE PAYMENT PROCESSOR Experiences 2 Consecutive 5-Minute Averages of 10+ Failed Authorization Requests Within the Last 5 Minutes Due to Inadequate PCI Compliance" value 2 timestamp 1732502299000
system_error_total with labels component="database_connection_pool",technology="postgres",severity="ERROR",event_type="postgres The POSTGRES DATABASE CONNECTION POOL Fails to Reconnect 23 Connections to the Database Within the Last 5 Minutes Due to Network Disconnections" value 23 timestamp 1732502299000
system_warning_total with labels component="load_balancer",technology="haproxy",severity="WARN",event_type="haproxy The HAPROXY LOAD BALANCER Experiences 118 High Memory Usage Alerts Within the Last 5 Minutes Due to Insufficient Swap Space on the Host System" value 118 timestamp 1732502299000
system_info_total with labels component="database_connection_pool",technology="mongodb",severity="INFO",event_type="mongodb The MONGODB DATABASE CONNECTION POOL Successfully Opens 421 Connections to the MongoDB Cluster Within the Last 5 Minutes After a Server Restart" value 421 timestamp 1732502299000
system_critical_total with labels component="notification_service",technology="ses",severity="CRITICAL",event_type="ses The SES NOTIFICATION SERVICE Experiences 4 Consecutive 5-Minute Averages of 15+ Failed Message Sends Within the Last 5 Minutes Due to Invalid Source Email Addresses" value 4 timestamp 1732502299000
system_error_total with labels component="logging_aggregator",technology="fluentd",severity="ERROR",event_type="fluentd The FLUENTD LOGGING AGGREGATOR Fails to Parse 37 Log Events Within the Last 5 Minutes Due to Invalid Log Formats" value 37 timestamp 1732502299000
system_critical_total with labels component="container_orchestrator",technology="nomad",severity="CRITICAL",event_type="nomad The NOMAD CONTAINER ORCHESTRATOR Experiences 2 Consecutive 5-Minute Averages of 9+ Failed Task Revivals Within the Last 5 Minutes Due to Incompatible Task Spec Versions" value 2 timestamp 1732502299000
system_warning_total with labels component="logging_aggregator",technology="elasticsearch",severity="WARN",event_type="elasticsearch The ELASTICSEARCH LOGGING AGGREGATOR Notifies 167 Log Events Within the Last 5 Minutes of Indexing Errors Due to Overwhelming Log Volume" value 167 timestamp 1732502299000
system_error_total with labels component="container_orchestrator",technology="aks",severity="ERROR",event_type="aks The AKS CONTAINER ORCHESTRATOR Experiences 22 Consecutive 5-Minute Averages of 10+ Failed Pod Provisions Within the Last 5 Minutes Due to Insufficient Container Resources" value 22 timestamp 1732502299000
system_critical_total with labels component="notification_service",technology="twilio",severity="CRITICAL",event_type="twilio The TWILIO NOTIFICATION SERVICE Experiences 5 Consecutive 5-Minute Averages of 15+ Failed SMS Sends Within the Last 5 Minutes Due to Invalid Phone Numbers Provided" value 5 timestamp 1732502299000
system_info_total with labels component="message_queue_consumer",technology="rabbitmq",severity="INFO",event_type="rabbitmq The RABBITMQ MESSAGE QUEUE CONSUMER Notifies 812 Log Events Within the Last 5 Minutes of Successful Message Consumptions Due to Optimized Consumer Group Sizes" value 812 timestamp 1732502299000
system_error_total with labels component="notification_service",technology="firebase",severity="ERROR",event_type="firebase The FIREBASE NOTIFICATION SERVICE Experiences 13 Consecutive 5-Minute Averages of 12+ Failed FCM Requests Within the Last 5 Minutes Due to Invalid Token Mappings" value 13 timestamp 1732502299000
system_warning_total with labels component="cache_manager",technology="memcached",severity="WARN",event_type="memcached The MEMCACHED CACHE MANAGER Notifies 141 Log Events Within the Last 5 Minutes of High Memory Usage Due to Inadequate Eviction Policies" value 141 timestamp 1732502299000
system_critical_total with labels component="load_balancer",technology="haproxy",severity="CRITICAL",event_type="haproxy The HAPROXY LOAD BALANCER Experiences 3 Consecutive 5-Minute Averages of 9+ Failed Connection Attempts Within the Last 5 Minutes Due to Configuration Overload" value 3 timestamp 1732502299000
system_warning_total with labels component="cache_manager",technology="hazelcast",severity="WARN",event_type="hazelcast The HAZELCAST CACHE MANAGER Notifies 67 Log Events Within the Last 5 Minutes of Slow Cache Lookups Due to Inadequate Partitioning Strategies" value 67 timestamp 1732502299000
system_error_total with labels component="load_balancer",technology="aws-elb",severity="ERROR",event_type="aws-elb The AWS ELB LOAD BALANCER Experiences 37 Consecutive 5-Minute Averages of 15+ Failed Health Checks Within the Last 5 Minutes Due to Insufficient Cidr Block Configuration" value 37 timestamp 1732502299000
system_critical_total with labels component="payment_processor",technology="stripe",severity="CRITICAL",event_type="stripe The STRIPE PAYMENT PROCESSOR Experiences 2 Consecutive 5-Minute Averages of 8+ Failed Payment Processing Attempts Within the Last 5 Minutes Due to Excessive Invalid Payment Methods" value 2 timestamp 1732502299000
system_info_total with labels component="cache_manager",technology="hazelcast",severity="INFO",event_type="hazelcast The HAZELCAST CACHE MANAGER Notifies 802 Log Events Within the Last 5 Minutes of Cache Evictions Due to Natural Eviction Policies" value 802 timestamp 1732502299000
system_error_total with labels component="message_queue_consumer",technology="rabbitmq",severity="ERROR",event_type="rabbitmq The RABBITMQ MESSAGE QUEUE CONSUMER Experiences 24 Consecutive 5-Minute Averages of 10+ Failed Message Consumptions Within the Last 5 Minutes Due to Insufficient Memory Allocation" value 24 timestamp 1732502299000
system_critical_total with labels component="file_storage_handler",technology="gcs",severity="CRITICAL",event_type="gcs The GCS FILE STORAGE HANDLER Experiences 1 Consecutive 5-Minute Average of 9+ Failed Object Uploads Within the Last 5 Minutes Due to Excessive Concurrent Upload Requests" value 1 timestamp 1732502299000
system_warning_total with labels component="database_connection_pool",technology="mariadb",severity="WARN",event_type="mariadb The MARIADB DATABASE CONNECTION POOL Experiences 187 Consecutive 5-Minute Averages of 3+ Failed Connections Within the Last 5 Minutes Due to Insufficient Host Name Resolution" value 187 timestamp 1732502299000
system_info_total with labels component="container_orchestrator",technology="nomad",severity="INFO",event_type="nomad The NOMAD CONTAINER ORCHESTRATOR Notifies 421 Log Events Within the Last 5 Minutes of Successful Job Migrations Due to Automated Job Scaling Policies" value 421 timestamp 1732502299000
system_error_total with labels component="session_manager",technology="memcached",severity="ERROR",event_type="memcached The MEMCACHED SESSION MANAGER Experiences 13 Consecutive 5-Minute Averages of 7+ Failed Cache Hits Within the Last 5 Minutes Due to Inconsistent Cache Expiration Policies" value 13 timestamp 1732502299000
system_critical_total with labels component="database_connection_pool",technology="oracle",severity="CRITICAL",event_type="oracle The ORACLE DATABASE CONNECTION POOL Experiences 3 Consecutive 5-Minute Averages of 10+ Failed Connections Within the Last 5 Minutes Due to Inadequate Buffer Pool Sizes" value 3 timestamp 1732502299000
system_warning_total with labels component="cache_manager",technology="redis",severity="WARN",event_type="redis The REDIS CACHE MANAGER Experiences 102 Consecutive 5-Minute Averages of 2+ Failed Cache Writes Within the Last 5 Minutes Due to Inadequate Memory Allocation" value 102 timestamp 1732502299000
system_info_total with labels component="file_storage_handler",technology="azure-blob",severity="INFO",event_type="azure-blob The AZURE BLOB FILE STORAGE HANDLER Notifies 817 Log Events Within the Last 5 Minutes of Successful File Uploads Due to Optimized Compression Algorithms" value 817 timestamp 1732502299000
system_error_total with labels component="search_indexer",technology="elasticsearch",severity="ERROR",event_type="elasticsearch The ELASTICSEARCH SEARCH INDEXER Experiences 31 Consecutive 5-Minute Averages of 4+ Failed Index Writes Within the Last 5 Minutes Due to Inadequate Disk Space" value 31 timestamp 1732502299000
system_critical_total with labels component="container_orchestrator",technology="docker-swarm",severity="CRITICAL",event_type="docker-swarm The DOCKER SWARM CONTAINER ORCHESTRATOR Experiences 9 Consecutive 5-Minute Averages of 12+ Failed Task Launches Within the Last 5 Minutes Due to Inadequate CPU Allocation" value 9 timestamp 1732502299000
system_critical_total with labels component="container_orchestrator",technology="aks",severity="CRITICAL",event_type="aks The AKS CONTAINER ORCHESTRATOR Notifies 4 Consecutive 5-Minute Averages of 8+ Failed Pod Deployments Within the Last 5 Minutes Due to Inadequate Network Configuration" value 4 timestamp 1732502299000
system_error_total with labels component="api_gateway",technology="traefik",severity="ERROR",event_type="traefik The TRAEFIK API GATEWAY Experiences 13 Consecutive 5-Minute Averages of 6+ Failed Route Replacements Within the Last 5 Minutes Due to Inadequate DNS Resolution" value 13 timestamp 1732502299000
system_critical_total with labels component="metrics_collector",technology="newrelic",severity="CRITICAL",event_type="newrelic The NEWRELIC METRICS COLLECTOR Notifies 2 Consecutive 5-Minute Averages of 10+ Failed Agent Health Checks Within the Last 5 Minutes Due to Inadequate Connection Establishment" value 2 timestamp 1732502299000
system_error_total with labels component="service_mesh",technology="consul",severity="ERROR",event_type="consul The CONSUL SERVICE MESH Experiences 46 Consecutive 5-Minute Averages of 2+ Failed Health Checks Within the Last 5 Minutes Due to Inadequate Service Discovery" value 46 timestamp 1732502299000
system_warning_total with labels component="metrics_collector",technology="dynatrace",severity="WARN",event_type="dynatrace The DYNATRACE METRICS COLLECTOR Notifies 85 Consecutive 5-Minute Averages of 3+ Failed Monitoring Agent Connections Within the Last 5 Minutes Due to Inadequate Session Expiration" value 85 timestamp 1732502299000
system_info_total with labels component="logging_aggregator",technology="loki",severity="INFO",event_type="loki The LOKI LOGGING AGGREGATOR Notifies 314 Consecutive 5-Minute Averages of 1+ Successful Log Message Indexing Within the Last 5 Minutes Due to Adequate Storage Allocation" value 314 timestamp 1732502299000
system_warning_total with labels component="search_indexer",technology="opensearch",severity="WARN",event_type="opensearch The OPENSEARCH SEARCH INDEXER Experiences 17 Consecutive 5-Minute Averages of 2+ Failed Document Indexing Operations Within the Last 5 Minutes Due to Inadequate Index Fragmentation" value 17 timestamp 1732502299000
system_critical_total with labels component="service_mesh",technology="envoy",severity="CRITICAL",event_type="envoy The ENVOY SERVICE MESH Experiences 3 Consecutive 5-Minute Averages of 10+ Failed Proxy Establishments Within the Last 5 Minutes Due to Inadequate SSL/TLS Configuration" value 3 timestamp 1732502299000
system_error_total with labels component="search_indexer",technology="elasticsearch",severity="ERROR",event_type="elasticsearch The ELASTICSEARCH SEARCH INDEXER Experiences 22 Consecutive 5-Minute Averages of 5+ Failed Indexing Operations Within the Last 5 Minutes Due to Inadequate Document Normalization" value 22 timestamp 1732502299000
system_info_total with labels component="service_mesh",technology="istio",severity="INFO",event_type="istio The ISTIO SERVICE MESH Notifies 142 Consecutive 5-Minute Averages of 1+ Successful Sidecar Injection Operations Within the Last 5 Minutes Due to Adequate Service Mesh Configuration" value 142 timestamp 1732502299000
system_critical_total with labels component="message_queue_consumer",technology="activemq",severity="CRITICAL",event_type="activemq The ACTIVEMQ MESSAGE QUEUE CONSUMER Experiences 4 Consecutive 5-Minute Averages of 10+ Failed Message Consumptions Within the Last 5 Minutes Due to Insufficient Broker Memory Allocation" value 4 timestamp 1732502299000
system_error_total with labels component="service_mesh",technology="envoy",severity="ERROR",event_type="envoy The ENVOY SERVICE MESH Experiences 15 Consecutive 5-Minute Averages of 5+ Failed Proxy Routing Decisions Within the Last 5 Minutes Due to Inadequate Route Configuration" value 15 timestamp 1732502299000
system_warning_total with labels component="search_indexer",technology="elasticsearch",severity="WARN",event_type="elasticsearch The ELASTICSEARCH SEARCH INDEXER Experiences 187 Consecutive 5-Minute Averages of 20+ Failed Indexing Operations Within the Last 5 Minutes Due to High Disk Usage" value 187 timestamp 1732502299000
system_info_total with labels component="notification_service",technology="twilio",severity="INFO",event_type="twilio The TWILIO NOTIFICATION SERVICE Notifies 351 Consecutive 5-Minute Averages of 1+ Successful SMS Message Sends Within the Last 5 Minutes Due to Adequate Account Configuration" value 351 timestamp 1732502299000
system_error_total with labels component="payment_processor",technology="adyen",severity="ERROR",event_type="adyen The ADYEN PAYMENT PROCESSOR Experiences 53 Consecutive 5-Minute Averages of 10+ Failed Payment Authorizations Within the Last 5 Minutes Due to Insufficient Card Verification Results" value 53 timestamp 1732502299000
system_critical_total with labels component="api_gateway",technology="envoy",severity="CRITICAL",event_type="envoy The ENVOY API GATEWAY Experiences 2 Consecutive 5-Minute Averages of 5+ Failed HTTP Requests Within the Last 5 Minutes Due to Unhandled Route Configuration Errors" value 2 timestamp 1732502299000
system_warning_total with labels component="session_manager",technology="redis",severity="WARN",event_type="redis The REDIS SESSION MANAGER Experiences 82 Consecutive 5-Minute Averages of 25+ Failed TTL Expiration Events Within the Last 5 Minutes Due to Inadequate Key Expiration Configuration" value 82 timestamp 1732502299000
system_error_total with labels component="cache_manager",technology="memcached",severity="ERROR",event_type="memcached The MEMCACHED CACHE MANAGER Experiences 13 Consecutive 5-Minute Averages of 7+ Failed Cache Hit Miss Ratios Within the Last 5 Minutes Due to Insufficient Cache Eviction Policies" value 13 timestamp 1732502299000
system_critical_total with labels component="service_mesh",technology="linkerd",severity="CRITICAL",event_type="linkerd The LINKERD SERVICE MESH Experiences 1 Consecutive 5-Minute Averages of 3+ Failed Service Mesh Proxy Crashes Within the Last 5 Minutes Due to Uninitialized Service Mesh Configurations" value 1 timestamp 1732502299000
system_info_total with labels component="metrics_collector",technology="newrelic",severity="INFO",event_type="newrelic The NEWRELIC METRICS COLLECTOR Experiences 317 Consecutive 5-Minute Averages of 141+ Successful Metrics Collection Events Within the Last 5 Minutes Due to Optimized Data Sampling Policies" value 317 timestamp 1732502299000
system_error_total with labels component="api_gateway",technology="apache",severity="ERROR",event_type="apache The APACHE API GATEWAY Experiences 43 Consecutive 5-Minute Averages of 23+ Failed Host Header Validation Events Within the Last 5 Minutes Due to Misconfigured Virtual Host Configurations" value 43 timestamp 1732502299000
system_critical_total with labels component="api_gateway",technology="apache",severity="CRITICAL",event_type="apache The APACHE API GATEWAY Experiences 2 Consecutive 5-Minute Averages of 1+ Failed Connection Reset Events Within the Last 5 Minutes Due to Excessive Abnormal Client Behavior" value 2 timestamp 1732502299000
system_warning_total with labels component="api_gateway",technology="nginx",severity="WARN",event_type="nginx The NGINX API GATEWAY Experiences 91 Consecutive 5-Minute Averages of 37+ Successful Rate Limit Exceeded Events Within the Last 5 Minutes Due to Excessive API Request Volume" value 91 timestamp 1732502299000
system_critical_total with labels component="payment_processor",technology="square",severity="CRITICAL",event_type="square The SQUARE PAYMENT PROCESSOR Experiences 9 Consecutive 5-Minute Averages of 3+ Failed Payment Processing Events Within the Last 5 Minutes Due to Insufficient Available Funds for Customer Transactions" value 9 timestamp 1732502299000
system_info_total with labels component="container_orchestrator",technology="docker-swarm",severity="INFO",event_type="docker-swarm The DOCKER-SWARM CONTAINER ORCHESTRATOR Successfully Created 102 New Services Within the Last 5 Minutes Due to Optimized Service Configuration Policies" value 102 timestamp 1732502299000
system_error_total with labels component="notification_service",technology="firebase",severity="ERROR",event_type="firebase The FIREBASE NOTIFICATION SERVICE Experiences 27 Consecutive 5-Minute Averages of 10+ Failed SMS Notification Sends Within the Last 5 Minutes Due to Invalid Recipient Numbers" value 27 timestamp 1732502299000
system_critical_total with labels component="search_indexer",technology="solr",severity="CRITICAL",event_type="solr The SOLR SEARCH INDEXER Experiences 5 Consecutive 5-Minute Averages of 1+ Failed Indexing Events Within the Last 5 Minutes Due to Un recoverable Configuration Changes to the SolrCore" value 5 timestamp 1732502299000
system_error_total with labels component="load_balancer",technology="azure-lb",severity="ERROR",event_type="azure-lb The AZURE LB LOAD BALANCER Experiences 41 Consecutive 5-Minute Averages of 15+ Failed Session Reestablishment Attempts Within the Last 5 Minutes Due to Inconsistent Session States" value 41 timestamp 1732502299000
system_warning_total with labels component="load_balancer",technology="traefik",severity="WARN",event_type="traefik The TRAEFIK LOAD BALANCER Experiences 187 Consecutive 5-Minute Averages of 5+ Failed Certificate Renewal Attempts Within the Last 5 Minutes Due to Insufficient Disk Space for Certbot Storage" value 187 timestamp 1732502299000
system_info_total with labels component="session_manager",technology="memcached",severity="INFO",event_type="memcached The MEMCACHED SESSION MANAGER Experiences 817 Consecutive 5-Minute Averages of 101+ Successful Cache Hits Within the Last 5 Minutes Due to Optimized Cache Expiration Policies" value 817 timestamp 1732502299000
system_critical_total with labels component="container_orchestrator",technology="nomad",severity="CRITICAL",event_type="nomad The NOMAD CONTAINER ORCHESTRATOR Experiences 3 Consecutive 5-Minute Averages of 2+ Failed Job Restart Attempts Within the Last 5 Minutes Due to Insufficient Disk Space for Scheduled Jobs" value 3 timestamp 1732502299000
system_error_total with labels component="service_mesh",technology="envoy",severity="ERROR",event_type="envoy The ENVOY SERVICE MESH Experiences 31 Consecutive 5-Minute Averages of 7+ Failed HTTP Route Resolution Attempts Within the Last 5 Minutes Due to Inconsistent Service Proxy Configurations" value 31 timestamp 1732502299000
system_warning_total with labels component="notification_service",technology="twilio",severity="WARN",event_type="twilio The TWILIO NOTIFICATION SERVICE Experiences 219 Consecutive 5-Minute Averages of 3+ Failed SMS Delivery Attempts Within the Last 5 Minutes Due to Insufficient Cell Tower Coverage in Target Regions" value 219 timestamp 1732502299000
system_critical_total with labels component="notification_service",technology="sendgrid",severity="CRITICAL",event_type="sendgrid The SENDGRID NOTIFICATION SERVICE Experiences 9 Consecutive 5-Minute Averages of 2+ Failed Email Sending Attempts Within the Last 5 Minutes Due to Blocklisting of Sender IP Address by Spam Filtering Systems" value 9 timestamp 1732502299000
system_info_total with labels component="session_manager",technology="redis",severity="INFO",event_type="redis The REDIS SESSION MANAGER Experiences 812 Consecutive 5-Minute Averages of 101+ Successful Cache Expiration Policies Within the Last 5 Minutes Due to Optimized Key Expiration Strategies" value 812 timestamp 1732502299000
system_error_total with labels component="cache_manager",technology="hazelcast",severity="ERROR",event_type="hazelcast The HAZELCAST CACHE MANAGER Experiences 43 Consecutive 5-Minute Averages of 6+ Failed In-Memory Data Grid Node Reboot Attempts Within the Last 5 Minutes Due to Inadequate Memory Allocation" value 43 timestamp 1732502299000
system_critical_total with labels component="container_orchestrator",technology="kubernetes",severity="CRITICAL",event_type="kubernetes The KUBERNETES CONTAINER ORCHESTRATOR Experiences 4 Consecutive 5-Minute Averages of 1+ Successful Pod Self-Healing Initiations Within the Last 5 Minutes Due to Unexpected Node Failures" value 4 timestamp 1732502299000
system_warning_total with labels component="payment_processor",technology="square",severity="WARN",event_type="square The SQUARE PAYMENT PROCESSOR Experiences 137 Consecutive 5-Minute Averages of 23+ Failed Card Verification Attempts Within the Last 5 Minutes Due to Incorrect Card Expiration Dates" value 137 timestamp 1732502299000
system_error_total with labels component="container_orchestrator",technology="kubernetes",severity="ERROR",event_type="kubernetes The KUBERNETES CONTAINER ORCHESTRATOR Experiences 28 Consecutive 5-Minute Averages of 10+ Failed Pod Deployment Initiations Within the Last 5 Minutes Due to Inadequate Network Resource Allocation" value 28 timestamp 1732502299000
system_critical_total with labels component="file_storage_handler",technology="nfs",severity="CRITICAL",event_type="nfs The NFS FILE STORAGE HANDLER Experiences 2 Consecutive 5-Minute Averages of 1+ Successful File Deletion Operations Within the Last 5 Minutes Due to Unexpected Storage Array Failures" value 2 timestamp 1732502299000
system_info_total with labels component="load_balancer",technology="traefik",severity="INFO",event_type="traefik The TRAEFIK LOAD BALANCER Experiences 902 Consecutive 5-Minute Averages of 351+ Successful Rule Configuration Updates Within the Last 5 Minutes Due to Increased Traffic from New Customer Acquisition Campaigns" value 902 timestamp 1732502299000
system_warning_total with labels component="authentication_service",technology="auth0",severity="WARN",event_type="auth0 The AUTH0 AUTHENTICATION SERVICE Experiences 182 Consecutive 5-Minute Averages of 67+ Successful Password Reset Operations Within the Last 5 Minutes Due to Increased User Account Activity" value 182 timestamp 1732502299000
system_error_total with labels component="search_indexer",technology="meilisearch",severity="ERROR",event_type="meilisearch The MEILISEARCH SEARCH INDEXER Experiences 37 Consecutive 5-Minute Averages of 15+ Failed Indexing Operations Within the Last 5 Minutes Due to Inefficient Query Pattern Matching" value 37 timestamp 1732502299000
system_critical_total with labels component="service_mesh",technology="consul",severity="CRITICAL",event_type="consul The CONSUL SERVICE MESH Experiences 5 Consecutive 5-Minute Averages of 3+ Service Discovery Failures Within the Last 5 Minutes Due to Insufficient Service Instance Availability" value 5 timestamp 1732502299000
system_info_total with labels component="logging_aggregator",technology="datadog",severity="INFO",event_type="datadog The DATADOG LOGGING AGGREGATOR Experiences 943 Consecutive 5-Minute Averages of 317+ Successful Log Event Forwarding Operations Within the Last 5 Minutes Due to Optimized Logging Pipeline Configuration Updates" value 943 timestamp 1732502299000
system_error_total with labels component="container_orchestrator",technology="nomad",severity="ERROR",event_type="nomad The NOMAD CONTAINER ORCHESTRATOR Experiences 91 Consecutive 5-Minute Averages of 32+ Task Launch Failures Within the Last 5 Minutes Due to Inadequate Resource Allocation Requests" value 91 timestamp 1732502299000
system_critical_total with labels component="service_mesh",technology="consul",severity="CRITICAL",event_type="consul The CONSUL SERVICE MESH Experiences 9 Consecutive 5-Minute Averages of 4+ Service Instance Unavailability Within the Last 5 Minutes Due to Excessive Load Balancer Reconfiguration" value 9 timestamp 1732502299000
system_warning_total with labels component="api_gateway",technology="kong",severity="WARN",event_type="kong The KONG API GATEWAY Experiences 145 Consecutive 5-Minute Averages of 32+ Slow Request Latency Due to Inadequate Rate Limiting Configuration Updates" value 145 timestamp 1732502299000
system_info_total with labels component="payment_processor",technology="square",severity="INFO",event_type="square The SQUARE PAYMENT PROCESSOR Experiences 523 Consecutive 5-Minute Averages of 217+ Successful Payment Transactions Within the Last 5 Minutes Due to Optimized Payment Gateway Configuration Updates" value 523 timestamp 1732502299000
system_error_total with labels component="notification_service",technology="firebase",severity="ERROR",event_type="firebase The FAIRBASE NOTIFICATION SERVICE Experiences 27 Consecutive 5-Minute Averages of 11+ Notification Queue Backlog Due to Inadequate Worker Instance Scaling" value 27 timestamp 1732502299000
system_critical_total with labels component="authentication_service",technology="okta",severity="CRITICAL",event_type="okta The OKTA AUTHENTICATION SERVICE Experiences 3 Consecutive 5-Minute Averages of 2+ Authentication Session Expirations Due to Insecure Session Token Renewal Processes" value 3 timestamp 1732502299000
system_warning_total with labels component="message_queue_consumer",technology="rabbitmq",severity="WARN",event_type="rabbitmq The RABBITMQ MESSAGE QUEUE CONSUMER Experiences 145 Consecutive 5-Minute Averages of 32+ Messages Published Behind the Scheduled Interval Due to Misconfigured Exponential Backoff Algorithm" value 145 timestamp 1732502299000
system_info_total with labels component="container_orchestrator",technology="aks",severity="INFO",event_type="aks The AKS CONTAINER ORCHESTRATOR Experiences 523 Consecutive 5-Minute Averages of 217+ Successful Pod Deployments Within the Last 5 Minutes Due to Optimized Node Group Scaling" value 523 timestamp 1732502299000
system_error_total with labels component="cache_manager",technology="redis",severity="ERROR",event_type="redis The REDIS CACHE MANAGER Experiences 27 Consecutive 5-Minute Averages of 11+ Cache Evictions Due to Inconsistent Key Expiration Times" value 27 timestamp 1732502299000
system_critical_total with labels component="database_connection_pool",technology="mysql",severity="CRITICAL",event_type="mysql The MYSQL DATABASE CONNECTION POOL Experiences 3 Consecutive 5-Minute Averages of 2+ Connection Refusions Due to Unrecoverable Network Connectivity" value 3 timestamp 1732502299000
system_critical_total with labels component="database_connection_pool",technology="postgresql",severity="CRITICAL",event_type="postgresql The POSTGRESQL DATABASE CONNECTION POOL Experiences 3 Consecutive 5-Minute Averages of 2+ Failed Authentication Attempts Due to Compromised Credentials" value 3 timestamp 1732502299000
system_error_total with labels component="authentication_service",technology="okta",severity="ERROR",event_type="okta The OKTA AUTHENTICATION SERVICE Experiences 27 Consecutive 5-Minute Averages of 10+ Failed Authentication Attempts Due to Incompatible User Session Ids" value 27 timestamp 1732502299000
system_warning_total with labels component="logging_aggregator",technology="elasticsearch",severity="WARN",event_type="elasticsearch The ELASTICSEARCH LOGGING AGGREGATOR Experiences 145 Consecutive 5-Minute Averages of 20+ Unindexed Log Events Due to Inadequate Index Mappings" value 145 timestamp 1732502299000
system_info_total with labels component="api_gateway",technology="traefik",severity="INFO",event_type="traefik The TRAEFIK API GATEWAY Starts 523 Consecutive 5-Minute Averages of 120+ New Incoming HTTP Requests" value 523 timestamp 1732502299000
system_warning_total with labels component="session_manager",technology="jwt",severity="WARN",event_type="jwt The JWT SESSION MANAGER Experiences 200 Consecutive 5-Minute Averages of 50+ Expired JWT Tokens Due to Inadequate Token Expiration Times" value 200 timestamp 1732502299000
system_critical_total with labels component="metrics_collector",technology="newrelic",severity="CRITICAL",event_type="newrelic The NEWRELIC METRICS COLLECTOR Experiences 12 Consecutive 5-Minute Averages of 3+ Data Inconsistencies in the New Relic Database" value 12 timestamp 1732502299000
system_error_total with labels component="payment_processor",technology="adyen",severity="ERROR",event_type="adyen The ADYEN PAYMENT PROCESSOR Experiences 38 Consecutive 5-Minute Averages of 15+ Failed Payment Requests Due to Insufficient Funds in the Customer's Account" value 38 timestamp 1732502299000
system_info_total with labels component="cache_manager",technology="memcached",severity="INFO",event_type="memcached The MEMCACHED CACHE MANAGER Experiences 987 Consecutive 5-Minute Averages of 250+ Cache Misses Due to Incorrect Cache Expiration Times" value 987 timestamp 1732502299000
system_warning_total with labels component="logging_aggregator",technology="loki",severity="WARN",event_type="loki The LOKI LOGGING AGGREGATOR Experiences 147 Consecutive 5-Minute Averages of 75+ Duplicate Log Entries Due to Inconsistent Log Format from Various Sources" value 147 timestamp 1732502299000
system_error_total with labels component="api_gateway",technology="traefik",severity="ERROR",event_type="traefik The TRAEFIK API GATEWAY Experiences 21 Consecutive 5-Minute Averages of 10+ Failed Reverse Proxy Requests Due to Inconsistent SSL Configuration" value 21 timestamp 1732502299000
system_critical_total with labels component="logging_aggregator",technology="fluentd",severity="CRITICAL",event_type="fluentd The FLUENTD LOGGING AGGREGATOR Experiences 6 Consecutive 5-Minute Averages of 20+ Fluentd Process Crashes Due to Insufficient Disk Space" value 6 timestamp 1732502299000
system_info_total with labels component="notification_service",technology="sendgrid",severity="INFO",event_type="sendgrid The SENDGRID NOTIFICATION SERVICE Experiences 521 Consecutive 5-Minute Averages of 120+ Notification Emails Sent with Incorrect SMTP Authentication Headers" value 521 timestamp 1732502299000
system_error_total with labels component="service_mesh",technology="kuma",severity="ERROR",event_type="kuma The KUMA SERVICE MESH Experiences 13 Consecutive 5-Minute Averages of 5+ Failed Service Ingress Requests Due to Unresolved DNS Resolution" value 13 timestamp 1732502299000
system_warning_total with labels component="cache_manager",technology="redis",severity="WARN",event_type="redis The REDIS CACHE MANAGER Experiences 187 Consecutive 5-Minute Averages of 50+ Expired Cache Keys Due to Incorrect TTL Settings" value 187 timestamp 1732502299000
system_critical_total with labels component="session_manager",technology="jwt",severity="CRITICAL",event_type="jwt The JWT SESSION MANAGER Experiences 3 Consecutive 5-Minute Averages of 15+ Expired JWT Tokens Due to Insufficient Token Renewal Intervals" value 3 timestamp 1732502299000
system_error_total with labels component="search_indexer",technology="algolia",severity="ERROR",event_type="algolia The ALGOLIA SEARCH INDEXER Experiences 41 Consecutive 5-Minute Averages of 21+ Failed Indexing Operations Due to Network Connectivity Issues" value 41 timestamp 1732502299000
system_critical_total with labels component="message_queue_consumer",technology="azure-servicebus",severity="CRITICAL",event_type="azure-servicebus The AZURE-SERVICEBUS MESSAGE QUEUE CONSUMER Experiences 7 Consecutive 5-Minute Averages of 20+ Dead Letter Messages Due to Inconsistent Message Receiving Logic" value 7 timestamp 1732502299000
system_warning_total with labels component="load_balancer",technology="haproxy",severity="WARN",event_type="haproxy The HAPROXY LOAD BALANCER Experiences 173 Consecutive 5-Minute Averages of 57+ High CPU Utilization Due to Unbalanced Traffic Distribution" value 173 timestamp 1732502299000
system_error_total with labels component="api_gateway",technology="traefik",severity="ERROR",event_type="traefik The TRAEFIK API GATEWAY Experiences 32 Consecutive 5-Minute Averages of 9+ Failed Reverse Proxy Requests Due to Insecure HTTPS Connections" value 32 timestamp 1732502299000
system_info_total with labels component="metrics_collector",technology="datadog",severity="INFO",event_type="datadog The DATADOG METRICS COLLECTOR Successfully Pushes 852 Metrics to Datadog API in the Last 5 Minutes" value 852 timestamp 1732502299000
system_critical_total with labels component="service_mesh",technology="consul",severity="CRITICAL",event_type="consul The CONSUL SERVICE_MESH Experiences 3 Consecutive 5-Minute Averages of 5+ Service Registration Failures Due to Missing Service Tags" value 3 timestamp 1732502299000
system_error_total with labels component="cache_manager",technology="memcached",severity="ERROR",event_type="memcached The MEMCACHED CACHE_MANAGER Experiences 45 Consecutive 5-Minute Averages of 17+ Expired Cache Entries Due to Inadequate TTL Settings" value 45 timestamp 1732502299000
system_warning_total with labels component="container_orchestrator",technology="nomad",severity="WARN",event_type="nomad The NOMAD CONTAINER_ORCHESTRATOR Reports 237 Consecutive 5-Minute Averages of 42+ High CPU Utilization Due to Inefficient Task Scheduling" value 237 timestamp 1732502299000
system_critical_total with labels component="api_gateway",technology="kong",severity="CRITICAL",event_type="kong The KONG API GATEWAY Experiences 7 Consecutive 5-Minute Averages of 10+ Failed Authentication Attempts Due to Insecure API Keys" value 7 timestamp 1732502299000
system_info_total with labels component="service_mesh",technology="istio",severity="INFO",event_type="istio The ISTIO SERVICE_MESH Successfully Enables 812 Sidecar Injections to 300+ Services in the Last 10 Minutes" value 812 timestamp 1732502299000
system_error_total with labels component="file_storage_handler",technology="minio",severity="ERROR",event_type="minio The MINIO FILE STORAGE HANDLER Experiences 53 Consecutive 5-Minute Averages of 25+ Failed Object Uploads Due to Insufficient Disk Space" value 53 timestamp 1732502299000
system_warning_total with labels component="payment_processor",technology="adyen",severity="WARN",event_type="adyen The ADYEN PAYMENT PROCESSOR Reports 119 Consecutive 5-Minute Averages of 35+ High Recurrence Fees Due to Inefficient Card Validation" value 119 timestamp 1732502299000
system_critical_total with labels component="cache_manager",technology="hazelcast",severity="CRITICAL",event_type="hazelcast The HAZELCAST CACHE MANAGER Experiences 3 Consecutive 5-Minute Averages of 9+ Failed Cache Writes Due to Network Partition" value 3 timestamp 1732502299000
system_error_total with labels component="file_storage_handler",technology="azure-blob",severity="ERROR",event_type="azure-blob The AZURE BLOB STORAGE HANDLER Experiences 23 Consecutive 5-Minute Averages of 7+ Failed Blob Uploads Due to Insufficient Storage Quota" value 23 timestamp 1732502299000
system_critical_total with labels component="database_connection_pool",technology="mysql",severity="CRITICAL",event_type="mysql The MYSQL DATABASE CONNECTION POOL Remains In A Closed State For 27 Consecutive Minutes Due To Persistent Connection Leaks" value 27 timestamp 1732502299000
system_info_total with labels component="api_gateway",technology="apache",severity="INFO",event_type="apache The APACHE API GATEWAY Completes 517 Consecutive 5-Minute Averages of 205+ Successful API Requests Without Errors" value 517 timestamp 1732502299000
system_warning_total with labels component="cache_manager",technology="memcached",severity="WARN",event_type="memcached The MEMCACHED CACHE MANAGER Experiences 145 Consecutive 5-Minute Averages of 32+ Cache Hits Due to Optimized Store Structure" value 145 timestamp 1732502299000
system_error_total with labels component="load_balancer",technology="traefik",severity="ERROR",event_type="traefik The TRAEFIK LOAD BALANCER Experiences 38 Consecutive 5-Minute Averages of 10+ Failed DNS Lookups Due to Inconsistent DNS Configuration" value 38 timestamp 1732502299000
system_critical_total with labels component="payment_processor",technology="adyen",severity="CRITICAL",event_type="adyen The ADYEN PAYMENT PROCESSOR Experiences 3 Consecutive 5-Minute Averages of 1+ Failed Payment Authorizations Due to Token Expiration" value 3 timestamp 1732502299000
system_critical_total with labels component="message_queue_consumer",technology="kafka",severity="CRITICAL",event_type="kafka The KAFKA MESSAGE QUEUE CONSUMER Experiences 5 Consecutive 5-Minute Averages of 2+ Lost Message Partitions Due to Persistent Disk Failure" value 5 timestamp 1732502299000
system_error_total with labels component="cache_manager",technology="memcached",severity="ERROR",event_type="memcached The MEMCACHED CACHE MANAGER Suffers 42 Consecutive 5-Minute Averages of 12+ Cache Misses Due to Inadequate Cache Expiration Times" value 42 timestamp 1732502299000
system_warning_total with labels component="notification_service",technology="ses",severity="WARN",event_type="ses The SES NOTIFICATION SERVICE Experiences 187 Consecutive 5-Minute Averages of 45+ Notification Attempts Due to Inconsistent Sender Information" value 187 timestamp 1732502299000
system_info_total with labels component="cache_manager",technology="memcached",severity="INFO",event_type="memcached The MEMCACHED CACHE MANAGER Receives 892 Consecutive 5-Minute Averages of 250+ Cache Hits Due to Optimized Cache Expiration Times" value 892 timestamp 1732502299000
system_warning_total with labels component="search_indexer",technology="opensearch",severity="WARN",event_type="opensearch The OPENSEARCH SEARCH INDEXER Suffers 101 Consecutive 5-Minute Averages of 32+ Indexing Errors Due to Inconsistent Mapping Definitions" value 101 timestamp 1732502299000
system_critical_total with labels component="container_orchestrator",technology="aks",severity="CRITICAL",event_type="aks The AKS CONTAINER ORCHESTRATOR Experiences 7 Consecutive 5-Minute Averages of 10+ Pod Crashes Due to Insufficient CPU Resources" value 7 timestamp 1732502299000
system_error_total with labels component="service_mesh",technology="istio",severity="ERROR",event_type="istio The ISTIO SERVICE MESH Suffers 53 Consecutive 5-Minute Averages of 12+ Proxy Injection Errors Due to Malformed Service Mesh Configurations" value 53 timestamp 1732502299000
system_critical_total with labels component="authentication_service",technology="keycloak",severity="CRITICAL",event_type="keycloak The KEYCLOAK AUTHENTICATION SERVICE Experiences 3 Consecutive 5-Minute Averages of 5+ Identity Provider Rotation Failures Due to Insufficient Certificates" value 3 timestamp 1732502299000
system_warning_total with labels component="api_gateway",technology="apache",severity="WARN",event_type="apache The APACHE API GATEWAY Suffers 187 Consecutive 5-Minute Averages of 75+ Slow Request Times Due to Blocking Reverse Proxy Configuration" value 187 timestamp 1732502299000
system_info_total with labels component="metrics_collector",technology="newrelic",severity="INFO",event_type="newrelic The NEWRELIC METRICS COLLECTOR Successfully Loaded 942 Metric Aggregations from the New Relic Agent Configurations" value 942 timestamp 1732502299000
system_critical_total with labels component="load_balancer",technology="azure-lb",severity="CRITICAL",event_type="azure-lb The AZURE LB LOAD BALANCER Experiences 2 Consecutive 5-Minute Averages of 10+ Connection Drops Due to Insufficient SSL/TLS Ciphers" value 2 timestamp 1732502299000
system_error_total with labels component="api_gateway",technology="envoy",severity="ERROR",event_type="envoy The ENVoy API GATEWAY Experiences 32 Consecutive 5-Minute Averages of 20+ Unregistered Health Check Instances Due to Inconsistent Service Instances" value 32 timestamp 1732502299000
system_info_total with labels component="logging_aggregator",technology="datadog",severity="INFO",event_type="datadog The DATADOG LOGGING AGGREGATOR Successfully Sent 851 Log Events to the Datadog Logs API" value 851 timestamp 1732502299000
system_critical_total with labels component="service_mesh",technology="linkerd",severity="CRITICAL",event_type="linkerd The LINKERD SERVICE MESH Suffers 5 Consecutive 5-Minute Averages of 1+ Bypasses Due to Insufficient TLS Configuration" value 5 timestamp 1732502299000
system_error_total with labels component="authentication_service",technology="jwt",severity="ERROR",event_type="jwt The JWT AUTHENTICATION SERVICE Experiences 15 Consecutive 5-Minute Averages of 10+ Invalid JSON Web Tokens Due to Incorrect Expiration Time" value 15 timestamp 1732502299000
system_warning_total with labels component="api_gateway",technology="apache",severity="WARN",event_type="apache The APACHE API GATEWAY Logs 187 High Memory Usage Events Due to Insufficient Memory Allocated for Thread Pools" value 187 timestamp 1732502299000
system_critical_total with labels component="service_mesh",technology="consul",severity="CRITICAL",event_type="consul The CONSUL SERVICE MESH Suffers 3 Consecutive 5-Minute Averages of 2+ Service Unavailable Errors Due to Unhealthy Cluster Nodes" value 2 timestamp 1732502299000
system_info_total with labels component="metrics_collector",technology="newrelic",severity="INFO",event_type="newrelic The NEWRELIC METRICS COLLECTOR Successfully Uploaded 942 Metric Data Points for 10 Minutes of System Operation" value 942 timestamp 1732502299000
system_warning_total with labels component="api_gateway",technology="apache",severity="WARN",event_type="apache The APACHE API GATEWAY Experiences 98 Slow Query Events Due to Inefficient SQL Queries Sent to Database Service" value 98 timestamp 1732502299000
system_error_total with labels component="authentication_service",technology="oauth2",severity="ERROR",event_type="oauth2 The OAUTH2 AUTHENTICATION SERVICE Failed to Validate 42 JWT Tokens Due to Missing Audience Header" value 42 timestamp 1732502299000
system_critical_total with labels component="file_storage_handler",technology="nfs",severity="CRITICAL",event_type="nfs The NFS FILE STORAGE HANDLER Experiences 1+ Second of Consecutive Disk I/O Errors Due to Unbalanced Write Operations" value 1 timestamp 1732502299000
system_critical_total with labels component="database_connection_pool",technology="mariadb",severity="CRITICAL",event_type="mariadb The MARIADB DATABASE CONNECTION POOL Remains Unhealthy for 10 Consecutive Minutes Due to Overused Server Resources" value 10 timestamp 1732502299000
system_error_total with labels component="service_mesh",technology="envoy",severity="ERROR",event_type="envoy The ENVOY SERVICE MESH Experiences 27 Concurrent Connection Drops Due to Misconfigured Proxy Server Rules" value 27 timestamp 1732502299000
system_info_total with labels component="file_storage_handler",technology="gcs",severity="INFO",event_type="gcs The GCS FILE STORAGE HANDLER Successfully Transfers 351 Data Blocks to the Storage Bucket at 10.3 MB/s Data Transfer Rate" value 351 timestamp 1732502299000
system_warning_total with labels component="api_gateway",technology="nginx",severity="WARN",event_type="nginx The NGINX API GATEWAY Experiences 145 Concurrent Requests Above the 200 Concurrency Limit Due to Increased Load" value 145 timestamp 1732502299000
system_error_total with labels component="payment_processor",technology="adyen",severity="ERROR",event_type="adyen The ADYEN PAYMENT PROCESSOR Experiences 32 Failed Authorizations Due to Insufficient Funds in the Merchant's Account" value 32 timestamp 1732502299000
system_critical_total with labels component="service_mesh",technology="kuma",severity="CRITICAL",event_type="kuma The KUMA SERVICE MESH Enters a State of Permanent Network Unreachability Due to a Buggy Service Instance" value 3 timestamp 1732502299000
system_warning_total with labels component="api_gateway",technology="nginx",severity="WARN",event_type="nginx The NGINX API GATEWAY Experiences 75 Concurrent Slow Responses Due to Increased Latency in the Backend Services" value 75 timestamp 1732502299000
system_info_total with labels component="search_indexer",technology="solr",severity="INFO",event_type="solr The SOLR SEARCH INDEXER Successfully Indexes 542 New Documents into the Elasticsearch Cluster" value 542 timestamp 1732502299000
system_error_total with labels component="authentication_service",technology="jwt",severity="ERROR",event_type="jwt The JWT AUTHENTICATION SERVICE Experiences 19 Failed Token Signatures Due to Expired or Invalid Claims" value 19 timestamp 1732502299000
system_critical_total with labels component="authentication_service",technology="okta",severity="CRITICAL",event_type="okta The OKTA AUTHENTICATION SERVICE Fails to Authenticate 8 User Sessions Due to a Permanent Disconnection from the OKTA Identity Server" value 8 timestamp 1732502299000
system_warning_total with labels component="file_storage_handler",technology="s3",severity="WARN",event_type="s3 The S3 FILE STORAGE HANDLER Experiences 92 Rejected Object Uploads Due to Insufficient Storage Class" value 92 timestamp 1732502299000
system_info_total with labels component="file_storage_handler",technology="gcs",severity="INFO",event_type="gcs The GCS FILE STORAGE HANDLER Successfully Uploads 351 New Files into the Storage Bucket" value 351 timestamp 1732502299000
system_critical_total with labels component="message_queue_consumer",technology="azure-servicebus",severity="CRITICAL",event_type="azure-servicebus The AZURE SERVICEBUS MESSAGE QUEUE CONSUMER Fails to Consume 3 Messages Due to a Connection Establishment Failure" value 3 timestamp 1732502299000
system_error_total with labels component="message_queue_consumer",technology="kafka",severity="ERROR",event_type="kafka The KAFKA MESSAGE QUEUE CONSUMER Experiences 21 Dead Letter Queue Messages Due to Invalid Message Deserialization" value 21 timestamp 1732502299000
system_warning_total with labels component="message_queue_consumer",technology="aws-sqs",severity="WARN",event_type="aws-sqs The AWS-SQS MESSAGE QUEUE CONSUMER Receives 187 Messages with Invalid Message Body Length" value 187 timestamp 1732502299000
system_critical_total with labels component="message_queue_consumer",technology="kafka",severity="CRITICAL",event_type="kafka The KAFKA MESSAGE QUEUE CONSUMER Experiences 9 Message Replication Failures Due to Network Partition" value 9 timestamp 1732502299000
system_critical_total with labels component="session_manager",technology="jwt",severity="CRITICAL",event_type="jwt The JWT SESSION MANAGER Fails to Validate 2 Tokens Due to Expired Signature" value 2 timestamp 1732502299000
system_error_total with labels component="service_mesh",technology="kuma",severity="ERROR",event_type="kuma The KUMA SERVICE MESH Fails to Establish 43 Gateway Connection" value 43 timestamp 1732502299000
system_info_total with labels component="authentication_service",technology="keycloak",severity="INFO",event_type="keycloak The KEYCLOAK AUTHENTICATION SERVICE Successfully Authenticates 142 Users" value 142 timestamp 1732502299000
system_warning_total with labels component="cache_manager",technology="ehcache",severity="WARN",event_type="ehcache The EHCACHE CACHE MANAGER Experiences 135 High Memory Usage After 10 Minutes" value 135 timestamp 1732502299000
system_info_total with labels component="logging_aggregator",technology="loki",severity="INFO",event_type="loki The LOLIK LOGGING AGGREGATOR Successfully Indexes 876 Log Events" value 876 timestamp 1732502299000
system_error_total with labels component="container_orchestrator",technology="docker-swarm",severity="ERROR",event_type="docker-swarm The Docker Swarm Container Orchestrator Fails to Start 23 Containers Due to Insufficient Resources" value 23 timestamp 1732502299000
system_critical_total with labels component="cache_manager",technology="memcached",severity="CRITICAL",event_type="memcached The MEMCACACHED CACHE MANAGER Experiences a Connection Failure to the Memcached Server" value 2 timestamp 1732502299000
system_warning_total with labels component="payment_processor",technology="adyen",severity="WARN",event_type="adyen The ADEYN Payment Processor Fails to Process 67 Transactions Due to High Network Latency" value 67 timestamp 1732502299000
system_error_total with labels component="container_orchestrator",technology="kubernetes",severity="ERROR",event_type="kubernetes The KUBERNETES CONTAINER ORCHESTRATOR Experiences a Pod Deletion Failure 41 Times Due to Insufficient Security Contexts" value 41 timestamp 1732502299000
system_critical_total with labels component="notification_service",technology="twilio",severity="CRITICAL",event_type="twilio The TWILIO NOTIFICATION SERVICE Fails to Send 5 SMS Messages Due to Invalid Phone Number Validation" value 5 timestamp 1732502299000
system_info_total with labels component="database_connection_pool",technology="mariadb",severity="INFO",event_type="mariadb The MARIADB DATABASE CONNECTION POOL Experiences a Large Number of Successful Connections 987 During the Last 5 Minutes" value 987 timestamp 1732502299000
system_warning_total with labels component="session_manager",technology="redis",severity="WARN",event_type="redis The REDIS SESSION MANAGER Experiences a High Number of Expiring Connections 143 Due to Inadequate Session Ttl Settings" value 143 timestamp 1732502299000
system_critical_total with labels component="session_manager",technology="jwt",severity="CRITICAL",event_type="jwt The JWT SESSION MANAGER Fails to Validate 3 Session Tokens Due to Signature Verification Errors" value 3 timestamp 1732502299000
system_error_total with labels component="logging_aggregator",technology="fluentd",severity="ERROR",event_type="fluentd The FLUENTD LOGGING AGGREGATOR Experiences 27 Failed to Process 27 Log Events Due to Insufficient Disk Space" value 27 timestamp 1732502299000
system_warning_total with labels component="metrics_collector",technology="grafana",severity="WARN",event_type="grafana The GRAFANA METRICS COLLECTOR Fails to Retrieve 185 Metrics Data From the API Due to Authentication Issues" value 185 timestamp 1732502299000
system_critical_total with labels component="notification_service",technology="sendgrid",severity="CRITICAL",event_type="sendgrid The SENDGRID NOTIFICATION SERVICE Experiences 4 Failed to Send 4 Email Notifications Due to Invalid Authentication Credentials" value 4 timestamp 1732502299000
system_error_total with labels component="session_manager",technology="memcached",severity="ERROR",event_type="memcached The MEMCACHED SESSION MANAGER Fails to Retrieve 43 Session Data Due to Expiration of Cache" value 43 timestamp 1732502299000
system_warning_total with labels component="service_mesh",technology="istio",severity="WARN",event_type="istio The ISTIO SERVICE MESH Experiences 117 Insecure Communication Between 117 Pods Due to Missing Sidecar Injection" value 117 timestamp 1732502299000
system_critical_total with labels component="metrics_collector",technology="prometheus",severity="CRITICAL",event_type="prometheus The PROMETHEUS METRICS COLLECTOR Experiences 2 Failed to Write 2 Metrics Data To The Storage Due to Disk I/O Errors" value 2 timestamp 1732502299000
system_info_total with labels component="metrics_collector",technology="prometheus",severity="INFO",event_type="prometheus The PROMETHEUS METRICS COLLECTOR Successfully Retrieves 351 Metrics Data From The 351 Targets" value 351 timestamp 1732502299000
system_error_total with labels component="service_mesh",technology="istio",severity="ERROR",event_type="istio The ISTIO SERVICE MESH Fails to Establish 23 Secure Connections Between 23 Pods Due to Misconfigured Sidecar Profiles" value 23 timestamp 1732502299000
system_critical_total with labels component="file_storage_handler",technology="minio",severity="CRITICAL",event_type="minio The MINIO FILE STORAGE HANDLER Experiences 1 File Retrieval Error Due to Insufficient Read-Write Permissions" value 1 timestamp 1732502299000
system_warning_total with labels component="search_indexer",technology="meilisearch",severity="WARN",event_type="meilisearch The MEILISEARCH SEARCH INDEXER Fails to Index 167 Documents Due to Index Fragmentation Issues" value 167 timestamp 1732502299000
system_error_total with labels component="file_storage_handler",technology="nfs",severity="ERROR",event_type="nfs The NFS FILE STORAGE HANDLER Experiences 7 File Write Operations Failure Due To Lack Of Mount Permission" value 7 timestamp 1732502299000
system_critical_total with labels component="notification_service",technology="smtp",severity="CRITICAL",event_type="smtp The SMTP NOTIFICATION SERVICE Fails To Send 3 Critical Alerts Due To Temporary DNS Resolution Issues" value 3 timestamp 1732502299000
system_warning_total with labels component="cache_manager",technology="redis",severity="WARN",event_type="redis The Redis Cache Manager Experiences 123 High Memory Usage Cases Due To Inadequate Garbage Collection" value 123 timestamp 1732502299000
system_error_total with labels component="payment_processor",technology="square",severity="ERROR",event_type="square The Square Payment Processor Fails To Process 9 Payment Requests Due To Invalid Card Number Validation" value 9 timestamp 1732502299000
system_critical_total with labels component="message_queue_consumer",technology="aws-sqs",severity="CRITICAL",event_type="aws-sqs The AWS SQS Message Queue Consumer Experiences 4 Message Retries Due To Dead Letter Queue Issues" value 4 timestamp 1732502299000
system_warning_total with labels component="file_storage_handler",technology="minio",severity="WARN",event_type="minio The Minio File Storage Handler Experiences 56 Bucket Size Exceeds The Quota Limit Due To Inadequate Bucket Size Monitoring" value 56 timestamp 1732502299000
system_info_total with labels component="service_mesh",technology="consul",severity="INFO",event_type="consul The Consul Service Mesh Experiences 817 Healthy Service Registration Cases Due To Improved Service Discovery Algorithm" value 817 timestamp 1732502299000
system_error_total with labels component="message_queue_consumer",technology="aws-sqs",severity="ERROR",event_type="aws-sqs The AWS SQS Message Queue Consumer Experiences 14 Message Rejections Due To Invalid Message Format Validation" value 14 timestamp 1732502299000
system_warning_total with labels component="file_storage_handler",technology="gcs",severity="WARN",event_type="gcs The GCS File Storage Handler Experiences 192 Exceeded Error Due To Insufficient Disk Space In The Primary Storage Bucket" value 192 timestamp 1732502299000
system_critical_total with labels component="notification_service",technology="ses",severity="CRITICAL",event_type="ses The SES Notification Service Experiences 3 Permanent Failures Due To Unrecoverable DNS Lookups Errors" value 3 timestamp 1732502299000
system_error_total with labels component="load_balancer",technology="nginx",severity="ERROR",event_type="nginx The Nginx Load Balancer Experiences 38 Client Requests Rejected Due To Invalid SSL Certificate Verification" value 38 timestamp 1732502299000
system_critical_total with labels component="authentication_service",technology="oauth2",severity="CRITICAL",event_type="oauth2 The OAuth2 Authentication Service Experiences 2 Client Registration Fails Due To Mismatched Client IDs" value 2 timestamp 1732502299000
system_warning_total with labels component="session_manager",technology="infinispan",severity="WARN",event_type="infinispan The Infinispan Session Manager Experiences 147 Cache Hits That Do Not Match Any Active Sessions Due To Expiration" value 147 timestamp 1732502299000
system_info_total with labels component="message_queue_consumer",technology="aws-sqs",severity="INFO",event_type="aws-sqs The AWS SQS Message Queue Consumer Experiences 542 New Messages Received From The Default Queue In The Last 10 Minutes" value 542 timestamp 1732502299000
system_error_total with labels component="metrics_collector",technology="newrelic",severity="ERROR",event_type="newrelic The New Relic Metrics Collector Experiences 23 Failed Connections To The New Relic Agent Due To Authentication Issues" value 23 timestamp 1732502299000
system_critical_total with labels component="authentication_service",technology="oauth2",severity="CRITICAL",event_type="oauth2 The OAuth2 Authentication Service Experiences 1 Client Registration Fail Due To Invalid Client Secret" value 1 timestamp 1732502299000
system_info_total with labels component="metrics_collector",technology="prometheus",severity="INFO",event_type="prometheus The Prometheus Metrics Collector Experiences 118 New scrape Results From The Metrics Server In The Last 5 Minutes" value 118 timestamp 1732502299000
system_warning_total with labels component="load_balancer",technology="azure-lb",severity="WARN",event_type="azure-lb The Azure Load Balancer Experiences 75 Unhealthy Requests From The Backend Pool Due To Insufficient Instances" value 75 timestamp 1732502299000
system_error_total with labels component="search_indexer",technology="solr",severity="ERROR",event_type="solr The Solr Search Indexer Experiences 41 Failed Index Writes Due To Index Corruption" value 41 timestamp 1732502299000
system_critical_total with labels component="file_storage_handler",technology="minio",severity="CRITICAL",event_type="minio The Minio File Storage Handler Experiences 2 Failed Requests To Retrieve A File Due To Insufficient Storage Space" value 2 timestamp 1732502299000
system_info_total with labels component="cache_manager",technology="memcached",severity="INFO",event_type="memcached The Memcached Cache Manager Experiences 872 New Connections Established With The Cache Server In The Last 10 Minutes" value 872 timestamp 1732502299000
system_error_total with labels component="cache_manager",technology="ehcache",severity="ERROR",event_type="ehcache The EhCache Cache Manager Experiences 13 Failed Cache Writes Due To Memory Exhaustion" value 13 timestamp 1732502299000
system_warning_total with labels component="notification_service",technology="ses",severity="WARN",event_type="ses The SES Notification Service Experiences 142 High Failure Rates For Email Notifications Due To Incorrect Bounce Filtering" value 142 timestamp 1732502299000
system_critical_total with labels component="load_balancer",technology="aws-elb",severity="CRITICAL",event_type="aws-elb The AWS Elastic Load Balancer Experiences 7 Service Unavailable Errors Due To Inadequate Instance Capacity" value 7 timestamp 1732502299000
system_error_total with labels component="service_mesh",technology="envoy",severity="ERROR",event_type="envoy The Envoy Service Mesh Experiences 31 Failed DNS Resolution Attempts For Remote Service Connections" value 31 timestamp 1732502299000
system_critical_total with labels component="database_connection_pool",technology="oracle",severity="CRITICAL",event_type="oracle The Oracle Database Connection Pool Experiences 9 Failed Connections Due To Insufficient Available Connections" value 9 timestamp 1732502299000
system_warning_total with labels component="message_queue_consumer",technology="aws-sqs",severity="WARN",event_type="aws-sqs The AWS SQS Message Queue Consumer Experiences 98 High Message Rejection Rates Due To Invalid Message Format" value 98 timestamp 1732502299000
system_info_total with labels component="session_manager",technology="infinispan",severity="INFO",event_type="infinispan The Infinispan Session Manager Experiences 437 Successful Session Creation Events Within The Last Minute" value 437 timestamp 1732502299000
system_error_total with labels component="payment_processor",technology="adyen",severity="ERROR",event_type="adyen The Adyen Payment Processor Experiences 19 Invalid Payment Method Responses From Card Networks" value 19 timestamp 1732502299000
system_critical_total with labels component="payment_processor",technology="square",severity="CRITICAL",event_type="square The Square Payment Processor Experiences 2 Failed Stripe Webhook Notifications Due To Incomplete Payment Method Validation" value 2 timestamp 1732502299000
system_info_total with labels component="authentication_service",technology="okta",severity="INFO",event_type="okta The Okta Authentication Service Experiences 812 Successful Authentication Events Within The Last 10 Minutes For Local Users" value 812 timestamp 1732502299000
system_warning_total with labels component="notification_service",technology="sendgrid",severity="WARN",event_type="sendgrid The Sendgrid Notification Service Experiences 143 Failed Email Notifications Due To Invalid Recipient Addresses" value 143 timestamp 1732502299000
system_error_total with labels component="service_mesh",technology="envoy",severity="ERROR",event_type="envoy The Envoy Service Mesh Experiences 31 Connection Drops Due To Insecure TLS Ciphers" value 31 timestamp 1732502299000
system_critical_total with labels component="payment_processor",technology="braintree",severity="CRITICAL",event_type="braintree The Braintree Payment Processor Experiences 1 Failed Payment Method Tokenization Due To Insufficient Available Funds" value 1 timestamp 1732502299000
system_critical_total with labels component="service_mesh",technology="kuma",severity="CRITICAL",event_type="kuma The Kuma Service Mesh Experiences 7 Failed Ingress Route Reservations Due To Insufficient Service Instances" value 7 timestamp 1732502299000
system_error_total with labels component="authentication_service",technology="jwt",severity="ERROR",event_type="jwt The JWT Authentication Service Experiences 19 Expired Tokens Due To Inadequate Token Expiration Timeouts" value 19 timestamp 1732502299000
system_warning_total with labels component="message_queue_consumer",technology="activemq",severity="WARN",event_type="activemq The Activemq Message Queue Consumer Experiences 187 High Memory Usage Due To Inadequate Garbage Collection Frequencies" value 187 timestamp 1732502299000
system_info_total with labels component="load_balancer",technology="nginx",severity="INFO",event_type="nginx The Nginx Load Balancer Experiences 942 Successful Client Connections Within The Past 5 Minutes" value 942 timestamp 1732502299000
system_critical_total with labels component="database_connection_pool",technology="oracle",severity="CRITICAL",event_type="oracle The Oracle Database Connection Pool Experiences 2 Deadlocks Due To Insufficient Lock Timeout Values" value 2 timestamp 1732502299000
system_error_total with labels component="api_gateway",technology="apache",severity="ERROR",event_type="apache The Apache API Gateway Experiences 13 Invalid HTTP Requests Due To Misconfigured Route Parameters" value 13 timestamp 1732502299000
system_critical_total with labels component="authentication_service",technology="jwt",severity="CRITICAL",event_type="jwt The JWT Authentication Service Experiences 4 Security Breach Attempts Due To Weak Password Hashing" value 4 timestamp 1732502299000
system_warning_total with labels component="container_orchestrator",technology="ecs",severity="WARN",event_type="ecs The ECS Container Orchestrator Experiences 192 High CPU Utilization Levels In 3% Of Running Containers" value 192 timestamp 1732502299000
system_info_total with labels component="load_balancer",technology="haproxy",severity="INFO",event_type="haproxy The Haproxy Load Balancer Experiences 812 Successful Client Connections Within The Past 10 Minutes" value 812 timestamp 1732502299000
system_error_total with labels component="notification_service",technology="ses",severity="ERROR",event_type="ses The SES Notification Service Experiences 46 Failed Email Sends Due To Invalid Source Addresses" value 46 timestamp 1732502299000
system_critical_total with labels component="message_queue_consumer",technology="kafka",severity="CRITICAL",event_type="kafka The Kafka Message Queue Consumer Experiences 21 Repeated Offset Errors On The Partition 4 Topic" value 21 timestamp 1732502299000
system_warning_total with labels component="cache_manager",technology="hazelcast",severity="WARN",event_type="hazelcast The Hazelcast Cache Manager Experiences 157 High Cache Hit Rates Above 90% On The Partition 7 Cluster" value 157 timestamp 1732502299000
system_error_total with labels component="payment_processor",technology="paypal",severity="ERROR",event_type="paypal The PayPal Payment Processor Experiences 31 Failed Payment Reversals Due To Insufficient Funds" value 31 timestamp 1732502299000
system_info_total with labels component="session_manager",technology="jwt",severity="INFO",event_type="jwt The JWT Session Manager Experiences 542 Successful Session Renewals Within The Past Hour Using The Refresh Token" value 542 timestamp 1732502299000
system_critical_total with labels component="session_manager",technology="redis",severity="CRITICAL",event_type="redis The Redis Session Manager Experiences 13 Concurrent Session Expirations On The Expire In 30 Minutes Redis Channel" value 13 timestamp 1732502299000
system_error_total with labels component="cache_manager",technology="memcached",severity="ERROR",event_type="memcached The Memcached Cache Manager Experiences 43 Failed Cache Writes Due To Memcached Server High Latency" value 43 timestamp 1732502299000
system_warning_total with labels component="authentication_service",technology="okta",severity="WARN",event_type="okta The Okta Authentication Service Experiences 192 Authentication Failures Due To Incorrect Email Addresses Provided" value 192 timestamp 1732502299000
system_info_total with labels component="logging_aggregator",technology="fluentd",severity="INFO",event_type="fluentd The Fluentd Logging Aggregator Successfully Accumulated 823 Logging Events From The Past 10 Minutes" value 823 timestamp 1732502299000
system_critical_total with labels component="api_gateway",technology="apache",severity="CRITICAL",event_type="apache The Apache API Gateway Experiences 7 Concurrent Connection Refused Errors Due To Insufficient Available Ports" value 7 timestamp 1732502299000
system_error_total with labels component="container_orchestrator",technology="ecs",severity="ERROR",event_type="ecs The ECS Container Orchestrator Fails To Start 27 New Tasks Within The Past Hour Due To Insufficient CPU Resources" value 27 timestamp 1732502299000
system_critical_total with labels component="file_storage_handler",technology="azure-blob",severity="CRITICAL",event_type="azure-blob The Azure Blob Storage Handler Fails To Upload A File Due To A Permanent Loss Of Its Metadata" value 3 timestamp 1732502299000
system_info_total with labels component="search_indexer",technology="opensearch",severity="INFO",event_type="opensearch The OpenSearch Search Indexer Successfully Updated 542 Search Indexes Within The Past 5 Minutes" value 542 timestamp 1732502299000
system_error_total with labels component="load_balancer",technology="azure-lb",severity="ERROR",event_type="azure-lb The Azure Load Balancer Fails To Detect A New Host Failure Within The Past 10 Minutes Due To A Lack Of Monitoring Data" value 10 timestamp 1732502299000
system_warning_total with labels component="service_mesh",technology="consul",severity="WARN",event_type="consul The Consul Service Mesh Fails To Detect 185 New Service Instances Within The Past 20 Minutes Due To A Configuration Update Delay" value 185 timestamp 1732502299000
system_critical_total with labels component="payment_processor",technology="stripe",severity="CRITICAL",event_type="stripe The Stripe Payment Processor Fails To Process A Payment Due To A Declined Card" value 5 timestamp 1732502299000
system_critical_total with labels component="database_connection_pool",technology="oracle",severity="CRITICAL",event_type="oracle The Oracle Database Connection Pool Fails To Establish A Connection To The Database Due To A Network Connection Issue" value 2 timestamp 1732502299000
system_error_total with labels component="message_queue_consumer",technology="azure-servicebus",severity="ERROR",event_type="azure-servicebus The Azure Service Bus Message Queue Consumer Fails To Process A Message Within The Past 5 Minutes Due To A Dead Letter Queue Overflow" value 12 timestamp 1732502299000
system_error_total with labels component="database_connection_pool",technology="mongodb",severity="ERROR",event_type="mongodb The MongoDB Database Connection Pool Fails To Establish A Connection To The Database Due To A Socket Error" value 43 timestamp 1732502299000
system_info_total with labels component="notification_service",technology="sendgrid",severity="INFO",event_type="sendgrid The SendGrid Notification Service Sends A Successful Email Notification To A User After A 30-Minute Delay" value 542 timestamp 1732502299000
system_warning_total with labels component="cache_manager",technology="redis",severity="WARN",event_type="redis The Redis Cache Manager Experiences A High Memory Usage Due To A Failure To Evict Expired Items" value 187 timestamp 1732502299000
system_critical_total with labels component="container_orchestrator",technology="kubernetes",severity="CRITICAL",event_type="kubernetes The Kubernetes Container Orchestrator Fails To Create A New Pod Due To A Namespace Resource Limitation" value 4 timestamp 1732502299000
system_error_total with labels component="search_indexer",technology="algolia",severity="ERROR",event_type="algolia The Algolia Search Indexer Fails To Index A New Document Due To An Insufficient Index Size" value 38 timestamp 1732502299000
system_info_total with labels component="cache_manager",technology="hazelcast",severity="INFO",event_type="hazelcast The Hazelcast Cache Manager Successfully Evicts A Stale Item From The In-Memory Data Store" value 351 timestamp 1732502299000
system_critical_total with labels component="metrics_collector",technology="datadog",severity="CRITICAL",event_type="datadog The Datadog Metrics Collector Fails To Send Metrics Data To The Datadog Service Due To An Invalid API Key" value 2 timestamp 1732502299000
system_error_total with labels component="logging_aggregator",technology="fluentd",severity="ERROR",event_type="fluentd The Fluentd Logging Aggregator Fails To Parse A Log Message Due To An Invalid JSON Format" value 43 timestamp 1732502299000
system_warn with labels component="notification_service",technology="twilio",severity="WARN",event_type="twilio The Twilio Notification Service Fails To Send A SMS Notification To The User Due To An Insufficient Twilio Account Balance" value 191 timestamp 1732502299000
system_error_total with labels component="notification_service",technology="ses",severity="ERROR",event_type="ses The SES Notification Service Fails To Send An Email Notification To The User Due To A Failed DKIM Signature Verification" value 32 timestamp 1732502299000
system_critical_total with labels component="service_mesh",technology="linkerd",severity="CRITICAL",event_type="linkerd The Linkerd Service Mesh Fails To Establish A Secure Connection To The Microservice Due To A Failed TLS Handshake" value 4 timestamp 1732502299000
system_error_total with labels component="payment_processor",technology="square",severity="ERROR",event_type="square The Square Payment Processor Fails To Process A Payment Due To An Insufficient Available Balance On The Customer's Card" value 14 timestamp 1732502299000
system_info_total with labels component="metrics_collector",technology="newrelic",severity="INFO",event_type="newrelic The New Relic Metrics Collector Fails To Collect Metrics From The Application Due To An Existing Metrics Collection Error" value 351 timestamp 1732502299000
system_error_total with labels component="session_manager",technology="jwt",severity="ERROR",event_type="jwt The JWT Session Manager Fails To Validate The Session Token Due To An Expired Token Signature" value 37 timestamp 1732502299000
system_critical_total with labels component="search_indexer",technology="solr",severity="CRITICAL",event_type="solr The Solr Search Indexer Fails To Establish A Connection To The Search Service Due To A Failed Network Authentication" value 2 timestamp 1732502299000
system_warning_total with labels component="authentication_service",technology="jwt",severity="WARN",event_type="jwt The JWT Authentication Service Fails To Validate The User Credentials Due To An Incorrect Refresh Token Expiration Time" value 191 timestamp 1732502299000
system_info_total with labels component="notification_service",technology="firebase",severity="INFO",event_type="firebase The Firebase Notification Service Fails To Send A Push Notification To The User Due To An Unknown Firebase Token" value 542 timestamp 1732502299000
system_error_total with labels component="session_manager",technology="memcached",severity="ERROR",event_type="memcached The Memcached Session Manager Fails To Retrieve The Session Data From Memcached Due To A Memcached Server Unavailability" value 41 timestamp 1732502299000
system_critical_total with labels component="service_mesh",technology="istio",severity="CRITICAL",event_type="istio The Istio Service Mesh Fails To Establish A Secure Communication Channel Between The Services Due To A Missing Service Certificate" value 4 timestamp 1732502299000
system_warning_total with labels component="payment_processor",technology="square",severity="WARN",event_type="square The Square Payment Processor Fails To Process The Payment Transaction Due To An Insufficient Available Balance In The User Account" value 128 timestamp 1732502299000
system_info_total with labels component="cache_manager",technology="hazelcast",severity="INFO",event_type="hazelcast The Hazelcast Cache Manager Fails To Evict The Expired Cache Entries Due To An Insufficient Heap Size" value 351 timestamp 1732502299000
system_error_total with labels component="file_storage_handler",technology="s3",severity="ERROR",event_type="s3 The S3 File Storage Handler Fails To Upload The File To The S3 Bucket Due To An Invalid S3 Access Key" value 19 timestamp 1732502299000
system_critical_total with labels component="payment_processor",technology="braintree",severity="CRITICAL",event_type="braintree The Braintree Payment Processor Fails To Process The Payment Transaction Due To A Validation Error In The Braintree Gateway" value 2 timestamp 1732502299000
system_error_total with labels component="container_orchestrator",technology="ecs",severity="ERROR",event_type="ecs The ECS Container Orchestrator Fails To Start The Container Due To An Insufficient Number Of Available Tasks" value 44 timestamp 1732502299000
system_critical_total with labels component="authentication_service",technology="keycloak",severity="CRITICAL",event_type="keycloak The Keycloak Authentication Service Fails To Validate The User Credentials Due To An Expired Access Token" value 4 timestamp 1732502299000
system_warning_total with labels component="logging_aggregator",technology="elasticsearch",severity="WARN",event_type="elasticsearch The Elasticsearch Logging Aggregator Fails To Index The Log Events Due To A Connection Timeout To The Elasticsearch Cluster" value 194 timestamp 1732502299000
system_info_total with labels component="api_gateway",technology="kong",severity="INFO",event_type="kong The Kong API Gateway Successfully Routes The API Request Without Any Errors Or Exceptions" value 351 timestamp 1732502299000
system_error_total with labels component="logging_aggregator",technology="fluentd",severity="ERROR",event_type="fluentd The Fluentd Logging Aggregator Fails To Read The Log Files Due To An Insufficient Number Of Worker Processes" value 32 timestamp 1732502299000
system_critical_total with labels component="search_indexer",technology="meilisearch",severity="CRITICAL",event_type="meilisearch The MeiliSearch Search Indexer Fails To Create The Index Due To A Conflict With The Existing Data" value 2 timestamp 1732502299000
system_warning_total with labels component="service_mesh",technology="consul",severity="WARN",event_type="consul The Consul Service Mesh Fails To Discover The Service Instance Due To An Inconsistent Cluster State" value 117 timestamp 1732502299000
system_error_total with labels component="cache_manager",technology="memcached",severity="ERROR",event_type="memcached The Memcached Cache Manager Fails To Evict The Expired Cache Items Due To A Resource Leak" value 14 timestamp 1732502299000
system_critical_total with labels component="api_gateway",technology="traefik",severity="CRITICAL",event_type="traefik The Traefik API Gateway Fails To Establish The TLS Connection Due To A Certificate Validation Error" value 4 timestamp 1732502299000
system_info_total with labels component="database_connection_pool",technology="mongodb",severity="INFO",event_type="mongodb The MongoDB Database Connection Pool Fails To Establish The Connection Due To A Network Socket Error" value 943 timestamp 1732502299000
system_error_total with labels component="session_manager",technology="jwt",severity="ERROR",event_type="jwt The JWT Session Manager Fails To Validate The Token Due To A Signature Verification Error" value 46 timestamp 1732502299000
system_critical_total with labels component="notification_service",technology="twilio",severity="CRITICAL",event_type="twilio The Twilio Notification Service Fails To Send The SMS Due To A Phone Number Verification Error" value 2 timestamp 1732502299000
system_warning_total with labels component="file_storage_handler",technology="s3",severity="WARN",event_type="s3 The S3 File Storage Handler Fails To Upload The File Due To An Insufficient Number Of Concurrent Uploads" value 117 timestamp 1732502299000
system_info_total with labels component="cache_manager",technology="memcached",severity="INFO",event_type="memcached The Memcached Cache Manager Fails To Refresh The Cache Due To A High Load On The Server" value 851 timestamp 1732502299000
system_error_total with labels component="database_connection_pool",technology="mariadb",severity="ERROR",event_type="mariadb The MariaDB Database Connection Pool Fails To Establish A Connection Due To A Database Crashed" value 29 timestamp 1732502299000
system_critical_total with labels component="notification_service",technology="smtp",severity="CRITICAL",event_type="smtp The SMTP Notification Service Fails To Send The Email Due To A Invalid SMTP Server Configuration" value 4 timestamp 1732502299000
system_error_total with labels component="cache_manager",technology="memcached",severity="ERROR",event_type="memcached The Memcached Cache Manager Fails To Evict An Expired Item Due To A High Memory Pressure" value 41 timestamp 1732502299000
system_critical_total with labels component="search_indexer",technology="algolia",severity="CRITICAL",event_type="algolia The Algolia Search Indexer Fails To Index A New Record Due To A Indexing Conflict" value 2 timestamp 1732502299000
system_error_total with labels component="search_indexer",technology="solr",severity="ERROR",event_type="solr The Solr Search Indexer Fails To Update A Document Due To A Indexing Schema Mismatch" value 38 timestamp 1732502299000
system_warning_total with labels component="metrics_collector",technology="newrelic",severity="WARN",event_type="newrelic The New Relic Metrics Collector Fails To Poll The New Relic Metrics API Due To A High Number Of Simultaneous Requests" value 182 timestamp 1732502299000
system_critical_total with labels component="notification_service",technology="ses",severity="CRITICAL",event_type="ses The SES Notification Service Fails To Send An Email Due To A Invalid SourceArn" value 1 timestamp 1732502299000
system_info_total with labels component="load_balancer",technology="traefik",severity="INFO",event_type="traefik The Traefik Load Balancer Fails To Establish A Connection With A Downed Backend Server" value 467 timestamp 1732502299000
system_error_total with labels component="cache_manager",technology="redis",severity="ERROR",event_type="redis The Redis Cache Manager Fails To Ping A Down Redis Server Due To A Connection Refused" value 14 timestamp 1732502299000
system_warning_total with labels component="message_queue_consumer",technology="azure-servicebus",severity="WARN",event_type="azure-servicebus The Azure Service Bus Message Queue Consumer Fails To Process A Message Due To A High Number Of Outstanding Messages" value 91 timestamp 1732502299000
system_critical_total with labels component="container_orchestrator",technology="docker-swarm",severity="CRITICAL",event_type="docker-swarm The Docker Swarm Container Orchestrator Fails To Start A New Container Due To An Insufficient Number Of Available Nodes" value 2 timestamp 1732502299000
system_error_total with labels component="load_balancer",technology="nginx",severity="ERROR",event_type="nginx The Nginx Load Balancer Fails To Handle A Client Request Due To A Request Entity Too Large" value 46 timestamp 1732502299000
system_critical_total with labels component="message_queue_consumer",technology="kafka",severity="CRITICAL",event_type="kafka The Kafka Message Queue Consumer Fails To Produce A Message To A Partition Due To A Broader Than Allowed Max Partition Size" value 4 timestamp 1732502299000
system_info_total with labels component="service_mesh",technology="linkerd",severity="INFO",event_type="linkerd The Linkerd Service Mesh Fails To Establish A Secure Connection Between Two Services Due To An Incompatible Protocol Version" value 187 timestamp 1732502299000
system_error_total with labels component="metrics_collector",technology="prometheus",severity="ERROR",event_type="prometheus The Prometheus Metrics Collector Fails To Fetch Metrics Data From A Downstream API Due To A Temporarily Unavailable Service" value 14 timestamp 1732502299000
system_critical_total with labels component="cache_manager",technology="memcached",severity="CRITICAL",event_type="memcached The Memcached Cache Manager Fails To Evict An Item Due To A Memory Leak Caused By An Inconsistent Eviction LRU Policy" value 9 timestamp 1732502299000
system_info_total with labels component="payment_processor",technology="adyen",severity="INFO",event_type="adyen The Adyen Payment Processor Fails To Process A Payment Transaction Due To An Insufficient Available Balance In The Merchant Account" value 421 timestamp 1732502299000
system_error_total with labels component="session_manager",technology="hazelcast",severity="ERROR",event_type="hazelcast The Hazelcast Session Manager Fails To Rebalance Session Data Across Multiple Nodes Due To An Unusual Network Partitioning Issue" value 31 timestamp 1732502299000
system_critical_total with labels component="message_queue_consumer",technology="rabbitmq",severity="CRITICAL",event_type="rabbitmq The RabbitMQ Message Queue Consumer Fails To Consume Messages From A Queue Due To An Unreachable Broker Caused By A Network Configuration Issue" value 8 timestamp 1732502299000
system_warning_total with labels component="load_balancer",technology="aws-elb",severity="WARN",event_type="aws-elb The AWS Elastic Load Balancer Fails To Detect A Potential Security Vulnerability In The Target Group Configured For A Specific Application Service" value 118 timestamp 1732502299000
system_error_total with labels component="payment_processor",technology="square",severity="ERROR",event_type="square The Square Payment Processor Fails To Verify A Credit Card Due To An Insufficient Amount Caused By A Bank Processing Delay" value 46 timestamp 1732502299000
system_info_total with labels component="authentication_service",technology="jwt",severity="INFO",event_type="jwt The JWT Authentication Service Fails To Validate A Token Signed With An Unrecognized Signature Due To A Mismatched Key Caused By Human Error" value 314 timestamp 1732502299000
system_critical_total with labels component="load_balancer",technology="azure-lb",severity="CRITICAL",event_type="azure-lb The Azure Load Balancer Fails To Detect A Potential Security Vulnerability In The Frontend IP Configuration Caused By An Unreachable Backend Server" value 2 timestamp 1732502299000
system_error_total with labels component="file_storage_handler",technology="s3",severity="ERROR",event_type="s3 The S3 File Storage Handler Fails To Retrieve A Binary File Due To An Insufficient Number Of Concurrent Connections Caused By A High Volume Of Concurrent Requests" value 19 timestamp 1732502299000
system_warning_total with labels component="database_connection_pool",technology="oracle",severity="WARN",event_type="oracle The Oracle Database Connection Pool Experiences High CPU Utilization Due To A Resource-Intensive SQL Query Caused By A Misconfigured Index" value 192 timestamp 1732502299000
system_critical_total with labels component="service_mesh",technology="consul",severity="CRITICAL",event_type="consul The Consul Service Mesh Detects A Potential Service Unavailability Caused By An Insufficiently Configured Service Discovery Cache" value 5 timestamp 1732502299000
system_info_total with labels component="search_indexer",technology="algolia",severity="INFO",event_type="algolia The Algolia Search Indexer Successfully Migrated A Large Batch Of New Data From The New Index To The Old Index Due To Proper Configuration Of The Replication Policy" value 817 timestamp 1732502299000
system_error_total with labels component="authentication_service",technology="okta",severity="ERROR",event_type="okta The Okta Authentication Service Experiences A Connection Timeout Due To An Incorrectly Configured Tenant With A Large Number Of Inactive Users" value 37 timestamp 1732502299000
system_warning_total with labels component="authentication_service",technology="oauth2",severity="WARN",event_type="oauth2 The OAuth2 Authentication Service Notifies An Application About A Potential Security Risk Caused By An Expiring Access Token With Over 100 Concurrent Requests" value 191 timestamp 1732502299000
system_critical_total with labels component="search_indexer",technology="meilisearch",severity="CRITICAL",event_type="meilisearch The Meilisearch Search Indexer Detects A Data Corruption Caused By A Misconfigured Primary Index With Missing Data" value 2 timestamp 1732502299000
system_info_total with labels component="file_storage_handler",technology="nfs",severity="INFO",event_type="nfs The NFS File Storage Handler Successfully Handled A Large File Write Operation With A Total Of 1024 New Files In The Last 5 Minutes Due To Proper Configuration Of The File System" value 942 timestamp 1732502299000
system_warning_total with labels component="file_storage_handler",technology="azure-blob",severity="WARN",event_type="azure-blob The Azure Blob File Storage Handler Notifies An Application About A Potential Resource Leak Caused By An Inactive Blob Container With 500 Unprocessed Download Requests" value 118 timestamp 1732502299000
system_critical_total with labels component="file_storage_handler",technology="nfs",severity="CRITICAL",event_type="nfs The NFS File Storage Handler Experiences A High Error Rate Due To A Network Partition Causing 15 Concurrent File Access Failures" value 1 timestamp 1732502299000
system_error_total with labels component="database_connection_pool",technology="mariadb",severity="ERROR",event_type="mariadb The Database Connection Pool Fails To Establish A New Connection To The MySQL Server After 5 Attempts Due To An Excessive Rate Of Rejected Connections" value 46 timestamp 1732502299000
system_info_total with labels component="service_mesh",technology="envoy",severity="INFO",event_type="envoy The Service Mesh Notifies An Application About The Successful Replacement Of A Route Rule With A New One Due To A Change In The Application's URL Prefix" value 753 timestamp 1732502299000
system_critical_total with labels component="metrics_collector",technology="grafana",severity="CRITICAL",event_type="grafana The Grafana Metrics Collector Experiences A High Error Rate Due To A Misconfigured Time Series Database With 8 Concurrent Failed Write Operations" value 3 timestamp 1732502299000
system_error_total with labels component="search_indexer",technology="meilisearch",severity="ERROR",event_type="meilisearch The Search Indexer Fails To Reindex A Large Number Of Documents Due To A Missing Index Schema" value 28 timestamp 1732502299000
system_warning_total with labels component="search_indexer",technology="elasticsearch",severity="WARN",event_type="elasticsearch The Elasticsearch Search Indexer Notifies An Application About A High Memory Usage Due To A Large Number Of Uncommitted Writes" value 118 timestamp 1732502299000
system_critical_total with labels component="container_orchestrator",technology="nomad",severity="CRITICAL",event_type="nomad The Nomad Container Orchestrator Experiences A High Failure Rate Due To A Misconfigured Job Config With 4 Concurrent Failed Launch Attempts" value 4 timestamp 1732502299000
system_error_total with labels component="file_storage_handler",technology="gcs",severity="ERROR",event_type="gcs The GCS File Storage Handler Notifies An Application About A Large Number Of Failed Download Requests Due To Inadequate IAM Permissions" value 32 timestamp 1732502299000
system_info_total with labels component="metrics_collector",technology="dynatrace",severity="INFO",event_type="dynatrace The Dynatrace Metrics Collector Successfully Collects Metrics From 25% Of The Application Nodes" value 219 timestamp 1732502299000
system_warning_total with labels component="metrics_collector",technology="dynatrace",severity="WARN",event_type="dynatrace The Dynatrace Metrics Collector Notifies An Application About A High Network Bandwidth Due To A Large Number Of Uncompressed Metric Streams" value 191 timestamp 1732502299000
system_critical_total with labels component="service_mesh",technology="kuma",severity="CRITICAL",event_type="kuma The Kuma Service Mesh Experiences A High Rate Of Service Mesh Misconfigurations Due To Inadequate Gateway Configuration" value 1 timestamp 1732502299000
system_error_total with labels component="metrics_collector",technology="newrelic",severity="ERROR",event_type="newrelic The New Relic Metrics Collector Notifies An Application About A High Number Of Failed Data Feed Attempts Due To Inadequate Account Permissions" value 14 timestamp 1732502299000
system_info_total with labels component="session_manager",technology="hazelcast",severity="INFO",event_type="hazelcast The Hazelcast Session Manager Successfully Manages 15,000 Sessions" value 542 timestamp 1732502299000
system_critical_total with labels component="payment_processor",technology="braintree",severity="CRITICAL",event_type="braintree The Braintree Payment Processor Experiences A High Rate Of Invalid Payment Methods Due To Outdated Merchant Information" value 3 timestamp 1732502299000
system_error_total with labels component="notification_service",technology="ses",severity="ERROR",event_type="ses The Amazon SES Notification Service Experiences A High Rate Of Failed Delivery Attempts Due To Insufficient DNS Resolution" value 28 timestamp 1732502299000
system_warning_total with labels component="container_orchestrator",technology="docker-swarm",severity="WARN",event_type="docker-swarm The Docker Swarm Container Orchestrator Notifies An Application About A High Rate Of Service Restart Due To Insufficient Node Resources" value 191 timestamp 1732502299000
system_info_total with labels component="authentication_service",technology="oauth2",severity="INFO",event_type="oauth2 The OAuth2 Authentication Service Successfully Authenticates 10,000 Users With A New Client ID" value 507 timestamp 1732502299000
system_critical_total with labels component="message_queue_consumer",technology="kafka",severity="CRITICAL",event_type="kafka The Kafka Message Queue Consumer Experiences A High Rate Of Desynchronized Consumer Offset Updates Due To Network Partition" value 4 timestamp 1732502299000
system_error_total with labels component="message_queue_consumer",technology="rabbitmq",severity="ERROR",event_type="rabbitmq The RabbitMQ Message Queue Consumer Experiences A High Rate Of Failed Connections Due To Incorrect Vhost Configuration" value 44 timestamp 1732502299000
system_warning_total with labels component="notification_service",technology="twilio",severity="WARN",event_type="twilio The Twilio Notification Service Experiences A High Rate Of Missed SMS Deliveries Due To Insufficient Phone Number Validation" value 187 timestamp 1732502299000
system_critical_total with labels component="container_orchestrator",technology="nomad",severity="CRITICAL",event_type="nomad The Nomad Container Orchestrator Fails To Reconcile A Large Number Of Running Containers Due To Inconsistent Configuration" value 3 timestamp 1732502299000
system_info_total with labels component="file_storage_handler",technology="nfs",severity="INFO",event_type="nfs The NFS File Storage Handler Completes 1000 Successful File Copies To The S3 Storage Bucket In The Last 5 Minutes" value 507 timestamp 1732502299000
system_error_total with labels component="load_balancer",technology="traefik",severity="ERROR",event_type="traefik The Traefik Load Balancer Experiences A High Rate Of DNS Resolution Failures Due To Incorrect DNS Server Configuration" value 46 timestamp 1732502299000
system_critical_total with labels component="message_queue_consumer",technology="azure-servicebus",severity="CRITICAL",event_type="azure-servicebus The Azure Service Bus Message Queue Consumer Fails To Process A High Volume Of Messages Due To Connection Issues" value 2 timestamp 1732502299000
system_warning_total with labels component="file_storage_handler",technology="azure-blob",severity="WARN",event_type="azure-blob The Azure Blob File Storage Handler Experiences A High Rate Of Failed Uploads Due To Inadequate Disk Space" value 192 timestamp 1732502299000
system_error_total with labels component="authentication_service",technology="jwt",severity="ERROR",event_type="jwt The JWT Authentication Service Experiences A High Rate Of Token Expiration Issues Due To Inconsistent Token Signing Keys" value 38 timestamp 1732502299000
system_critical_total with labels component="database_connection_pool",technology="mysql",severity="CRITICAL",event_type="mysql The MySQL Database Connection Pool Experiences A High Rate Of Connection Dropped Due To Insufficient Available Database Resources" value 1 timestamp 1732502299000
system_warning_total with labels component="session_manager",technology="redis",severity="WARN",event_type="redis The Redis Session Manager Experiences A High Rate Of Session Timeout Issues Due To Inadequate Cache Expiration Settings" value 128 timestamp 1732502299000
system_info_total with labels component="load_balancer",technology="nginx",severity="INFO",event_type="nginx The Nginx Load Balancer Experiences A High Rate Of Successful Redirects To Backend Servers Without Any Error Issues" value 542 timestamp 1732502299000
system_error_total with labels component="search_indexer",technology="meilisearch",severity="ERROR",event_type="meilisearch The MeiliSearch Search Indexer Experiences A High Rate Of Queries That Fail To Retrieve Data Due To Inefficient Indexing Algorithms" value 11 timestamp 1732502299000
system_critical_total with labels component="authentication_service",technology="oauth2",severity="CRITICAL",event_type="oauth2 The OAuth2 Authentication Service Experiences A High Rate Of Unauthorized Access Attempts Due To Insufficient Authentication Credentials" value 4 timestamp 1732502299000
system_warning_total with labels component="service_mesh",technology="consul",severity="WARN",event_type="consul The Consul Service Mesh Experiences A High Rate Of Service Discovery Failures Due To Inconsistent Service Definitions" value 187 timestamp 1732502299000
system_error_total with labels component="database_connection_pool",technology="mysql",severity="ERROR",event_type="mysql The MySQL Database Connection Pool Experiences A High Rate Of Connection Refusal Attempts Due To Insufficient Available Connections" value 35 timestamp 1732502299000
system_critical_total with labels component="api_gateway",technology="kong",severity="CRITICAL",event_type="kong The Kong API Gateway Experiences A High Rate Of Rate Limit Exceeded Errors Due To Excessive API Request Volume" value 2 timestamp 1732502299000
system_info_total with labels component="session_manager",technology="memcached",severity="INFO",event_type="memcached The Memcached Session Manager Experiences A High Rate Of Cache Hits Due To Frequent Session Updates" value 314 timestamp 1732502299000
system_error_total with labels component="payment_processor",technology="stripe",severity="ERROR",event_type="stripe The Stripe Payment Processor Experiences A High Rate Of Payment Reversals Due To Invalid Card Numbers" value 43 timestamp 1732502299000
system_critical_total with labels component="service_mesh",technology="kuma",severity="CRITICAL",event_type="kuma The Kuma Service Mesh Experiences A High Rate Of Service Mesh Crashes Due To Inconsistent Service Definitions" value 1 timestamp 1732502299000
system_warning_total with labels component="service_mesh",technology="envoy",severity="WARN",event_type="envoy The Envoy Service Mesh Experiences A High Rate Of Slow HTTP Connections Due To Insufficient Server Push Policies" value 182 timestamp 1732502299000
system_error_total with labels component="payment_processor",technology="paypal",severity="ERROR",event_type="paypal The Paypal Payment Processor Experiences A High Rate Of Authentication Failed Events Due To Expired Client Ids" value 48 timestamp 1732502299000
system_info_total with labels component="logging_aggregator",technology="datadog",severity="INFO",event_type="datadog The Datadog Logging Aggregator Experiences A High Rate Of Log Data Retries Due To Service Connection Errors" value 547 timestamp 1732502299000
system_critical_total with labels component="cache_manager",technology="ehcache",severity="CRITICAL",event_type="ehcache The EhCache Cache Manager Experiences A High Rate Of Disk Space Exhaustion Due To Insufficient Cache Eviction Policies" value 2 timestamp 1732502299000
system_error_total with labels component="session_manager",technology="redis",severity="ERROR",event_type="redis The Redis Session Manager Experiences A High Rate Of Connection Refused Events Due To Incorrect Host Configuration" value 11 timestamp 1732502299000
system_warning_total with labels component="notification_service",technology="ses",severity="WARN",event_type="ses The SES Notification Service Experiences A High Rate Of Duplicate Notification Events Due To Unhandled Error Handling" value 191 timestamp 1732502299000
system_critical_total with labels component="payment_processor",technology="stripe",severity="CRITICAL",event_type="stripe The Stripe Payment Processor Experiences A High Rate Of Card Expiration Events Due To Inadequate Card Validation Policies" value 4 timestamp 1732502299000
system_info_total with labels component="service_mesh",technology="kuma",severity="INFO",event_type="kuma The Kuma Service Mesh Experiences A High Rate Of Service Mesh Configuration Updates Due To New Ingress Controller Installation" value 542 timestamp 1732502299000
system_error_total with labels component="authentication_service",technology="oauth2",severity="ERROR",event_type="oauth2 The OAuth2 Authentication Service Experiences A High Rate Of Invalid Client Credentials Due To Insecure Client Registration" value 36 timestamp 1732502299000
system_critical_total with labels component="api_gateway",technology="envoy",severity="CRITICAL",event_type="envoy The Envoy API Gateway Experiences A High Rate Of Route Configuration Errors Due To Misconfigured Route Rules" value 2 timestamp 1732502299000
system_warning_total with labels component="file_storage_handler",technology="nfs",severity="WARN",event_type="nfs The NFS File Storage Handler Experiences A Moderate Rate Of Disk Full Errors Due To Insufficient Storage Allocation" value 187 timestamp 1732502299000
system_info_total with labels component="container_orchestrator",technology="aks",severity="INFO",event_type="aks The AKS Container Orchestrator Experiences A High Rate Of Pod Restart Due To Insufficient Cpu Allocation" value 521 timestamp 1732502299000
system_critical_total with labels component="cache_manager",technology="hazelcast",severity="CRITICAL",event_type="hazelcast The Hazelcast Cache Manager Experiences A High Rate Of In-Memory Cache Expiration Due To Inadequate Cache Eviction Strategies" value 4 timestamp 1732502299000
system_error_total with labels component="cache_manager",technology="hazelcast",severity="ERROR",event_type="hazelcast The Hazelcast Cache Manager Experiences A High Rate Of Cache Eviction Failures Due To Incompatible Cache Configurations" value 41 timestamp 1732502299000
system_warning_total with labels component="container_orchestrator",technology="kubernetes",severity="WARN",event_type="kubernetes The Kubernetes Container Orchestrator Experiences A Moderate Rate Of Pod Resource Allocation Errors Due To Insufficient Memory Requests" value 191 timestamp 1732502299000
system_critical_total with labels component="payment_processor",technology="stripe",severity="CRITICAL",event_type="stripe The Stripe Payment Processor Experiences A High Rate Of Payment Gateway Errors Due To Insufficient Funding Source Availability" value 2 timestamp 1732502299000
system_info_total with labels component="container_orchestrator",technology="docker-swarm",severity="INFO",event_type="docker-swarm The Docker Swarm Container Orchestrator Experiences A High Rate Of Service Restart Notifications Due To Increased Load Balancer Configuration Changes" value 817 timestamp 1732502299000
system_error_total with labels component="metrics_collector",technology="datadog",severity="ERROR",event_type="datadog The Datadog Metrics Collector Experiences A High Rate Of Service Discovery Errors Due To Unavailable Hosts In The Environment" value 23 timestamp 1732502299000
system_warning_total with labels component="service_mesh",technology="istio",severity="WARN",event_type="istio The Istio Service Mesh Experiences A Moderate Rate Of Service Traffic Refused Due To Insufficient Authentication Policies" value 135 timestamp 1732502299000
system_critical_total with labels component="database_connection_pool",technology="mariadb",severity="CRITICAL",event_type="mariadb The MariaDB Database Connection Pool Experiences A High Rate Of Connection Refusals Due To Insufficient Available Connections" value 1 timestamp 1732502299000
system_error_total with labels component="database_connection_pool",technology="oracle",severity="ERROR",event_type="oracle The Oracle Database Connection Pool Experiences A High Rate Of Connection Timeouts Due To Network Issues With The Database Server" value 46 timestamp 1732502299000
system_info_total with labels component="service_mesh",technology="istio",severity="INFO",event_type="istio The Istio Service Mesh Completes A Successful Service Mesh Configuration Cycle" value 812 timestamp 1732502299000
system_warning_total with labels component="logging_aggregator",technology="elasticsearch",severity="WARN",event_type="elasticsearch The Elasticsearch Logging Aggregator Experiences A Moderate Rate Of Log Data Loss Due To Insufficient Disk Space" value 67 timestamp 1732502299000
system_error_total with labels component="cache_manager",technology="hazelcast",severity="ERROR",event_type="hazelcast The Hazelcast Cache Manager Experiences A High Rate Of Cache Evictions Due To Inconsistent Cache Expiration Times" value 28 timestamp 1732502299000
system_critical_total with labels component="load_balancer",technology="azure-lb",severity="CRITICAL",event_type="azure-lb The Azure Load Balancer Experiences A Service Unavailability Due To A Faulty IP Address" value 4 timestamp 1732502299000
system_warning_total with labels component="service_mesh",technology="kuma",severity="WARN",event_type="kuma The Kuma Service Mesh Experiences A Moderate Rate Of Inbound Traffic Dropped Due To Unhandled HTTP Errors" value 139 timestamp 1732502299000
system_error_total with labels component="api_gateway",technology="envoy",severity="ERROR",event_type="envoy The Envoy API Gateway Experiences A High Rate Of Connection Refused Errors Due To An Inbound HTTP Server Crash" value 34 timestamp 1732502299000
system_critical_total with labels component="message_queue_consumer",technology="aws-sqs",severity="CRITICAL",event_type="aws-sqs The AWS SQS Queue Consumer Experiences A High Rate Of Message Dequeue Failures Due To Insufficient Available Credits" value 2 timestamp 1732502299000
system_info_total with labels component="notification_service",technology="smtp",severity="INFO",event_type="smtp The SMTP Notification Service Receives A High Volume Of Successfully Delivered Emails Due To Optimized Relay Host Configuration" value 467 timestamp 1732502299000
system_error_total with labels component="notification_service",technology="twilio",severity="ERROR",event_type="twilio The Twilio Notification Service Experiences A Moderate Rate Of SMS Delivery Failures Due To Insufficient Credit Balances" value 19 timestamp 1732502299000
system_warning_total with labels component="metrics_collector",technology="grafana",severity="WARN",event_type="grafana The Grafana Metrics Collector Experiences A High Rate Of Missing Dashboards Due To Insufficient Prometheus Scrape Intervals" value 112 timestamp 1732502299000
system_critical_total with labels component="search_indexer",technology="meilisearch",severity="CRITICAL",event_type="meilisearch The MeiliSearch Indexer Experiences A High Rate Of Indexing Failures Due To Large Document Sizes" value 1 timestamp 1732502299000
system_error_total with labels component="payment_processor",technology="adyen",severity="ERROR",event_type="adyen The Adyen Payment Processor Experiences A Moderate Rate Of Payment Rejections Due To Insufficient Available Funds" value 35 timestamp 1732502299000
system_warning_total with labels component="api_gateway",technology="envoy",severity="WARN",event_type="envoy The Envoy API Gateway Experiences A High Rate Of Request Rate Limits Due To Excessive API Usage" value 187 timestamp 1732502299000
system_info_total with labels component="message_queue_consumer",technology="activemq",severity="INFO",event_type="activemq The Activemq Message Queue Consumer Successfully Consumes 847 Messages From The Default Broker" value 847 timestamp 1732502299000
system_critical_total with labels component="notification_service",technology="twilio",severity="CRITICAL",event_type="twilio The Twilio Notification Service Experiences A High Rate Of Phone Number Lookups Due To Incorrect Phone Number Formats" value 3 timestamp 1732502299000
system_error_total with labels component="notification_service",technology="sendgrid",severity="ERROR",event_type="sendgrid The Sendgrid Notification Service Experiences A Moderate Rate Of Mail Delivery Failures Due To Invalid Email Addresses" value 22 timestamp 1732502299000
system_info_total with labels component="session_manager",technology="redis",severity="INFO",event_type="redis The Redis Session Manager Successfully Expired 351 Client Sessions After The Session Timeout Period Elapsed" value 351 timestamp 1732502299000
system_critical_total with labels component="payment_processor",technology="adyen",severity="CRITICAL",event_type="adyen The Adyen Payment Processor Experiences A High Rate Of Payment Rejections Due To Insufficient Funds" value 2 timestamp 1732502299000
system_warning_total with labels component="database_connection_pool",technology="mysql",severity="WARN",event_type="mysql The MySQL Database Connection Pool Experiences High Memory Usage Due To Idle Connections" value 186 timestamp 1732502299000
system_error_total with labels component="logging_aggregator",technology="splunk",severity="ERROR",event_type="splunk The Splunk Logging Aggregator Fails To Index 12 Logs Due To Insufficient Disk Space" value 42 timestamp 1732502299000
system_info_total with labels component="payment_processor",technology="square",severity="INFO",event_type="square The Square Payment Processor Successfully Processed 145 Payments Using The New Payment Gateway" value 145 timestamp 1732502299000
system_critical_total with labels component="session_manager",technology="jwt",severity="CRITICAL",event_type="jwt The JWT Session Manager Fails To Verify 8 Tokens Due To Expired Session Keys" value 8 timestamp 1732502299000
system_critical_total with labels component="search_indexer",technology="solr",severity="CRITICAL",event_type="solr The Solr Search Indexer Experiences A High Rate Of Query Errors Due To Index Corruption" value 5 timestamp 1732502299000
system_error_total with labels component="payment_processor",technology="stripe",severity="ERROR",event_type="stripe The Stripe Payment Processor Fails To Process 27 Payment Requests Due To Invalid Card Numbers" value 27 timestamp 1732502299000
system_warning_total with labels component="cache_manager",technology="redis",severity="WARN",event_type="redis The Redis Cache Manager Notifies 135 High Memory Usage Events Due To Insufficient Cache Memory" value 135 timestamp 1732502299000
system_warning_total with labels component="service_mesh",technology="linkerd",severity="WARN",event_type="linkerd The Linkerd Service Mesh Experiences 182 Slow Request Latencies Due To Inadequate Service Discovery" value 182 timestamp 1732502299000
system_info_total with labels component="authentication_service",technology="auth0",severity="INFO",event_type="auth0 The Auth0 Authentication Service Starts 437 New Sessions Successfully" value 437 timestamp 1732502299000
system_critical_total with labels component="session_manager",technology="jwt",severity="CRITICAL",event_type="jwt The JWT Session Manager Discovers 3 Stale Sessions Due To Expired Tokens" value 3 timestamp 1732502299000
system_error_total with labels component="database_connection_pool",technology="postgres",severity="ERROR",event_type="postgres The Postgres Database Connection Pool Fails To Establish 28 New Connections Due To Insufficient Resources" value 28 timestamp 1732502299000
system_info_total with labels component="metrics_collector",technology="dynatrace",severity="INFO",event_type="dynatrace The Dynatrace Metrics Collector Experiences 654 Successful Metric Pulls From Targets" value 654 timestamp 1732502299000
system_critical_total with labels component="search_indexer",technology="solr",severity="CRITICAL",event_type="solr The Solr Search Indexer Experiences 2 Indexing Failures Due To Missing Fields" value 2 timestamp 1732502299000
system_critical_total with labels component="session_manager",technology="jwt",severity="CRITICAL",event_type="jwt The JWT Session Manager Discovers 5 Stale Sessions Due To Token Signature Verification Errors" value 5 timestamp 1732502299000
system_error_total with labels component="authentication_service",technology="oauth2",severity="ERROR",event_type="oauth2 The OAuth2 Authentication Service Fails To Validate 41 Client Credentials Due To Expired Tokens" value 41 timestamp 1732502299000
system_warning_total with labels component="session_manager",technology="jwt",severity="WARN",event_type="jwt The JWT Session Manager Discovers 187 Stale Sessions Due To Token Expiration Incompatibilities" value 187 timestamp 1732502299000
system_info_total with labels component="api_gateway",technology="traefik",severity="INFO",event_type="traefik The Traefik API Gateway Configures 542 Routes With No Matched Host" value 542 timestamp 1732502299000
system_info_total with labels component="database_connection_pool",technology="mongodb",severity="INFO",event_type="mongodb The MongoDB Database Connection Pool Experiences 817 Concurrent Connections At Peak Load" value 817 timestamp 1732502299000
system_warning_total with labels component="metrics_collector",technology="grafana",severity="WARN",event_type="grafana The Grafana Metrics Collector Experiences 128 Concurrent Query Errors From Misconfigured Dashboards" value 128 timestamp 1732502299000
system_critical_total with labels component="container_orchestrator",technology="nomad",severity="CRITICAL",event_type="nomad The Nomad Cluster Experiences 3 Unhandled Panic Errors In The Job Scheduler" value 3 timestamp 1732502299000
system_error_total with labels component="authentication_service",technology="okta",severity="ERROR",event_type="okta The Okta Authentication Service Experiences 23 Invalid Client Credentials Due To Expired Token Refresh Tokens" value 23 timestamp 1732502299000
system_critical_total with labels component="database_connection_pool",technology="mongodb",severity="CRITICAL",event_type="mongodb The MongoDB Database Connection Pool Fails To Acquire Lock On Critical Data Structure" value 2 timestamp 1732502299000
system_error_total with labels component="message_queue_consumer",technology="kafka",severity="ERROR",event_type="kafka The Kafka Message Queue Consumer Experiences 43 Failed Deserialization Attempts Due To Mismatched Data Formats" value 43 timestamp 1732502299000
system_critical_total with labels component="container_orchestrator",technology="docker-swarm",severity="CRITICAL",event_type="docker-swarm The Docker Swarm Manager Fails To Communicate With 2 Nodes Due To Missing Service Credentials" value 2 timestamp 1732502299000
system_warning_total with labels component="logging_aggregator",technology="loki",severity="WARN",event_type="loki The Loki Logging Aggregator Fails To Index 117 Log Events In The Last 5 Minutes Due To Insufficient Storage Space" value 117 timestamp 1732502299000
system_info_total with labels component="notification_service",technology="smtp",severity="INFO",event_type="smtp The SMTP Notification Service Successfully Delivered 542 Emails To 23 Recipients Within The Last 10 Minutes" value 542 timestamp 1732502299000
system_error_total with labels component="search_indexer",technology="algolia",severity="ERROR",event_type="algolia The Algolia Search Indexer Fails To Reindex 67 Records In The Last 2 Minutes Due To Network Connectivity Issues" value 67 timestamp 1732502299000
system_critical_total with labels component="metrics_collector",technology="grafana",severity="CRITICAL",event_type="grafana The Grafana Metrics Collector Fails To Poll 9 Metrics Sources Due To An Empty Configuration File" value 9 timestamp 1732502299000
system_error_total with labels component="search_indexer",technology="opensearch",severity="ERROR",event_type="opensearch The OpenSearch Search Indexer Fails To Write 43 Records To The Index Due To Insufficient Disk Space" value 43 timestamp 1732502299000
system_critical_total with labels component="database_connection_pool",technology="postgres",severity="CRITICAL",event_type="postgres The Postgres Database Connection Pool Fails To Establish 2 Connections Due To A Dead Server Error" value 2 timestamp 1732502299000
system_error_total with labels component="metrics_collector",technology="grafana",severity="ERROR",event_type="grafana The Grafana Metrics Collector Fails To Fetch 15 Metrics Data Points Due To A Network Connection Error" value 15 timestamp 1732502299000
system_critical_total with labels component="search_indexer",technology="opensearch",severity="CRITICAL",event_type="opensearch The OpenSearch Search Indexer Experiences 11 Consecutive Failures Writing 1 Record To The Index Due To Index Corruption" value 11 timestamp 1732502299000
system_info_total with labels component="api_gateway",technology="traefik",severity="INFO",event_type="traefik The Traefik API Gateway Logs 817 Successful Connections From The Load Balancer Without Any Errors" value 817 timestamp 1732502299000
system_error_total with labels component="file_storage_handler",technology="azure-blob",severity="ERROR",event_type="azure-blob The Azure Blob Storage Handler Fails To Download 23 Records Due To A Permission Error On The Container" value 23 timestamp 1732502299000
system_warning_total with labels component="load_balancer",technology="azure-lb",severity="WARN",event_type="azure-lb The Azure Load Balancer Logs 189 Connections That Were Rerouted To An Unhealthy Backend Server Due To A Probe Failure" value 189 timestamp 1732502299000
system_critical_total with labels component="session_manager",technology="hazelcast",severity="CRITICAL",event_type="hazelcast The Hazelcast Session Manager Experiences 7 Consecutive Failures Initializing 1 Session Due To A Node Not Responding" value 7 timestamp 1732502299000
system_error_total with labels component="authentication_service",technology="oauth2",severity="ERROR",event_type="oauth2 The OAuth2 Service Logs 31 Authentication Failures Due To An Invalid Client ID Being Provided In The Authorization Request" value 31 timestamp 1732502299000
system_critical_total with labels component="database_connection_pool",technology="mongodb",severity="CRITICAL",event_type="mongodb The MongoDB Connection Pool Fails To Acquire A Connection 4 Times Within A 1-Minute Window Due To Insufficient Available Hosts" value 4 timestamp 1732502299000
system_error_total with labels component="search_indexer",technology="algolia",severity="ERROR",event_type="algolia The Algolia Search Indexer Logs 46 Errors Indexing 27 Documents Due To An Indexing Thread Being Deadlocked By A Lock Held By The Data Retriever Service" value 46 timestamp 1732502299000
system_warning_total with labels component="payment_processor",technology="stripe",severity="WARN",event_type="stripe The Stripe Payment Processor Logs 192 Invalid Payment Attempts Due To Insufficient Funds In A Single Hour" value 192 timestamp 1732502299000
system_critical_total with labels component="database_connection_pool",technology="mysql",severity="CRITICAL",event_type="mysql The MySQL Connection Pool Experiences 9 Consecutive Failures Due To A Table Being In An Inconsistent Lock State" value 9 timestamp 1732502299000
system_error_total with labels component="payment_processor",technology="braintree",severity="ERROR",event_type="braintree The Braintree Payment Processor Logs 13 Errors Processing 7 Payments Due To An Invalid Credit Card Number" value 13 timestamp 1732502299000
system_info_total with labels component="notification_service",technology="firebase",severity="INFO",event_type="firebase The Firebase Notification Service Successfully Sent 817 Notifications To 123 Recipients Within The Past Hour" value 817 timestamp 1732502299000
system_critical_total with labels component="authentication_service",technology="jwt",severity="CRITICAL",event_type="jwt The JWT Authentication Service Logs 2 Consecutive Failures Due To An Expired Token Being Passed Through The Authentication Process" value 2 timestamp 1732502299000
system_warning_total with labels component="cache_manager",technology="memcached",severity="WARN",event_type="memcached The Memcached Cache Manager Logs 278 Evictions Of Expired Cache Entries In The Past 10 Minutes" value 278 timestamp 1732502299000
system_error_total with labels component="container_orchestrator",technology="aks",severity="ERROR",event_type="aks The AKS Container Orchestrator Logs 42 Failures Of Container Restart Due To Insufficient Resource Requests In The Past Hour" value 42 timestamp 1732502299000
system_info_total with labels component="file_storage_handler",technology="nfs",severity="INFO",event_type="nfs The NFS File Storage Handler Successfully Migrated 342 GB Of File Data To The New Storage Location In The Past 2 Hours" value 342 timestamp 1732502299000
system_critical_total with labels component="service_mesh",technology="envoy",severity="CRITICAL",event_type="envoy The Envoy Service Mesh Logs 9 Consecutive Failed DNS Lookups In The Past 5 Minutes Due To DNS Resolution Issues" value 9 timestamp 1732502299000
system_error_total with labels component="search_indexer",technology="opensearch",severity="ERROR",event_type="opensearch The OpenSearch Indexer Logs 19 Failures Of Indexing 1000 New Documents Due To Insufficient Disk Space In The Past 30 Minutes" value 19 timestamp 1732502299000
system_warning_total with labels component="message_queue_consumer",technology="aws-sqs",severity="WARN",event_type="aws-sqs The AWS SQS Message Queue Consumer Logs 127 Consecutive Failures Of Message Processing Due To High CPU Utilization In The Past 10 Minutes" value 127 timestamp 1732502299000
system_critical_total with labels component="payment_processor",technology="square",severity="CRITICAL",event_type="square The Square Payment Processor Logs 3 Consecutive Failures Of Payment Processing Due To Insufficient Funds In The Past 2 Minutes" value 3 timestamp 1732502299000
system_info_total with labels component="metrics_collector",technology="datadog",severity="INFO",event_type="datadog The Datadog Metrics Collector Successfully Imported 817 New Metric Data Points In The Past 45 Minutes" value 817 timestamp 1732502299000
system_error_total with labels component="file_storage_handler",technology="gcs",severity="ERROR",event_type="gcs The GCS File Storage Handler Logs 32 Failures Of Object Upload Due To Insufficient Disk Space In The Past 20 Minutes" value 32 timestamp 1732502299000
system_critical_total with labels component="notification_service",technology="smtp",severity="CRITICAL",event_type="smtp The SMTP Notification Service Logs 2 Consecutive Failures Of Email Notification Due To Invalid SMTP Credentials" value 2 timestamp 1732502299000
system_warning_total with labels component="message_queue_consumer",technology="activemq",severity="WARN",event_type="activemq The Activemq Message Queue Consumer Logs 175 Consecutive Failures Of Message Processing Due To High Memory Utilization In The Past 30 Minutes" value 175 timestamp 1732502299000
system_error_total with labels component="database_connection_pool",technology="postgres",severity="ERROR",event_type="postgres The Postgres Database Connection Pool Logs 48 Failures Of Connection Attempt Due To Insufficient Available Connection Pools In The Past 40 Minutes" value 48 timestamp 1732502299000
system_critical_total with labels component="search_indexer",technology="solr",severity="CRITICAL",event_type="solr The Solr Search Indexer Logs 7 Consecutive Failures Of Indexing Due To Missing Index Mapping In The Past 25 Minutes" value 7 timestamp 1732502299000
system_info_total with labels component="metrics_collector",technology="dynatrace",severity="INFO",event_type="dynatrace The Dynatrace Metrics Collector Logs 512 Successful Collection Of Metrics From 100 Monitored Applications In The Past 1 Hour" value 512 timestamp 1732502299000
system_error_total with labels component="message_queue_consumer",technology="aws-sqs",severity="ERROR",event_type="aws-sqs The AWS SQS Message Queue Consumer Logs 23 Failures Of Message Dequeue Due To Expiration Of Message In The Past 45 Minutes" value 23 timestamp 1732502299000
system_critical_total with labels component="message_queue_consumer",technology="rabbitmq",severity="CRITICAL",event_type="rabbitmq The RabbitMQ Message Queue Consumer Logs 3 Consecutive Failures Of Message Acknowledgment Due To Queue Depletion In The Past 20 Minutes" value 3 timestamp 1732502299000
system_warning_total with labels component="logging_aggregator",technology="fluentd",severity="WARN",event_type="fluentd The Fluentd Logging Aggregator Logs 167 High Memory Usage Of 85% Due To Insufficient Memory Allocation In The Past 30 Minutes" value 167 timestamp 1732502299000
system_critical_total with labels component="container_orchestrator",technology="nomad",severity="CRITICAL",event_type="nomad The Nomad Container Orchestrator Logs 2 Consecutive Failures Of Job Reconciliation Due To Incorrect Job Configuration In The Past 40 Minutes" value 2 timestamp 1732502299000
system_error_total with labels component="service_mesh",technology="linkerd",severity="ERROR",event_type="linkerd The Linkerd Service Mesh Logs 41 Failures Of Service Registration Due To Incompatible Service Protocol In The Past 1 Hour" value 41 timestamp 1732502299000
system_info_total with labels component="metrics_collector",technology="datadog",severity="INFO",event_type="datadog The Datadog Metrics Collector Logs 219 Successful Metrics Flushes In The Past 45 Minutes" value 219 timestamp 1732502299000
system_warning_total with labels component="load_balancer",technology="azure-lb",severity="WARN",event_type="azure-lb The Azure Load Balancer Logs 142 High CPU Utilization Of 70% Due To Increased Request Traffic In The Past 10 Minutes" value 142 timestamp 1732502299000
system_error_total with labels component="search_indexer",technology="opensearch",severity="ERROR",event_type="opensearch The OpenSearch Search Indexer Logs 37 Failures Of Indexing Due To Insufficient Disk Space In The Past 30 Minutes" value 37 timestamp 1732502299000
system_critical_total with labels component="payment_processor",technology="paypal",severity="CRITICAL",event_type="paypal The PayPal Payment Processor Logs 9 Repeated Authentication Failures Due To Expiring Paypay Token In The Past 20 Minutes" value 9 timestamp 1732502299000
system_info_total with labels component="metrics_collector",technology="dynatrace",severity="INFO",event_type="dynatrace The Dynatrace Metrics Collector Logs 187 Successful Metric Flushes In The Past 1 Hour 12 Minutes" value 187 timestamp 1732502299000
system_error_total with labels component="authentication_service",technology="okta",severity="ERROR",event_type="okta The Okta Authentication Service Logs 23 Failed Login Attempts Due To Incorrect Credentials In The Past 15 Minutes" value 23 timestamp 1732502299000
system_critical_total with labels component="file_storage_handler",technology="nfs",severity="CRITICAL",event_type="nfs The NFS File Storage Handler Logs 1 Volume Not Available Due To File System Error In The Past 10 Minutes" value 1 timestamp 1732502299000
system_warning_total with labels component="load_balancer",technology="nginx",severity="WARN",event_type="nginx The NGINX Load Balancer Logs 91 High CPU Utilization Due To Inefficient Server Configuration In The Past 45 Minutes" value 91 timestamp 1732502299000
system_info_total with labels component="notification_service",technology="firebase",severity="INFO",event_type="firebase The Firebase Notification Service Logs 421 Successful Notifications Sent In The Past 2 Hours 30 Minutes" value 421 timestamp 1732502299000
system_error_total with labels component="api_gateway",technology="kong",severity="ERROR",event_type="kong The Kong API Gateway Logs 43 Failed Rate Limit Exceeded Requests From IP 192.168.1.100 In The Past 20 Minutes" value 43 timestamp 1732502299000
system_critical_total with labels component="metrics_collector",technology="grafana",severity="CRITICAL",event_type="grafana The Grafana Metrics Collector Logs 2 Failed Data Ingestion Attempts Due To Invalid Metrics Format In The Past 15 Minutes" value 2 timestamp 1732502299000
system_info_total with labels component="metrics_collector",technology="grafana",severity="INFO",event_type="grafana The Grafana Metrics Collector Logs 817 Successful Data Ingestion Attempts From 10 Different Metrics Sources In The Past 1 Hour 30 Minutes" value 817 timestamp 1732502299000
system_warning_total with labels component="service_mesh",technology="kuma",severity="WARN",event_type="kuma The Kuma Service Mesh Logs 125 Increased Number Of Unintended Service Calls Between Microservices In The Past 45 Minutes" value 125 timestamp 1732502299000
system_error_total with labels component="file_storage_handler",technology="s3",severity="ERROR",event_type="s3 The S3 File Storage Handler Logs 17 Failed File Upload Attempts Due To Insufficient Disk Space In The Past 1 Hour" value 17 timestamp 1732502299000
system_critical_total with labels component="file_storage_handler",technology="minio",severity="CRITICAL",event_type="minio The Minio File Storage Handler Logs 1 Unexpected Object Deletion Due To Incorrect Bucket Permissions In The Past 5 Minutes" value 1 timestamp 1732502299000
system_error_total with labels component="payment_processor",technology="square",severity="ERROR",event_type="square The Square Payment Processor Logs 23 Failed Credit Card Transactions Due To Expiration Dates In The Past 30 Minutes" value 23 timestamp 1732502299000
system_info_total with labels component="metrics_collector",technology="newrelic",severity="INFO",event_type="newrelic The New Relic Metrics Collector Logs 642 Successful API Request Metrics Ingestion From 20 Different Services In The Past 2 Hours" value 642 timestamp 1732502299000
system_critical_total with labels component="message_queue_consumer",technology="aws-sqs",severity="CRITICAL",event_type="aws-sqs The AWS SQS Message Queue Consumer Logs 2 Unexpected Queue Empty Errors Due To Inconsistent Number Of Message Arrivals In The Past 10 Minutes" value 2 timestamp 1732502299000
system_warning_total with labels component="notification_service",technology="ses",severity="WARN",event_type="ses The SES Notification Service Logs 97 High Latency Errors Due To Inadequate DNS Configuration For Email Delivery In The Past 1 Hour" value 97 timestamp 1732502299000
system_error_total with labels component="load_balancer",technology="traefik",severity="ERROR",event_type="traefik The Traefik Load Balancer Logs 15 Failed Service Discoveries Due To Inconsistent Service Metadata In The Past 20 Minutes" value 15 timestamp 1732502299000
system_critical_total with labels component="database_connection_pool",technology="mariadb",severity="CRITICAL",event_type="mariadb The MariaDB Database Connection Pool Logs 4 Database Connection Refused Errors Due To Insufficient Resources In The Past 15 Minutes" value 4 timestamp 1732502299000
system_warning_total with labels component="cache_manager",technology="memcached",severity="WARN",event_type="memcached The Memcached Cache Manager Logs 123 Cache Misses Due To Expiring Keys In The Past 10 Minutes" value 123 timestamp 1732502299000
system_info_total with labels component="cache_manager",technology="ehcache",severity="INFO",event_type="ehcache The EHCache Cache Manager Logs 987 Cache Hits Due To Optimized Cache Configuration In The Past 1 Hour" value 987 timestamp 1732502299000
system_error_total with labels component="load_balancer",technology="nginx",severity="ERROR",event_type="nginx The Nginx Load Balancer Logs 28 Client Request Timed Out Errors Due To Insufficient Backend Server Resources In The Past 30 Minutes" value 28 timestamp 1732502299000
system_critical_total with labels component="cache_manager",technology="redis",severity="CRITICAL",event_type="redis The Redis Cache Manager Logs 2 Redis Connection Lost Due To Insufficient Memory In The Past 2 Minutes" value 2 timestamp 1732502299000
system_info_total with labels component="session_manager",technology="redis",severity="INFO",event_type="redis The Redis Session Manager Logs 542 Redis Key Expired Events Due To Session Expiration Interval Configuration In The Past 1 Hour" value 542 timestamp 1732502299000
system_error_total with labels component="database_connection_pool",technology="oracle",severity="ERROR",event_type="oracle The Oracle Database Connection Pool Logs 12 Invalid Credentials Raised For Database Connection Establishment In The Past 45 Minutes" value 12 timestamp 1732502299000
system_critical_total with labels component="search_indexer",technology="elasticsearch",severity="CRITICAL",event_type="elasticsearch The Elasticsearch Search Indexer Logs 3 Index Mapping Conflicts Raised Due To Differing Field Types In The Past 10 Minutes" value 3 timestamp 1732502299000
system_warning_total with labels component="notification_service",technology="twilio",severity="WARN",event_type="twilio The Twilio Notification Service Logs 67 Invalid Phone Number Provided For SMS Notification In The Past 15 Minutes" value 67 timestamp 1732502299000
system_info_total with labels component="service_mesh",technology="istio",severity="INFO",event_type="istio The Istio Service Mesh Logs 982 Service Mesh Traffic Redirected To Sidecar Proxy In The Past 30 Minutes" value 982 timestamp 1732502299000
system_error_total with labels component="logging_aggregator",technology="loki",severity="ERROR",event_type="loki The Loki Logging Aggregator Logs 23 Invalid Log Data Received From Source In The Past 20 Minutes" value 23 timestamp 1732502299000
system_critical_total with labels component="search_indexer",technology="algolia",severity="CRITICAL",event_type="algolia The Algolia Search Indexer Logs 2 Missing Index Field Values Raised For Search Results In The Past 5 Minutes" value 2 timestamp 1732502299000
system_critical_total with labels component="database_connection_pool",technology="postgres",severity="CRITICAL",event_type="postgres The Postgres Database Connection Pool Logs 1 Pool Connection Exceeded Due To Insufficient Pool Size Raised In The Past 1 Minutes" value 1 timestamp 1732502299000
system_critical_total with labels component="message_queue_consumer",technology="azure-servicebus",severity="CRITICAL",event_type="azure-servicebus The Azure Service Bus Message Queue Consumer Logs 3 Unexpected Message Queue Dead Letter Raises Due To Invalid Message Format In The Past 10 Minutes" value 3 timestamp 1732502299000
system_error_total with labels component="search_indexer",technology="solr",severity="ERROR",event_type="solr The Solr Search Indexer Logs 14 Incorrect Core State Raised For Index Refresh In The Past 15 Minutes" value 14 timestamp 1732502299000
system_error_total with labels component="load_balancer",technology="aws-elb",severity="ERROR",event_type="aws-elb The AWS ELB Load Balancer Logs 31 Unexpected Backend Instance Is Unhealthy Raised Due To Invalid Health Check Request In The Past 30 Minutes" value 31 timestamp 1732502299000
system_warning_total with labels component="notification_service",technology="firebase",severity="WARN",event_type="firebase The Firebase Notification Service Logs 187 Unexpected Unread Message Raises Due To Invalid User Token Format In The Past 45 Minutes" value 187 timestamp 1732502299000
system_warning_total with labels component="load_balancer",technology="azure-lb",severity="WARN",event_type="azure-lb The Azure Load Balancer Logs 93 Backend Server Is Unhealthy Due To Sudden Increase In CPU Usage In The Past 20 Minutes" value 93 timestamp 1732502299000
system_info_total with labels component="file_storage_handler",technology="nfs",severity="INFO",event_type="nfs The NFS File Storage Handler Logs 847 Successful File Write Operations Completed In The Past Hour" value 847 timestamp 1732502299000
system_critical_total with labels component="container_orchestrator",technology="aks",severity="CRITICAL",event_type="aks The AKS Container Orchestrator Logs 3 Unexpected Container Crash Due To Insufficient Memory Allocation In The Past 5 Minutes" value 3 timestamp 1732502299000
system_error_total with labels component="database_connection_pool",technology="oracle",severity="ERROR",event_type="oracle The Oracle Database Connection Pool Logs 46 Unexpected Excessive Wait On Rows Due To Stale Query Plans In The Past 45 Minutes" value 46 timestamp 1732502299000
system_critical_total with labels component="search_indexer",technology="meilisearch",severity="CRITICAL",event_type="meilisearch The Meilisearch Search Indexer Logs 2 Unexpected Downtime Due To Misconfigured Index Mapping Rules In The Past 10 Minutes" value 2 timestamp 1732502299000
system_warning_total with labels component="service_mesh",technology="istio",severity="WARN",event_type="istio The Istio Service Mesh Logs 112 Sudden Increase In Service Mesh Misconfigured Sidecar Traffic Between Insecure Services In The Past 20 Minutes" value 112 timestamp 1732502299000
system_error_total with labels component="service_mesh",technology="envoy",severity="ERROR",event_type="envoy The Envoy Service Mesh Logs 35 Unexpected Route Configuration Inconsistencies Between Envoy Configurations And Existing Service Mesh Infrastructure In The Past 30 Minutes" value 35 timestamp 1732502299000
system_info_total with labels component="notification_service",technology="firebase",severity="INFO",event_type="firebase The Firebase Notification Service Logs 502 Successful Delivery Notifications For 123 Users In The Past 10 Minutes" value 502 timestamp 1732502299000
system_critical_total with labels component="authentication_service",technology="okta",severity="CRITICAL",event_type="okta The Okta Authentication Service Logs 2 Unexpected SAML Sign-On Errors Due To Insufficient Session Expiration Configuration In The Past 5 Minutes" value 2 timestamp 1732502299000
system_error_total with labels component="metrics_collector",technology="dynatrace",severity="ERROR",event_type="dynatrace The Dynatrace Metrics Collector Logs 27 Inconsistent Metric Sampling Rates Due To Incorrect Host Monitoring Configuration In The Past 45 Minutes" value 27 timestamp 1732502299000
system_warning_total with labels component="api_gateway",technology="nginx",severity="WARN",event_type="nginx The Nginx API Gateway Logs 187 Unexpected 502 Bad Gateway Errors Due To Inadequate Connection Pool Configuration In The Past 1 Hour" value 187 timestamp 1732502299000
system_info_total with labels component="cache_manager",technology="ehcache",severity="INFO",event_type="ehcache The Ehcache Cache Manager Logs 219 Successful Cache Refresh Operations For The Cache Cluster In The Past 30 Minutes" value 219 timestamp 1732502299000
system_warning_total with labels component="cache_manager",technology="redis",severity="WARN",event_type="redis The Redis Cache Manager Logs 134 High Memory Usage Alerts Due To Insufficient Cache Size Configuration In The Past 20 Minutes" value 134 timestamp 1732502299000
system_critical_total with labels component="metrics_collector",technology="prometheus",severity="CRITICAL",event_type="prometheus The Prometheus Metrics Collector Logs 4 Unexpected Invalid Rule Definitions Due To Incorrect Data Type Mappings In The Past 10 Minutes" value 4 timestamp 1732502299000
system_error_total with labels component="database_connection_pool",technology="mariadb",severity="ERROR",event_type="mariadb The MariaDB Database Connection Pool Logs 32 Connection Refused Errors Due To Incorrect Hostname Resolution In The Past 1 Hour" value 32 timestamp 1732502299000
system_info_total with labels component="logging_aggregator",technology="fluentd",severity="INFO",event_type="fluentd The Fluentd Logging Aggregator Logs 542 SuccessfullyParsed log Events From Various Sources In The Past 45 Minutes" value 542 timestamp 1732502299000
system_critical_total with labels component="payment_processor",technology="adyen",severity="CRITICAL",event_type="adyen The Adyen Payment Processor Logs 2 Failed Merchant Payments Due To Insufficient Funds In The Past 5 Minutes" value 2 timestamp 1732502299000
system_warning_total with labels component="authentication_service",technology="keycloak",severity="WARN",event_type="keycloak The Keycloak Authentication Service Logs 187 Password Reset Requests From Unauthorised Users In The Past 30 Minutes" value 187 timestamp 1732502299000
system_error_total with labels component="api_gateway",technology="traefik",severity="ERROR",event_type="traefik The Traefik API Gateway Logs 23 Failed Requests To The /healthcheck Endpoint Due To Incompatible HTTP Methods" value 23 timestamp 1732502299000
system_critical_total with labels component="database_connection_pool",technology="mariadb",severity="CRITICAL",event_type="mariadb The MariaDB Database Connection Pool Logs 1 Connection Refused Due To Invalid Username And Password" value 1 timestamp 1732502299000
system_info_total with labels component="search_indexer",technology="opensearch",severity="INFO",event_type="opensearch The OpenSearch Search Indexer Logs 542 Documents Successfully Indexed From The Past 45 Minutes In The Ephemeral Index" value 542 timestamp 1732502299000
system_error_total with labels component="service_mesh",technology="kuma",severity="ERROR",event_type="kuma The Kuma Service Mesh Logs 35 Failed Service Ingresses From The Past 10 Minutes Due To Invalid Service Definition" value 35 timestamp 1732502299000
system_warning_total with labels component="authentication_service",technology="okta",severity="WARN",event_type="okta The Okta Authentication Service Logs 117 Authentication Failures Due To Weak Passwords In The Past 30 Minutes" value 117 timestamp 1732502299000
system_critical_total with labels component="notification_service",technology="twilio",severity="CRITICAL",event_type="twilio The Twilio Notification Service Logs 2 Failed SMS Deliveries Due To Insufficient Twilio Credits" value 2 timestamp 1732502299000
system_error_total with labels component="authentication_service",technology="okta",severity="ERROR",event_type="okta The Okta Authentication Service Logs 43 Failed Authentication Attempts Due To Invalid Credentials" value 43 timestamp 1732502299000
system_warning_total with labels component="logging_aggregator",technology="elasticsearch",severity="WARN",event_type="elasticsearch The Elasticsearch Logging Aggregator Logs 234 Log Entries With Invalid Log Format In The Past 20 Minutes" value 234 timestamp 1732502299000
system_info_total with labels component="authentication_service",technology="auth0",severity="INFO",event_type="auth0 The Auth0 Authentication Service Logs 857 Successful Authentication Attempts Using The Auth0 SDK In The Past Hour" value 857 timestamp 1732502299000
system_error_total with labels component="authentication_service",technology="oauth2",severity="ERROR",event_type="oauth2 The OAuth2 Authentication Service Logs 17 Failed Client Registration Attempts Due To Inconsistent Client Credentials" value 17 timestamp 1732502299000
system_error_total with labels component="authentication_service",technology="oauth2",severity="ERROR",event_type="oauth2 The OAuth2 Authentication Service Logs 32 Invalid Refresh Token Issued For User 1234" value 32 timestamp 1732502299000
system_critical_total with labels component="session_manager",technology="redis",severity="CRITICAL",event_type="redis The Redis Session Store Logs 2 Failed Session Initialization Attempts Due To Insufficient Available Memory" value 2 timestamp 1732502299000
system_error_total with labels component="container_orchestrator",technology="ecs",severity="ERROR",event_type="ecs The ECS Container Orchestration Service Logs 8 Failed Launch Attempts For Task 1234 Due To Inadequate Resources" value 8 timestamp 1732502299000
system_warning_total with labels component="session_manager",technology="hazelcast",severity="WARN",event_type="hazelcast The Hazelcast In-Memory Data Store Logs 145 Increased Memory Usage For Session Data Due To High Concurrent Access" value 145 timestamp 1732502299000
system_info_total with labels component="cache_manager",technology="hazelcast",severity="INFO",event_type="hazelcast The Hazelcast In-Memory Data Store Logs 523 Cache Data Evicted Due To Expiration Threshold Being Reached For The Default Configuration" value 523 timestamp 1732502299000
system_critical_total with labels component="service_mesh",technology="consul",severity="CRITICAL",event_type="consul The Consul Service Mesh Logs 1 Service Discovery Failure For Service 1234 Due To Unreachable Host 10.0.0.1" value 1 timestamp 1732502299000
system_warning_total with labels component="cache_manager",technology="redis",severity="WARN",event_type="redis The Redis Cache Logs 187 High Memory Usage For Cached Data Due To Insufficient Garbage Collection Intervals" value 187 timestamp 1732502299000
system_error_total with labels component="session_manager",technology="infinispan",severity="ERROR",event_type="infinispan The Infinispan Cache Logs 32 Connection Timeout For Cache Client 5678 Due To Inadequate Cache Configuration" value 32 timestamp 1732502299000
system_info_total with labels component="logging_aggregator",technology="splunk",severity="INFO",event_type="splunk The Splunk Indexer Logs 943 Successful Log Data ingestion For App 1234 From Source 10.0.0.2" value 943 timestamp 1732502299000
system_critical_total with labels component="authentication_service",technology="keycloak",severity="CRITICAL",event_type="keycloak The Keycloak Identity Service Logs 4 Security Breach Detection For User 6789 Due To Weak Authentication Credentials" value 4 timestamp 1732502299000
system_error_total with labels component="database_connection_pool",technology="oracle",severity="ERROR",event_type="oracle The Oracle Database Logs 43 Connection Timed Out For Idle Connections Due To Inadequate Pooling Configuration" value 43 timestamp 1732502299000
system_warning_total with labels component="cache_manager",technology="redis",severity="WARN",event_type="redis The Redis Cache Logs 139 High Memory Usage For Cached Data Due To Insufficient Garbage Collection Intervals And Incorrect Eviction Policies" value 139 timestamp 1732502299000
system_critical_total with labels component="session_manager",technology="infinispan",severity="CRITICAL",event_type="infinispan The Infinispan Cache Logs 12 Data Corruption Detected For Session Data Due To Synchronization Issues With The Database" value 12 timestamp 1732502299000
system_error_total with labels component="api_gateway",technology="envoy",severity="ERROR",event_type="envoy The Envoy Proxy Logs 28 Slow API Requests Due To Insufficient Route Selection Policies And Inadequate Circuit Breaker Configuration" value 28 timestamp 1732502299000
system_info_total with labels component="notification_service",technology="sendgrid",severity="INFO",event_type="sendgrid The SendGrid Notification Logs 523 Email Delivery Failures For Newsletter Subscriptions Due To Incorrect Email Addresses" value 523 timestamp 1732502299000
system_critical_total with labels component="search_indexer",technology="opensearch",severity="CRITICAL",event_type="opensearch The OpenSearch Indexer Logs 3 Data Corruption Detected For Index Data Due To Uncommitted Transactions" value 3 timestamp 1732502299000
system_error_total with labels component="search_indexer",technology="meilisearch",severity="ERROR",event_type="meilisearch The MeiliSearch Indexer Logs 41 Slow Index Operations Due To Insufficient Cluster Configuration And Incorrect Data Types" value 41 timestamp 1732502299000
system_warning_total with labels component="container_orchestrator",technology="nomad",severity="WARN",event_type="nomad The Nomad Executor Logs 187 Job Reboot Failures Due To Inadequate Resource Allocation And Scheduling Conflicts" value 187 timestamp 1732502299000
system_info_total with labels component="load_balancer",technology="haproxy",severity="INFO",event_type="haproxy The Haproxy Load Balancer Logs 654 Successful Frontend Connections Established Within The Last 5 Minutes" value 654 timestamp 1732502299000
system_critical_total with labels component="search_indexer",technology="elasticsearch",severity="CRITICAL",event_type="elasticsearch The Elasticsearch Indexer Logs 2 Index Corruption Detected Due To Uncommitted Writes And Inadequate Disk Space" value 2 timestamp 1732502299000
system_error_total with labels component="container_orchestrator",technology="kubernetes",severity="ERROR",event_type="kubernetes The Kubernetes Scheduler Logs 13 Failed Pod Creation Attempts Due To Insufficient CPU Resources And Network Connectivity Issues" value 13 timestamp 1732502299000
system_warning_total with labels component="message_queue_consumer",technology="rabbitmq",severity="WARN",event_type="rabbitmq The RabbitMQ Consumer Logs 92 Consumed Messages With Invalid Payload Formats Due To Inadequate Message Validation And Routing Configuration" value 92 timestamp 1732502299000
system_critical_total with labels component="api_gateway",technology="traefik",severity="CRITICAL",event_type="traefik The Traefik Ingress Controller Logs 3 Unhandled Requests Due To Misconfigured Route Rules And Insufficient Route Filtering" value 3 timestamp 1732502299000
system_error_total with labels component="file_storage_handler",technology="s3",severity="ERROR",event_type="s3 The S3 Object Store Logs 17 Failed Object Uploads Due To Insufficient Storage Permissions And Inconsistent Bucket Policies" value 17 timestamp 1732502299000
system_info_total with labels component="metrics_collector",technology="datadog",severity="INFO",event_type="datadog The Datadog Monitoring Agent Logs 542 Successfully Collected Metrics From 137 Service Instances With Corrected Configuration And Updated Dashboards" value 542 timestamp 1732502299000
system_critical_total with labels component="message_queue_consumer",technology="azure-servicebus",severity="CRITICAL",event_type="azure-servicebus The Azure Service Bus Consumer Logs 2 Unhandled Exceptions Due To Inadequate Exception Handling And Insufficient Retry Policies" value 2 timestamp 1732502299000
system_warning_total with labels component="message_queue_consumer",technology="activemq",severity="WARN",event_type="activemq The ActiveMQ Broker Logs 187 Failed Connections Due To Insufficient Broker Configuration And Inconsistent Network Topology" value 187 timestamp 1732502299000
system_info_total with labels component="load_balancer",technology="traefik",severity="INFO",event_type="traefik The Traefik Ingress Controller Logs 219 Successfully Terminate All Active Connections After Detecting A Potential Security Vulnerability In One Of The Target Servers" value 219 timestamp 1732502299000
system_error_total with labels component="session_manager",technology="infinispan",severity="ERROR",event_type="infinispan The Infinispan Cache Logs 38 Failed Transactions Due To Inconsistent Cache Configuration And Insufficient Lock Acquisition Strategies" value 38 timestamp 1732502299000
system_critical_total with labels component="logging_aggregator",technology="elasticsearch",severity="CRITICAL",event_type="elasticsearch The Elasticsearch Search Server Logs 5 Indexing Failures Due To Overwhelming Data Volume And Insufficient CPU Resources" value 5 timestamp 1732502299000
system_error_total with labels component="load_balancer",technology="traefik",severity="ERROR",event_type="traefik The Traefik Ingress Controller Logs 14 Service Unavailability Due To DNS Resolution Failure For One Of The Target Servers" value 14 timestamp 1732502299000
system_warning_total with labels component="session_manager",technology="redis",severity="WARN",event_type="redis The Redis Cache Logs 102 Expired Connections Due To Inadequate Session Timeouts And Inconsistent Key Expiration Policies" value 102 timestamp 1732502299000
system_info_total with labels component="search_indexer",technology="opensearch",severity="INFO",event_type="opensearch The OpenSearch Indexer Logs 421 Successfully Retrieved Historical Data From The Archive Index For Analysis" value 421 timestamp 1732502299000
system_critical_total with labels component="service_mesh",technology="envoy",severity="CRITICAL",event_type="envoy The Envoy Proxy Logs 2 Failed Route Resolution Due To DNS Resolution Failure For One Of The Service Instances" value 2 timestamp 1732502299000
system_error_total with labels component="payment_processor",technology="braintree",severity="ERROR",event_type="braintree The Braintree Gateway Logs 37 Invalid Card Numbers During The Transaction Processing Cycle Due To Inadequate Validation Steps" value 37 timestamp 1732502299000
